fecha,lote_id,finca_id,especie,variedad,tipo_cultivo,fecha_siembra,edad_dias,area_ha,densidad_plantas_ha,ciclo_objetivo_dias,sistema_riego,sustrato,estado_fenologico,capacidad_instalada_tallos_dia,rendimiento_base_tallos_ha_sem,porcentaje_exportable_objetivo,temp_media_c,temp_max_c,temp_min_c,humedad_relativa_pct,radiacion_mj_m2,lluvia_mm,vpd_kpa,horas_luz,nubosidad_pct,mano_obra_disponible,mano_obra_requerida,horas_corte,horas_empaque,disponibilidad_camara_frio_pct,fertilizacion_nivel,aplicacion_fitosanitaria,incidencia_plaga_pct,incidencia_enfermedad_pct,merma_poscosecha_pct,retraso_logistico_horas,pedido_id,fecha_pedido,fecha_entrega,cliente_id,tipo_cliente,pais_destino,canal,tallos_solicitados,tallos_confirmados,precio_unitario,descuento_pct,prioridad_cliente,lead_time_dias,cancelado,produccion_estimadaa_tallos,produccion_exportable_tallos,cumplimiento_pedido_pct,gap_demanda_oferta,riesgo_quiebre,riesgo_sobreproduccion,margen_bruto_estimado,score_calidad_lote,probabilidad_cancelacion,forecast_error_historico
2025-04-13,FIN-03-L008,FIN-03,Clavel,Bizet,Invernadero,2025-01-19,84,1.15,78478,90,Microaspersión,Coco,Vegetativo,7474,105000,0.88,19.8,23.9,12.9,79.7,14.1,2.0,0.44,11.9,45.6,9,26,15.7,6.8,82.1,Medio,1,5.0,1.5,10.2,17,PED-00001,2025-03-30,2025-04-18,CLI-090,Broker,Chile,Marketplace,3657,3657,0.286,5,Baja,14,0,8676,7238,100.0,3581,Bajo,Alto,592.21,69.9,0.205,0.051
2025-02-13,FIN-04-L014,FIN-04,Gypsophila,New Love,Campo abierto,2024-11-14,91,1.36,90421,75,Goteo,Cascarilla,Botón,8840,78000,0.88,12.6,19.2,5.7,76.7,18.6,3.6,0.32,11.8,30.0,14,21,18.1,9.8,90.3,Alto,1,27.2,15.0,17.3,10,PED-00002,2024-12-30,2025-02-16,CLI-029,Exportador,Canadá,Contrato,9475,2634,0.249,2,Media,45,0,5065,2901,27.8,-6574,Alto,Bajo,428.08,5.7,0.45,-0.088
2025-02-05,FIN-03-L051,FIN-03,Gypsophila,Xlence,Invernadero,2024-11-02,95,0.44,101776,75,Goteo,Coco,Cosecha,2860,78000,0.88,17.2,25.2,12.6,73.0,19.9,0.0,0.51,12.0,49.1,25,5,5.6,3.6,83.4,Medio,1,24.7,13.7,13.4,10,PED-00003,2025-01-06,2025-02-08,CLI-112,Mayorista,Estados Unidos,Preventa,4442,1115,0.24,5,Media,30,1,2357,1430,25.1,-3012,Alto,Bajo,154.6,17.6,0.45,0.151
2025-05-24,FIN-02-L016,FIN-02,Clavel,Bizet,Invernadero,2025-02-04,109,0.25,91092,90,Goteo,Suelo,Cosecha,1625,105000,0.88,16.5,21.6,10.6,68.3,18.1,0.0,0.58,11.8,38.9,33,4,3.1,2.9,71.5,Bajo,1,20.0,17.7,15.1,13,PED-00004,2025-05-17,2025-05-25,CLI-030,Exportador,Países Bajos,Spot,7143,697,0.287,5,Alta,7,0,1178,688,9.8,-6455,Alto,Bajo,116.5,11.6,0.225,0.144
2025-02-07,FIN-02-L008,FIN-02,Gypsophila,Xlence,Invernadero,2024-11-24,75,1.2,89665,75,Microaspersión,Coco,Cosecha,7800,78000,0.88,19.6,26.5,14.1,78.3,12.6,0.0,0.47,12.3,58.4,33,22,16.3,13.3,82.9,Medio,0,18.1,13.0,12.8,14,PED-00005,2025-01-24,2025-02-12,CLI-092,Supermercado,España,Contrato,3706,2239,0.201,2,Alta,14,1,4555,2979,60.4,-727,Alto,Bajo,228.59,29.0,0.304,0.058
2025-12-20,FIN-03-L022,FIN-03,Rosa,Mondial,Invernadero,2025-09-03,108,0.71,65973,105,Goteo,Suelo,Botón,4615,85000,0.88,17.2,22.8,10.7,53.2,20.8,0.5,0.89,12.7,26.0,27,13,10.8,5.8,79.4,Bajo,1,10.6,5.4,8.5,4,PED-00006,2025-12-13,2025-12-22,CLI-023,Retail,España,Contrato,3306,3306,0.403,0,Alta,7,1,6388,4941,100.0,1635,Bajo,Alto,670.22,59.1,0.11,-0.021
2025-09-07,FIN-04-L034,FIN-04,Rosa,Freedom,Invernadero,2025-03-16,175,0.6,77168,105,Microaspersión,Cascarilla,Reposo,3900,85000,0.88,16.7,24.1,10.9,75.4,19.7,2.1,0.45,12.5,39.2,26,12,8.6,6.0,95.5,Medio,0,9.9,29.5,13.1,4,PED-00007,2025-08-08,2025-09-11,CLI-012,Mayorista,Estados Unidos,Contrato,4127,618,0.445,12,Media,30,1,1102,642,15.0,-3485,Alto,Bajo,121.42,18.3,0.434,-0.129
2025-07-02,FIN-03-L041,FIN-03,Clavel,Dover,Campo abierto,2025-01-22,161,0.79,77881,90,Goteo,Coco,Cosecha,5135,105000,0.88,13.3,17.8,9.1,63.6,17.6,0.5,0.53,11.6,10.0,35,20,8.9,7.5,88.9,Medio,1,30.4,10.4,12.1,12,PED-00008,2025-06-11,2025-07-07,CLI-114,Exportador,Estados Unidos,Contrato,9347,634,0.318,12,Media,21,0,1170,713,6.8,-8634,Alto,Bajo,113.01,18.7,0.344,0.068
2025-08-08,FIN-04-L008,FIN-04,Rosa,Vendela,Invernadero,2025-03-29,132,0.37,74589,105,Goteo,Coco,Vegetativo,2405,85000,0.88,18.1,25.0,11.2,57.5,12.6,0.2,0.85,12.3,61.9,28,7,3.9,3.3,90.5,Medio,1,35.0,30.0,17.8,17,PED-00009,2025-06-24,2025-08-09,CLI-109,Retail,Colombia,Preventa,1389,214,0.416,2,Media,45,1,500,275,15.4,-1114,Alto,Bajo,43.47,0.0,0.45,0.004
2025-01-05,FIN-02-L001,FIN-02,Rosa,Freedom,Invernadero,2024-08-22,136,0.96,60997,105,Goteo,Coco,Botón,6240,85000,0.88,17.0,21.3,12.9,84.3,16.9,0.0,0.29,12.2,47.9,39,20,10.3,11.2,79.3,Medio,0,5.2,12.8,8.3,5,PED-00010,2024-11-21,2025-01-08,CLI-097,Supermercado,Chile,Preventa,2830,2830,0.363,8,Media,45,1,5395,4032,100.0,1202,Bajo,Alto,459.64,55.9,0.45,0.095
2025-12-01,FIN-02-L051,FIN-02,Rosa,Mondial,Invernadero,2025-08-23,100,1.31,53568,105,Goteo,Suelo,Cosecha,8515,85000,0.88,19.5,27.7,13.2,56.8,20.8,1.5,0.93,11.6,11.7,42,19,19.6,9.4,91.0,Medio,1,8.3,16.3,10.4,14,PED-00011,2025-11-24,2025-12-03,CLI-047,Mayorista,Chile,Preventa,8464,7135,0.562,0,Media,7,1,9443,6649,84.3,-1815,Alto,Bajo,2559.91,44.8,0.24,0.059
2025-05-07,FIN-02-L028,FIN-02,Gypsophila,New Love,Invernadero,2025-02-27,69,0.78,105692,75,Microaspersión,Cascarilla,Cosecha,5070,78000,0.88,17.7,24.3,12.1,75.1,15.5,0.0,0.48,11.8,41.4,26,15,7.7,6.0,79.0,Alto,1,7.9,16.9,11.1,2,PED-00012,2025-04-16,2025-05-09,CLI-115,Exportador,Estados Unidos,Preventa,8637,2278,0.205,10,Alta,21,1,3981,2734,26.4,-5903,Alto,Bajo,216.35,40.0,0.35,0.147
2025-01-31,FIN-04-L031,FIN-04,Rosa,Vendela,Invernadero,2024-10-01,122,1.63,64731,105,Goteo,Coco,Vegetativo,10595,85000,0.88,16.8,20.8,9.9,90.0,15.7,2.0,0.25,12.4,62.2,27,28,21.6,15.4,100.0,Medio,1,17.6,2.3,7.2,2,PED-00013,2025-01-24,2025-02-01,CLI-001,Retail,Estados Unidos,Preventa,1691,1691,0.482,2,Media,7,0,11290,8831,100.0,7140,Bajo,Alto,451.52,61.8,0.104,-0.018
2025-10-23,FIN-04-L011,FIN-04,Clavel,Dover,Invernadero,2025-08-04,80,1.47,76830,90,Microaspersión,Cascarilla,Cosecha,9555,105000,0.88,17.3,24.6,11.7,67.8,19.5,0.2,0.61,12.0,50.6,23,19,20.7,10.7,71.8,Alto,1,10.4,23.8,14.6,4,PED-00014,2025-09-23,2025-10-27,CLI-029,Supermercado,Países Bajos,Contrato,3771,3771,0.221,0,Media,30,0,12308,7330,100.0,3559,Bajo,Alto,382.47,17.0,0.34,0.008
2025-02-16,FIN-02-L027,FIN-02,Rosa,Freedom,Campo abierto,2024-10-25,114,1.22,58842,105,Microaspersión,Suelo,Cosecha,7930,85000,0.88,20.4,25.7,15.4,54.2,22.0,2.3,1.03,12.1,31.4,46,23,14.8,15.3,91.3,Alto,1,19.0,9.5,13.6,5,PED-00015,2025-01-17,2025-02-21,CLI-117,Mayorista,Estados Unidos,Preventa,5881,5803,0.484,0,Media,30,1,7810,5325,98.7,-556,Medio,Bajo,1713.99,33.4,0.34,-0.251
2025-12-10,FIN-03-L043,FIN-03,Rosa,Freedom,Invernadero,2025-09-21,80,1.2,63252,105,Goteo,Coco,Botón,7800,85000,0.88,21.9,26.2,15.7,72.6,16.8,0.5,0.66,13.0,35.2,37,14,9.4,7.8,75.4,Medio,1,20.1,2.5,10.5,15,PED-00016,2025-12-03,2025-12-11,CLI-082,Exportador,Países Bajos,Preventa,14569,3357,0.553,0,Alta,7,0,5492,3997,23.0,-10572,Alto,Bajo,1204.71,44.9,0.24,0.061
2025-01-07,FIN-03-L021,FIN-03,Rosa,Freedom,Invernadero,2024-09-17,112,0.22,66642,105,Goteo,Coco,Cosecha,1430,85000,0.88,13.9,20.0,7.2,66.8,20.2,0.0,0.51,11.6,42.9,18,5,2.0,1.2,81.1,Alto,1,22.0,28.8,15.5,6,PED-00017,2024-12-31,2025-01-11,CLI-010,Exportador,Colombia,Preventa,9226,439,0.462,0,Media,7,0,1013,557,4.8,-8669,Alto,Bajo,128.76,0.0,0.24,0.038
2025-06-22,FIN-04-L058,FIN-04,Clavel,Dover,Campo abierto,2025-03-27,87,0.86,82415,90,Goteo,Coco,Vegetativo,5590,105000,0.88,16.0,24.6,9.8,84.1,18.2,1.0,0.28,11.5,40.5,19,17,10.7,8.1,81.7,Medio,1,33.6,27.9,18.5,9,PED-00018,2025-06-08,2025-06-26,CLI-016,Broker,España,Spot,6604,1668,0.292,8,Media,14,1,3015,1658,25.3,-4946,Alto,Bajo,243.8,0.0,0.286,0.034
2025-07-18,FIN-01-L022,FIN-01,Gypsophila,New Love,Invernadero,2025-04-25,84,1.66,84203,75,Microaspersión,Coco,Cosecha,10790,78000,0.88,16.1,25.0,9.3,83.3,15.7,0.0,0.3,12.4,50.7,24,31,18.9,15.7,81.7,Medio,1,10.6,27.9,16.0,17,PED-00019,2025-07-04,2025-07-19,CLI-062,Broker,Colombia,Spot,5306,3110,0.189,2,Media,14,1,6069,3434,58.6,-1872,Alto,Bajo,273.04,10.1,0.304,0.171
2025-10-20,FIN-01-L046,FIN-01,Rosa,Freedom,Invernadero,2025-07-27,85,0.25,63407,105,Goteo,Coco,Botón,1625,85000,0.88,15.1,22.0,8.2,80.0,17.0,3.1,0.33,12.0,39.0,24,5,2.9,2.0,90.2,Medio,0,13.6,30.0,15.4,14,PED-00020,2025-10-13,2025-10-24,CLI-038,Mayorista,España,Contrato,4107,515,0.541,0,Alta,7,0,870,478,12.5,-3629,Alto,Bajo,173.18,6.2,0.24,0.066
2025-11-24,FIN-02-L006,FIN-02,Clavel,Nelson,Invernadero,2025-08-26,90,1.74,82173,90,Microaspersión,Cascarilla,Cosecha,11310,105000,0.88,18.7,27.2,13.0,77.4,24.1,1.6,0.46,12.3,19.1,31,33,19.9,11.6,79.3,Alto,0,3.4,19.3,10.9,1,PED-00021,2025-11-10,2025-11-26,CLI-063,Exportador,España,Contrato,6406,6406,0.238,5,Baja,14,0,20100,13987,100.0,7581,Bajo,Alto,721.78,43.2,0.205,0.067
2025-03-01,FIN-01-L022,FIN-01,Rosa,Freedom,Invernadero,2024-11-12,109,1.7,62098,105,Microaspersión,Coco,Botón,11050,85000,0.88,18.8,23.1,13.1,61.7,20.8,0.0,0.79,12.2,28.2,27,23,22.9,19.0,70.7,Alto,1,6.5,4.4,6.6,7,PED-00022,2025-02-15,2025-03-06,CLI-079,Exportador,Estados Unidos,Marketplace,4844,4844,0.424,5,Media,14,0,17665,14222,100.0,9378,Bajo,Alto,978.84,68.1,0.165,0.045
2025-01-27,FIN-03-L029,FIN-03,Clavel,Bizet,Invernadero,2024-10-02,117,0.39,91185,90,Microaspersión,Cascarilla,Vegetativo,2535,105000,0.88,17.5,23.9,13.1,75.7,13.0,0.0,0.47,12.0,59.7,23,8,4.2,3.2,69.0,Bajo,0,16.7,14.2,11.4,6,PED-00023,2025-01-13,2025-01-31,CLI-090,Exportador,Estados Unidos,Marketplace,6642,771,0.288,5,Alta,14,1,1530,986,11.6,-5656,Alto,Bajo,127.4,28.6,0.295,-0.144
2025-06-23,FIN-02-L042,FIN-02,Clavel,Bizet,Invernadero,2025-04-12,72,0.45,81790,90,Microaspersión,Coco,Cosecha,2925,105000,0.88,20.3,28.7,14.2,75.6,13.7,3.7,0.54,12.6,58.1,42,8,7.0,4.2,80.1,Alto,0,9.7,2.0,6.6,8,PED-00024,2025-06-02,2025-06-25,CLI-036,Exportador,Colombia,Marketplace,3668,1873,0.254,0,Baja,21,0,2825,2300,51.1,-1368,Alto,Bajo,241.22,69.6,0.42,0.142
2025-09-07,FIN-03-L034,FIN-03,Clavel,Nelson,Invernadero,2025-06-29,70,1.46,78214,90,Microaspersión,Coco,Vegetativo,9490,105000,0.88,13.6,19.5,8.2,67.1,18.5,0.0,0.49,12.6,26.9,38,17,18.6,12.8,79.4,Bajo,1,19.1,0.9,8.5,10,PED-00025,2025-08-24,2025-09-09,CLI-037,Retail,Estados Unidos,Preventa,1162,1162,0.213,0,Media,14,0,10237,7765,100.0,6603,Bajo,Alto,124.31,53.9,0.18,-0.044
2025-06-24,FIN-01-L049,FIN-01,Clavel,Dover,Invernadero,2025-03-30,86,1.32,87116,90,Microaspersión,Cascarilla,Cosecha,8580,105000,0.88,19.8,24.0,12.8,95.1,14.7,0.0,0.25,11.7,59.3,29,22,13.5,16.1,100.0,Bajo,0,18.0,19.5,13.5,11,PED-00026,2025-06-17,2025-06-29,CLI-091,Exportador,España,Marketplace,7372,3595,0.257,8,Alta,7,0,5791,3573,48.8,-3799,Alto,Bajo,412.07,22.2,0.216,0.054
2025-11-24,FIN-01-L019,FIN-01,Clavel,Dover,Campo abierto,2025-08-15,101,1.7,82372,90,Goteo,Coco,Vegetativo,11050,105000,0.88,18.6,25.5,13.6,75.4,11.6,2.7,0.5,12.0,59.5,29,30,19.3,19.5,92.2,Alto,1,21.8,0.9,7.1,4,PED-00027,2025-11-10,2025-11-26,CLI-098,Mayorista,Países Bajos,Contrato,5292,5292,0.274,0,Media,14,0,10294,7831,100.0,2539,Bajo,Alto,790.0,56.3,0.18,0.146
2025-10-31,FIN-04-L015,FIN-04,Rosa,Vendela,Invernadero,2025-07-11,112,0.82,75558,105,Microaspersión,Coco,Botón,5330,85000,0.88,16.9,25.0,11.6,90.2,16.5,1.5,0.25,12.1,33.1,24,15,10.6,11.2,90.7,Medio,1,19.1,30.0,16.7,9,PED-00028,2025-10-01,2025-11-05,CLI-072,Supermercado,Estados Unidos,Preventa,5127,1862,0.473,0,Media,30,1,3073,1690,36.3,-3437,Alto,Bajo,527.83,0.0,0.45,0.044
2025-06-01,FIN-03-L037,FIN-03,Rosa,Explorer,Invernadero,2025-02-01,120,0.67,65263,105,Goteo,Suelo,Cosecha,4355,85000,0.88,17.5,24.9,11.1,66.3,17.7,0.0,0.65,12.0,42.6,35,10,8.2,4.6,79.3,Medio,1,27.7,22.7,18.3,4,PED-00029,2025-05-11,2025-06-03,CLI-044,Exportador,Chile,Preventa,8071,1298,0.547,8,Alta,21,1,2629,1445,16.1,-6626,Alto,Bajo,421.69,0.0,0.356,0.194
2025-01-27,FIN-02-L008,FIN-02,Rosa,Vendela,Invernadero,2024-10-06,113,1.23,52040,105,Goteo,Coco,Cosecha,7995,85000,0.88,19.1,28.1,13.1,59.9,22.7,1.6,0.84,12.1,20.6,21,26,12.5,11.3,100.0,Medio,1,11.8,4.2,9.2,5,PED-00030,2025-01-20,2025-01-31,CLI-035,Retail,España,Preventa,1883,1883,0.365,0,Alta,7,0,12922,10257,100.0,8374,Bajo,Alto,374.06,62.9,0.11,0.008
2025-05-23,FIN-04-L042,FIN-04,Gypsophila,Million Star,Invernadero,2025-02-18,94,0.99,99602,75,Goteo,Suelo,Cosecha,6435,78000,0.88,11.7,18.8,5.7,89.7,17.0,0.1,0.25,11.9,41.3,24,20,13.0,9.2,92.4,Medio,0,6.2,13.1,9.0,9,PED-00031,2025-05-02,2025-05-27,CLI-089,Mayorista,Estados Unidos,Preventa,1492,1492,0.181,2,Media,21,0,3959,2966,100.0,1474,Bajo,Alto,123.09,55.9,0.244,-0.071
2025-05-10,FIN-01-L031,FIN-01,Rosa,Explorer,Invernadero,2025-02-01,98,1.31,61012,105,Goteo,Suelo,Reposo,8515,85000,0.88,15.7,22.2,8.7,73.7,17.7,4.0,0.45,12.3,66.2,20,25,15.4,14.4,81.4,Medio,1,3.5,4.0,7.1,16,PED-00032,2025-04-10,2025-05-15,CLI-120,Exportador,Canadá,Contrato,22003,8635,0.515,0,Media,30,0,11633,9713,39.2,-12290,Alto,Bajo,2892.06,74.5,0.45,0.194
2025-05-09,FIN-01-L010,FIN-01,Clavel,Dover,Campo abierto,2025-02-24,74,1.69,85258,90,Microaspersión,Coco,Vegetativo,10985,105000,0.88,16.5,22.4,11.1,85.1,17.5,0.3,0.27,12.1,46.6,33,40,19.9,15.5,86.1,Medio,1,10.9,25.4,15.1,14,PED-00033,2025-03-25,2025-05-11,CLI-017,Broker,Estados Unidos,Spot,8187,4964,0.357,2,Baja,45,0,9647,5711,60.6,-2476,Alto,Bajo,1230.51,16.5,0.45,-0.051
2025-07-02,FIN-03-L014,FIN-03,Rosa,Vendela,Invernadero,2025-03-07,117,0.89,64563,105,Goteo,Suelo,Botón,5785,85000,0.88,16.8,22.0,12.4,74.1,15.3,0.0,0.48,12.4,49.4,29,17,13.5,8.9,92.6,Alto,1,19.0,14.3,13.5,2,PED-00034,2025-06-18,2025-07-05,CLI-096,Retail,Países Bajos,Contrato,1608,1608,0.389,0,Media,14,0,4776,3081,100.0,1473,Bajo,Alto,324.36,26.8,0.18,0.092
2025-11-16,FIN-01-L010,FIN-01,Clavel,Bizet,Invernadero,2025-07-23,116,1.38,82815,90,Microaspersión,Coco,Cosecha,8970,105000,0.88,14.4,21.1,8.8,86.9,16.9,1.2,0.25,12.4,57.1,32,29,17.2,3.2,83.4,Medio,1,6.5,3.2,5.0,3,PED-00035,2025-11-09,2025-11-18,CLI-064,Supermercado,España,Contrato,4618,4618,0.276,5,Media,7,1,11345,9459,100.0,4841,Bajo,Alto,650.72,76.5,0.095,-0.074
2025-01-19,FIN-02-L055,FIN-02,Rosa,Vendela,Invernadero,2024-10-21,90,1.37,64978,105,Microaspersión,Coco,Vegetativo,8905,85000,0.88,13.7,18.0,7.3,79.7,19.5,0.0,0.31,11.9,24.3,27,30,18.8,13.3,86.4,Medio,1,21.2,4.5,7.7,6,PED-00036,2025-01-12,2025-01-21,CLI-035,Broker,Países Bajos,Spot,5200,5200,0.548,8,Alta,7,1,8586,6245,100.0,1045,Bajo,Medio,1668.64,49.0,0.086,-0.09
2025-08-08,FIN-04-L016,FIN-04,Clavel,Nelson,Invernadero,2025-05-16,84,1.41,89702,90,Microaspersión,Suelo,Cosecha,9165,105000,0.88,16.5,20.7,12.3,64.5,7.0,3.0,0.64,12.2,78.5,32,28,16.6,11.0,94.0,Alto,0,3.7,0.5,4.1,1,PED-00037,2025-08-01,2025-08-10,CLI-016,Supermercado,Países Bajos,Contrato,2080,2080,0.252,5,Media,7,0,8624,7644,100.0,5564,Bajo,Alto,244.53,89.0,0.095,0.085
2025-05-05,FIN-04-L038,FIN-04,Clavel,Bizet,Invernadero,2025-02-06,88,1.49,75792,90,Goteo,Coco,Cosecha,9685,105000,0.88,15.2,20.5,10.7,78.0,20.6,0.0,0.37,12.2,31.6,25,22,20.5,13.2,84.4,Bajo,1,30.2,7.2,13.3,8,PED-00038,2025-04-14,2025-05-09,CLI-012,Broker,Estados Unidos,Contrato,9148,6082,0.277,10,Alta,21,0,10340,6487,66.5,-2661,Alto,Bajo,815.62,20.1,0.35,0.032
2025-10-29,FIN-03-L045,FIN-03,Rosa,Freedom,Invernadero,2025-06-21,130,1.77,62906,105,Goteo,Cascarilla,Vegetativo,11505,85000,0.88,19.5,24.3,12.9,60.1,15.0,0.8,0.86,12.0,57.8,30,36,20.0,17.1,83.3,Alto,1,2.6,0.2,5.0,15,PED-00039,2025-10-15,2025-11-02,CLI-034,Retail,Estados Unidos,Spot,1398,1398,0.547,5,Alta,14,0,10315,9088,100.0,7690,Bajo,Alto,453.73,86.4,0.165,0.181
2025-03-07,FIN-04-L047,FIN-04,Rosa,Vendela,Invernadero,2024-11-11,116,0.46,62386,105,Goteo,Suelo,Vegetativo,2990,85000,0.88,15.4,22.6,9.3,79.8,8.3,1.0,0.34,12.3,75.2,30,9,6.1,5.2,89.7,Medio,1,15.5,10.6,10.1,16,PED-00040,2025-02-14,2025-03-08,CLI-030,Supermercado,Colombia,Preventa,4200,1084,0.533,12,Media,21,0,1622,1145,25.8,-3055,Alto,Bajo,302.13,43.6,0.344,0.125
2025-09-22,FIN-04-L025,FIN-04,Rosa,Vendela,Invernadero,2025-05-07,138,1.52,69261,105,Microaspersión,Cascarilla,Botón,9880,85000,0.88,15.8,21.5,8.8,79.9,18.2,9.2,0.35,11.9,24.8,33,27,23.9,16.3,78.7,Medio,1,7.8,7.9,7.6,0,PED-00041,2025-08-23,2025-09-25,CLI-057,Retail,Estados Unidos,Preventa,1769,1769,0.483,5,Media,30,0,9050,6998,100.0,5229,Bajo,Alto,519.71,60.9,0.325,-0.067
2025-04-03,FIN-04-L014,FIN-04,Rosa,Mondial,Invernadero,2025-01-08,85,1.17,56419,105,Microaspersión,Suelo,Vegetativo,7604,85000,0.88,15.1,21.7,11.1,82.8,13.7,1.8,0.29,13.1,54.6,32,24,12.3,9.8,78.8,Medio,1,13.0,0.8,7.6,14,PED-00042,2025-03-04,2025-04-04,CLI-041,Exportador,Colombia,Spot,7913,5121,0.411,0,Media,30,1,6385,5101,64.7,-2812,Alto,Bajo,1249.25,64.3,0.45,-0.035
2025-09-15,FIN-02-L002,FIN-02,Clavel,Dover,Invernadero,2025-06-16,91,1.62,65640,90,Microaspersión,Suelo,Cosecha,10530,105000,0.88,21.8,26.5,17.5,69.0,14.7,4.6,0.74,12.4,58.5,34,20,24.5,14.0,79.1,Alto,1,15.2,20.7,14.4,4,PED-00043,2025-09-01,2025-09-19,CLI-056,Retail,Canadá,Preventa,1252,1252,0.314,2,Media,14,0,6868,4118,100.0,2866,Bajo,Alto,237.02,17.2,0.174,0.105
2025-11-17,FIN-03-L029,FIN-03,Rosa,Vendela,Invernadero,2025-08-15,94,1.02,73278,105,Microaspersión,Cascarilla,Vegetativo,6630,85000,0.88,14.7,22.9,9.1,74.1,17.1,3.9,0.42,12.1,49.5,15,15,10.5,8.3,76.1,Alto,1,15.7,12.6,11.0,2,PED-00044,2025-10-18,2025-11-20,CLI-013,Mayorista,Estados Unidos,Preventa,5716,3474,0.42,0,Alta,30,0,6083,4088,60.8,-1628,Alto,Bajo,746.91,35.0,0.45,-0.002
2025-04-21,FIN-01-L017,FIN-01,Clavel,Bizet,Invernadero,2025-02-17,63,1.37,73184,90,Goteo,Suelo,Cosecha,8905,105000,0.88,16.1,23.8,11.7,86.4,17.8,2.6,0.25,12.2,32.8,16,32,14.9,12.2,88.9,Bajo,1,33.3,25.2,22.3,0,PED-00045,2025-03-31,2025-04-22,CLI-096,Mayorista,Canadá,Contrato,5671,1527,0.311,2,Media,21,0,2855,1570,26.9,-4101,Alto,Bajo,289.89,0.0,0.374,0.03
2025-11-24,FIN-03-L059,FIN-03,Rosa,Explorer,Invernadero,2025-07-23,124,0.23,74037,105,Goteo,Cascarilla,Cosecha,1495,85000,0.88,18.2,26.8,14.1,72.8,20.3,5.0,0.54,12.6,47.2,21,5,2.8,2.6,73.0,Bajo,0,12.2,29.7,17.6,13,PED-00046,2025-11-17,2025-11-26,CLI-120,Retail,Estados Unidos,Contrato,1913,380,0.373,2,Media,7,0,892,490,19.9,-1423,Alto,Bajo,70.51,0.0,0.234,0.047
2025-02-24,FIN-03-L053,FIN-03,Gypsophila,Million Star,Campo abierto,2024-12-06,80,1.54,85397,75,Microaspersión,Cascarilla,Vegetativo,10010,78000,0.88,19.6,24.5,13.4,67.2,15.5,3.7,0.71,12.8,58.6,10,39,16.1,10.7,90.7,Bajo,1,1.5,7.9,14.8,0,PED-00047,2025-02-03,2025-02-25,CLI-060,Exportador,España,Preventa,3018,3018,0.162,2,Alta,21,0,9220,7323,100.0,4305,Bajo,Alto,213.91,57.6,0.244,0.024
2025-08-05,FIN-03-L023,FIN-03,Clavel,Nelson,Invernadero,2025-05-11,86,0.59,81258,90,Goteo,Suelo,Vegetativo,3835,105000,0.88,16.9,22.3,12.5,76.0,16.6,0.4,0.45,11.5,22.6,27,11,8.4,5.6,78.5,Alto,0,7.6,2.0,7.5,9,PED-00048,2025-07-06,2025-08-09,CLI-053,Supermercado,Canadá,Preventa,3394,3394,0.293,0,Media,30,1,7928,6516,100.0,3122,Bajo,Alto,574.1,70.2,0.34,-0.069
2025-02-13,FIN-02-L013,FIN-02,Rosa,Explorer,Campo abierto,2024-11-22,83,0.79,63514,105,Goteo,Coco,Cosecha,5135,85000,0.88,11.1,17.8,5.3,70.1,15.9,0.3,0.37,12.8,51.3,35,14,9.7,9.6,83.9,Medio,0,12.5,24.2,13.6,8,PED-00049,2025-01-14,2025-02-18,CLI-017,Exportador,España,Spot,17097,1164,0.415,0,Alta,30,0,2103,1253,6.8,-15844,Alto,Bajo,255.68,18.6,0.45,-0.023
2025-02-28,FIN-02-L057,FIN-02,Clavel,Bizet,Campo abierto,2024-11-22,98,1.19,79732,90,Microaspersión,Cascarilla,Reposo,7735,105000,0.88,19.5,24.2,13.1,59.0,22.3,0.0,0.88,12.4,26.3,31,27,14.1,9.9,87.4,Bajo,0,2.5,0.6,4.5,11,PED-00050,2025-02-14,2025-03-03,CLI-011,Supermercado,Países Bajos,Contrato,2510,2510,0.224,2,Alta,14,0,14069,12445,100.0,9935,Bajo,Alto,288.64,88.0,0.174,0.053
2025-12-23,FIN-03-L055,FIN-03,Rosa,Mondial,Invernadero,2025-08-24,121,0.53,68478,105,Goteo,Suelo,Cosecha,3445,85000,0.88,19.4,25.4,12.5,62.1,15.6,1.6,0.81,11.8,60.6,26,8,7.0,5.2,96.2,Alto,1,16.8,16.0,11.3,17,PED-00051,2025-12-16,2025-12-26,CLI-068,Broker,Colombia,Preventa,11363,1354,0.52,2,Media,7,0,2630,1728,11.9,-9635,Alto,Bajo,469.24,32.8,0.234,0.032
2025-04-24,FIN-01-L020,FIN-01,Gypsophila,New Love,Invernadero,2025-03-14,41,0.34,90630,75,Microaspersión,Suelo,Cosecha,2210,78000,0.88,16.6,20.8,12.5,74.1,15.2,0.0,0.47,12.8,67.5,28,5,3.2,2.9,94.3,Alto,1,1.8,19.1,6.9,7,PED-00052,2025-04-03,2025-04-26,CLI-007,Supermercado,Estados Unidos,Spot,2279,812,0.227,2,Media,21,0,1157,853,35.6,-1426,Alto,Bajo,105.33,57.9,0.374,0.1
2025-04-13,FIN-04-L003,FIN-04,Rosa,Freedom,Invernadero,2025-01-18,85,1.61,72195,105,Microaspersión,Suelo,Cosecha,10465,85000,0.88,14.2,22.0,8.4,90.1,12.6,0.0,0.25,11.6,55.0,29,39,18.2,11.1,99.5,Bajo,0,8.3,3.1,9.7,16,PED-00053,2025-04-06,2025-04-14,CLI-076,Retail,España,Spot,2032,2032,0.454,10,Media,7,0,7346,6031,100.0,3999,Bajo,Alto,422.23,68.2,0.08,0.076
2025-06-24,FIN-01-L017,FIN-01,Rosa,Vendela,Invernadero,2025-03-02,114,0.8,60987,105,Goteo,Coco,Botón,5200,85000,0.88,15.4,23.1,10.2,71.4,17.8,2.6,0.48,11.7,48.0,28,16,8.5,8.3,89.8,Medio,1,0.2,6.4,7.0,0,PED-00054,2025-05-25,2025-06-27,CLI-062,Exportador,Países Bajos,Contrato,10388,4784,0.489,0,Alta,30,1,6280,5302,46.1,-5086,Alto,Bajo,1362.5,77.9,0.45,0.001
2025-02-19,FIN-02-L005,FIN-02,Rosa,Mondial,Invernadero,2024-12-04,77,0.3,61729,105,Microaspersión,Cascarilla,Cosecha,1950,85000,0.88,15.3,23.2,8.9,75.4,17.7,0.4,0.41,12.1,40.7,30,6,2.8,2.8,73.9,Medio,0,9.3,11.8,10.0,3,PED-00055,2025-02-05,2025-02-23,CLI-065,Exportador,Estados Unidos,Marketplace,12765,1435,0.493,0,Alta,14,0,1806,1297,11.2,-11468,Alto,Bajo,459.05,46.8,0.31,0.147
2025-03-24,FIN-01-L015,FIN-01,Rosa,Explorer,Invernadero,2024-11-26,118,0.53,71588,105,Goteo,Coco,Botón,3445,85000,0.88,19.2,25.1,15.0,58.2,22.2,0.9,0.88,12.4,36.2,21,12,7.1,5.5,75.9,Medio,1,20.6,9.6,13.4,9,PED-00056,2025-02-22,2025-03-28,CLI-082,Retail,Países Bajos,Preventa,1815,1749,0.36,0,Alta,30,0,3446,2263,96.4,448,Bajo,Medio,309.98,27.6,0.34,-0.075
2025-02-07,FIN-03-L013,FIN-03,Rosa,Vendela,Invernadero,2024-12-19,50,1.45,67146,105,Goteo,Suelo,Botón,9425,85000,0.88,18.6,24.7,14.0,64.5,13.6,3.6,0.73,12.4,54.1,35,30,26.9,12.9,89.4,Medio,1,10.7,13.8,10.2,12,PED-00057,2025-01-24,2025-02-12,CLI-055,Exportador,Estados Unidos,Spot,21921,1762,0.607,8,Media,14,0,3144,2229,8.0,-19692,Alto,Bajo,675.94,45.2,0.286,-0.058
2025-10-29,FIN-04-L046,FIN-04,Gypsophila,Million Star,Invernadero,2025-07-31,90,0.75,89634,75,Microaspersión,Suelo,Botón,4875,78000,0.88,16.5,24.9,12.2,82.6,7.4,0.0,0.32,12.1,85.5,31,15,9.9,9.8,75.8,Medio,1,21.9,14.3,12.0,1,PED-00058,2025-10-08,2025-11-01,CLI-115,Exportador,Países Bajos,Preventa,2118,918,0.183,5,Media,21,0,1448,893,43.3,-1225,Alto,Bajo,67.42,21.6,0.365,0.06
2025-05-21,FIN-01-L048,FIN-01,Gypsophila,New Love,Invernadero,2025-01-24,117,1.71,94725,75,Goteo,Suelo,Vegetativo,11115,78000,0.88,16.3,25.2,10.8,79.2,17.2,0.1,0.37,12.3,58.3,30,38,23.7,14.6,92.5,Alto,1,4.3,28.7,14.2,1,PED-00059,2025-05-07,2025-05-24,CLI-077,Mayorista,Canadá,Spot,2620,1676,0.225,10,Alta,14,0,3517,2164,64.0,-456,Medio,Bajo,171.03,24.2,0.15,0.076
2025-02-14,FIN-03-L042,FIN-03,Gypsophila,Million Star,Invernadero,2024-12-15,61,0.7,80395,75,Microaspersión,Coco,Cosecha,4550,78000,0.88,14.0,19.9,9.8,66.0,7.2,3.0,0.52,12.5,74.9,42,14,10.5,8.3,89.7,Medio,1,2.9,3.0,5.9,9,PED-00060,2025-01-15,2025-02-19,CLI-044,Supermercado,Países Bajos,Contrato,3864,1613,0.226,8,Media,30,1,2103,1807,41.7,-2057,Alto,Bajo,183.3,81.5,0.446,-0.019
2025-07-26,FIN-02-L050,FIN-02,Rosa,Explorer,Invernadero,2025-03-21,127,0.8,68320,105,Goteo,Cascarilla,Botón,5200,85000,0.88,15.1,22.6,10.3,80.5,16.7,2.0,0.32,11.8,40.5,20,17,7.2,8.2,95.4,Alto,1,15.4,4.0,6.8,10,PED-00061,2025-06-26,2025-07-31,CLI-030,Retail,Chile,Preventa,2358,2358,0.377,5,Media,30,1,4771,3715,100.0,1357,Bajo,Alto,359.46,62.0,0.325,0.22
2025-10-31,FIN-02-L031,FIN-02,Rosa,Explorer,Invernadero,2025-06-19,134,1.42,57354,105,Microaspersión,Suelo,Cosecha,9230,85000,0.88,17.8,22.0,11.3,82.7,24.1,3.2,0.34,12.2,24.3,28,26,21.5,10.5,99.8,Medio,1,12.3,10.4,9.1,10,PED-00062,2025-10-17,2025-11-01,CLI-079,Mayorista,Estados Unidos,Marketplace,5431,5431,0.372,5,Media,14,0,10901,8082,100.0,2651,Bajo,Alto,936.59,53.0,0.165,-0.119
2025-09-25,FIN-02-L038,FIN-02,Rosa,Vendela,Invernadero,2025-08-07,49,1.05,79535,105,Goteo,Cascarilla,Reposo,6825,85000,0.88,15.9,20.7,10.2,75.9,15.2,6.5,0.42,12.7,43.3,26,23,13.1,10.1,93.2,Medio,1,8.9,13.5,9.5,7,PED-00063,2025-08-26,2025-09-30,CLI-072,Exportador,Chile,Marketplace,7909,1839,0.375,2,Alta,30,1,2734,1992,23.3,-5917,Alto,Bajo,355.46,50.6,0.45,-0.023
2025-10-23,FIN-04-L011,FIN-04,Rosa,Mondial,Invernadero,2025-07-27,88,0.71,58402,105,Microaspersión,Cascarilla,Cosecha,4615,85000,0.88,15.7,21.5,9.7,66.2,14.5,1.4,0.58,12.1,45.1,32,10,8.0,6.8,87.7,Bajo,1,35.0,11.6,12.4,7,PED-00064,2025-09-23,2025-10-28,CLI-013,Retail,España,Contrato,1126,1126,0.46,5,Media,30,0,2152,1227,100.0,101,Bajo,Bajo,266.93,9.5,0.325,0.086
2025-12-31,FIN-02-L019,FIN-02,Gypsophila,Million Star,Invernadero,2025-09-23,99,1.37,92617,75,Microaspersión,Cascarilla,Botón,8905,78000,0.88,16.6,22.6,9.7,73.0,16.7,0.0,0.49,12.0,48.9,26,16,15.7,12.9,93.5,Medio,1,29.2,4.8,14.5,12,PED-00065,2025-12-10,2026-01-01,CLI-039,Retail,Países Bajos,Spot,2446,2270,0.235,8,Alta,21,0,4405,2893,92.8,447,Bajo,Medio,281.23,24.8,0.226,-0.053
2025-08-17,FIN-01-L016,FIN-01,Rosa,Freedom,Invernadero,2025-03-30,140,1.18,65519,105,Microaspersión,Suelo,Botón,7670,85000,0.88,17.3,23.2,11.2,73.7,24.1,0.3,0.5,12.1,18.8,32,19,17.8,10.2,88.7,Medio,1,5.4,14.3,9.3,10,PED-00066,2025-08-10,2025-08-20,CLI-088,Broker,Países Bajos,Contrato,5630,5630,0.519,0,Media,7,1,8846,6543,100.0,913,Bajo,Medio,1776.1,53.6,0.11,-0.058
2025-11-01,FIN-03-L040,FIN-03,Rosa,Explorer,Invernadero,2025-07-04,120,1.69,63919,105,Microaspersión,Cascarilla,Botón,10985,85000,0.88,13.4,20.8,8.4,75.3,18.1,0.0,0.36,11.8,50.8,38,30,19.5,9.7,82.5,Medio,1,18.8,15.6,12.6,15,PED-00067,2025-10-11,2025-11-03,CLI-055,Exportador,Países Bajos,Contrato,2269,2269,0.394,0,Alta,21,0,8586,5404,100.0,3135,Bajo,Alto,453.66,24.4,0.25,-0.01
2025-05-09,FIN-02-L003,FIN-02,Rosa,Explorer,Invernadero,2025-01-30,99,0.73,72950,105,Microaspersión,Coco,Cosecha,4745,85000,0.88,17.2,23.9,12.3,66.3,8.4,0.6,0.64,11.7,70.7,28,12,8.4,7.6,93.7,Alto,1,21.1,11.1,11.9,6,PED-00068,2025-05-02,2025-05-10,CLI-095,Mayorista,Colombia,Preventa,12207,1391,0.564,5,Baja,7,0,2511,1671,11.4,-10536,Alto,Bajo,465.85,32.2,0.265,0.101
2025-07-05,FIN-02-L055,FIN-02,Rosa,Mondial,Campo abierto,2025-03-22,105,0.37,70138,105,Microaspersión,Cascarilla,Vegetativo,2405,85000,0.88,15.5,20.6,8.5,61.2,16.9,2.2,0.66,12.2,41.0,30,7,4.0,3.5,83.4,Medio,1,2.2,12.9,7.9,3,PED-00069,2025-06-21,2025-07-08,CLI-035,Retail,Estados Unidos,Marketplace,1296,1296,0.495,12,Media,14,0,2925,2253,100.0,957,Bajo,Alto,347.62,61.8,0.144,0.015
2025-05-02,FIN-01-L017,FIN-01,Clavel,Dover,Invernadero,2025-01-21,101,1.64,79583,90,Goteo,Cascarilla,Reposo,10660,105000,0.88,16.9,23.6,12.1,88.4,13.2,0.0,0.25,11.9,52.4,40,33,18.7,12.7,94.0,Bajo,1,13.0,5.5,6.1,3,PED-00070,2025-04-18,2025-05-06,CLI-063,Retail,Colombia,Preventa,2392,2392,0.262,8,Media,14,1,10703,8376,100.0,5984,Bajo,Alto,319.99,64.2,0.156,-0.164
2025-12-03,FIN-04-L022,FIN-04,Clavel,Dover,Invernadero,2025-09-28,66,1.51,84938,90,Microaspersión,Suelo,Cosecha,9815,105000,0.88,16.1,22.0,10.2,86.9,15.0,0.0,0.25,11.6,50.0,34,34,18.1,12.2,89.1,Medio,1,17.2,6.7,8.5,1,PED-00071,2025-11-03,2025-12-06,CLI-090,Exportador,Estados Unidos,Preventa,9798,5009,0.234,5,Media,30,1,9059,6642,51.1,-3156,Alto,Bajo,508.08,50.3,0.45,0.003
2025-11-11,FIN-03-L008,FIN-03,Rosa,Mondial,Invernadero,2025-09-14,58,1.64,70504,105,Microaspersión,Coco,Botón,10660,85000,0.88,16.3,24.5,9.9,66.0,13.2,0.0,0.61,11.4,51.7,32,28,19.6,12.6,68.6,Medio,1,3.7,12.5,8.4,10,PED-00072,2025-11-04,2025-11-16,CLI-037,Mayorista,Estados Unidos,Contrato,6602,3371,0.409,12,Media,7,0,5155,3854,51.1,-2748,Alto,Bajo,619.19,55.6,0.204,0.118
2025-10-05,FIN-04-L034,FIN-04,Clavel,Dover,Invernadero,2025-07-02,95,0.23,82213,90,Goteo,Coco,Cosecha,1495,105000,0.88,10.3,14.9,5.8,84.4,13.2,1.0,0.25,11.5,37.1,38,5,3.8,2.1,85.5,Medio,0,6.5,30.0,13.8,7,PED-00073,2025-09-21,2025-10-08,CLI-097,Supermercado,Países Bajos,Spot,3705,438,0.243,5,Media,14,1,770,451,11.8,-3254,Alto,Bajo,49.5,18.3,0.295,-0.115
2025-11-29,FIN-02-L047,FIN-02,Clavel,Nelson,Invernadero,2025-08-25,96,0.28,91879,90,Microaspersión,Cascarilla,Reposo,1820,105000,0.88,14.4,22.6,10.3,63.5,21.0,2.6,0.58,12.1,29.6,27,5,3.2,2.6,83.5,Medio,1,8.6,16.7,10.8,7,PED-00074,2025-11-22,2025-12-03,CLI-115,Mayorista,Canadá,Spot,2862,1840,0.323,5,Media,7,0,2730,1883,64.3,-979,Alto,Bajo,352.99,41.1,0.225,-0.005
2025-08-19,FIN-04-L016,FIN-04,Rosa,Explorer,Invernadero,2025-05-12,99,1.64,66314,105,Microaspersión,Cascarilla,Cosecha,10660,85000,0.88,16.3,22.8,11.3,80.0,17.2,2.6,0.36,12.3,41.7,19,33,20.1,17.8,82.0,Medio,1,27.6,0.0,13.4,5,PED-00075,2025-08-05,2025-08-20,CLI-091,Broker,Estados Unidos,Contrato,9224,7295,0.5,0,Alta,14,0,10626,7414,79.1,-1810,Alto,Bajo,2425.48,33.7,0.31,0.196
2025-06-22,FIN-04-L057,FIN-04,Clavel,Dover,Invernadero,2025-02-07,135,0.64,84568,90,Goteo,Cascarilla,Cosecha,4160,105000,0.88,14.4,22.6,9.8,71.5,12.1,3.8,0.45,12.9,73.1,43,14,6.1,8.3,85.8,Medio,0,18.9,2.1,9.4,17,PED-00076,2025-06-15,2025-06-23,CLI-028,Mayorista,Colombia,Preventa,2703,1524,0.321,8,Media,7,0,1850,1393,56.4,-1310,Alto,Bajo,270.89,52.1,0.216,0.071
2025-08-23,FIN-01-L054,FIN-01,Gypsophila,New Love,Invernadero,2025-06-25,59,0.94,94992,75,Microaspersión,Coco,Cosecha,6110,78000,0.88,17.1,21.1,11.3,71.7,12.8,9.0,0.53,11.3,47.1,23,19,10.3,7.5,87.6,Bajo,1,0.9,6.6,6.8,6,PED-00077,2025-08-09,2025-08-27,CLI-105,Mayorista,Estados Unidos,Preventa,1798,1798,0.204,10,Media,14,0,4462,3735,100.0,1937,Bajo,Alto,178.55,76.5,0.15,-0.02
2025-05-12,FIN-03-L002,FIN-03,Rosa,Explorer,Invernadero,2025-01-17,115,1.2,57529,105,Goteo,Coco,Vegetativo,7800,85000,0.88,17.7,23.1,10.9,76.4,7.0,2.3,0.46,12.1,91.4,27,21,16.4,10.4,76.4,Medio,1,14.6,9.6,10.3,4,PED-00078,2025-04-12,2025-05-14,CLI-042,Mayorista,Países Bajos,Spot,13530,2324,0.584,5,Media,30,0,3382,2387,17.2,-11143,Alto,Bajo,890.54,42.6,0.45,0.092
2025-02-22,FIN-03-L039,FIN-03,Rosa,Explorer,Invernadero,2024-11-23,91,0.79,67802,105,Goteo,Coco,Cosecha,5135,85000,0.88,17.7,23.6,11.1,57.5,12.7,0.0,0.83,12.5,86.9,24,15,5.3,9.2,94.2,Medio,1,14.5,15.5,11.2,17,PED-00079,2025-02-08,2025-02-23,CLI-066,Retail,Estados Unidos,Preventa,1399,1399,0.444,0,Media,14,0,3445,2319,100.0,920,Bajo,Alto,375.0,36.5,0.18,0.046
2025-10-28,FIN-04-L047,FIN-04,Rosa,Mondial,Invernadero,2025-06-18,132,0.89,74531,105,Goteo,Suelo,Vegetativo,5785,85000,0.88,15.5,22.9,8.6,81.1,15.7,6.5,0.32,12.3,64.2,23,20,9.3,10.5,79.2,Medio,1,13.4,30.0,15.5,12,PED-00080,2025-10-07,2025-11-02,CLI-044,Supermercado,Estados Unidos,Marketplace,2811,1454,0.443,2,Media,21,1,2592,1425,51.7,-1386,Alto,Bajo,349.71,3.5,0.374,0.099
2025-03-29,FIN-02-L007,FIN-02,Clavel,Bizet,Invernadero,2025-02-03,54,1.44,80860,90,Microaspersión,Cascarilla,Botón,9360,105000,0.88,17.4,24.9,11.7,78.6,19.3,0.3,0.41,13.0,32.9,17,30,24.5,7.7,85.7,Medio,0,17.2,12.8,15.7,12,PED-00081,2025-03-08,2025-03-30,CLI-006,Exportador,Chile,Preventa,6866,3631,0.242,5,Media,21,1,6593,4300,52.9,-2566,Alto,Bajo,442.36,25.2,0.365,0.115
2025-01-21,FIN-01-L048,FIN-01,Rosa,Vendela,Invernadero,2024-09-22,121,0.47,70953,105,Goteo,Suelo,Cosecha,3055,85000,0.88,17.8,21.9,12.7,88.6,9.6,5.2,0.25,11.7,59.0,21,7,7.3,4.7,95.6,Alto,1,24.5,21.3,15.2,17,PED-00082,2025-01-14,2025-01-26,CLI-020,Exportador,Estados Unidos,Spot,6451,585,0.516,8,Media,7,0,1175,649,9.1,-5802,Alto,Bajo,177.52,5.7,0.216,0.043
2025-08-24,FIN-02-L025,FIN-02,Rosa,Freedom,Invernadero,2025-06-11,74,1.36,65723,105,Microaspersión,Suelo,Vegetativo,8840,85000,0.88,17.2,23.7,12.3,91.0,12.2,0.0,0.25,12.4,52.6,23,27,16.5,15.9,79.8,Alto,1,5.5,9.0,8.3,15,PED-00083,2025-08-17,2025-08-26,CLI-021,Supermercado,España,Spot,4481,4481,0.555,5,Media,7,0,7359,5714,100.0,1233,Bajo,Medio,1614.43,61.3,0.095,0.001
2025-02-23,FIN-03-L008,FIN-03,Clavel,Nelson,Invernadero,2024-12-11,74,1.59,86157,90,Goteo,Coco,Botón,10335,105000,0.88,14.9,22.1,9.0,73.8,10.4,3.4,0.43,12.3,76.5,19,39,13.5,16.6,99.1,Alto,1,12.6,6.6,12.4,1,PED-00084,2025-02-09,2025-02-26,CLI-082,Exportador,Chile,Preventa,4044,4044,0.28,8,Alta,14,0,7625,5765,100.0,1721,Bajo,Alto,538.35,51.2,0.156,0.031
2025-07-11,FIN-02-L008,FIN-02,Rosa,Explorer,Invernadero,2025-04-28,74,0.82,47974,105,Goteo,Cascarilla,Cosecha,5330,85000,0.88,16.7,23.0,11.5,82.9,17.7,2.9,0.31,12.2,48.8,22,19,9.1,8.5,78.8,Alto,0,35.0,7.7,14.3,9,PED-00085,2025-06-27,2025-07-14,CLI-081,Exportador,Estados Unidos,Spot,12214,2004,0.508,0,Alta,14,0,3065,1793,16.4,-10421,Alto,Bajo,672.26,9.1,0.31,0.03
2025-03-20,FIN-03-L030,FIN-03,Clavel,Nelson,Invernadero,2024-12-14,96,1.44,77050,90,Goteo,Coco,Vegetativo,9360,105000,0.88,16.5,22.9,9.5,63.9,19.3,1.2,0.66,12.1,41.1,24,22,15.8,11.4,95.3,Alto,0,4.4,15.3,10.3,5,PED-00086,2025-03-13,2025-03-22,CLI-037,Broker,Estados Unidos,Contrato,4385,4385,0.24,0,Media,7,0,16388,12132,100.0,7747,Bajo,Alto,540.49,53.1,0.11,-0.05
2025-11-17,FIN-01-L053,FIN-01,Gypsophila,Xlence,Invernadero,2025-10-18,30,0.41,89839,75,Microaspersión,Coco,Botón,2665,78000,0.88,15.8,24.0,10.3,69.6,16.2,1.2,0.53,12.0,64.0,39,9,4.7,2.6,90.3,Medio,1,16.0,3.9,9.8,6,PED-00087,2025-10-18,2025-11-22,CLI-090,Exportador,Países Bajos,Spot,7643,699,0.17,0,Baja,30,1,846,642,9.1,-7001,Alto,Bajo,48.45,53.7,0.45,0.146
2025-08-14,FIN-02-L060,FIN-02,Clavel,Dover,Invernadero,2025-05-30,76,0.39,83125,90,Goteo,Coco,Cosecha,2535,105000,0.88,15.0,20.5,9.1,88.1,19.3,3.7,0.25,11.9,52.3,26,7,5.3,2.6,96.3,Bajo,1,12.7,6.9,7.6,3,PED-00088,2025-06-30,2025-08-16,CLI-082,Exportador,Estados Unidos,Marketplace,6647,2234,0.293,5,Baja,45,0,3531,2717,33.6,-3930,Alto,Bajo,390.43,60.0,0.45,0.257
2025-02-16,FIN-01-L015,FIN-01,Gypsophila,Million Star,Invernadero,2024-12-10,68,0.99,97653,75,Microaspersión,Suelo,Cosecha,6435,78000,0.88,16.4,23.9,11.6,63.3,20.4,1.6,0.66,12.1,43.0,23,14,14.1,7.1,90.6,Alto,1,13.3,5.6,7.4,11,PED-00089,2025-02-09,2025-02-18,CLI-033,Retail,Países Bajos,Contrato,1840,1840,0.171,0,Media,7,0,7767,5991,100.0,4151,Bajo,Alto,136.67,60.1,0.11,-0.008
2025-09-26,FIN-02-L044,FIN-02,Rosa,Explorer,Invernadero,2025-07-10,78,0.38,69892,105,Goteo,Coco,Cosecha,2470,85000,0.88,16.9,21.7,10.7,84.1,22.1,2.3,0.3,12.1,33.2,36,6,4.3,2.8,89.4,Medio,1,20.3,6.1,10.6,9,PED-00090,2025-09-05,2025-10-01,CLI-017,Exportador,Países Bajos,Spot,9349,1816,0.514,8,Media,21,0,2336,1661,19.4,-7688,Alto,Bajo,504.33,42.5,0.356,-0.058
2025-05-25,FIN-03-L001,FIN-03,Clavel,Bizet,Invernadero,2025-03-22,64,1.09,74175,90,Microaspersión,Suelo,Botón,7085,105000,0.88,17.2,23.1,11.3,72.8,16.5,0.0,0.51,12.2,60.8,39,32,10.6,10.3,67.3,Medio,1,35.0,28.0,20.6,11,PED-00091,2025-04-25,2025-05-27,CLI-048,Exportador,Estados Unidos,Contrato,7061,1160,0.212,0,Media,30,0,2414,1327,16.4,-5734,Alto,Bajo,124.86,0.0,0.45,0.009
2025-10-25,FIN-01-L052,FIN-01,Rosa,Explorer,Invernadero,2025-07-13,104,0.79,53523,105,Goteo,Coco,Cosecha,5135,85000,0.88,17.3,25.3,12.1,53.0,11.1,1.5,0.89,12.7,60.3,26,19,7.2,6.5,94.2,Medio,1,19.4,7.5,10.9,11,PED-00092,2025-10-18,2025-10-29,CLI-002,Exportador,Estados Unidos,Preventa,10935,2646,0.551,0,Media,7,0,3919,2779,24.2,-8156,Alto,Bajo,1000.02,42.2,0.24,0.109
2025-04-18,FIN-01-L022,FIN-01,Gypsophila,Million Star,Campo abierto,2025-01-13,95,1.31,92304,75,Goteo,Cascarilla,Reposo,8515,78000,0.88,15.5,22.2,10.9,76.1,12.1,3.1,0.41,12.1,73.4,21,32,18.1,8.0,82.6,Medio,1,3.5,10.4,10.9,15,PED-00093,2025-03-19,2025-04-20,CLI-058,Mayorista,Chile,Marketplace,2783,2783,0.226,10,Alta,30,1,4727,3638,100.0,855,Bajo,Medio,284.7,57.3,0.31,0.103
2025-03-19,FIN-04-L053,FIN-04,Rosa,Explorer,Invernadero,2024-11-12,127,0.72,62482,105,Goteo,Cascarilla,Cosecha,4680,85000,0.88,18.1,26.7,13.5,78.5,19.2,0.4,0.43,11.9,52.1,34,14,9.0,6.1,98.2,Alto,0,29.4,28.7,18.2,14,PED-00094,2025-03-12,2025-03-22,CLI-031,Exportador,Canadá,Preventa,4747,934,0.478,5,Alta,7,0,2183,1200,19.7,-3547,Alto,Bajo,261.15,0.0,0.225,-0.014
2025-06-17,FIN-02-L055,FIN-02,Rosa,Mondial,Invernadero,2025-01-27,141,1.65,69022,105,Goteo,Suelo,Botón,10725,85000,0.88,17.3,23.6,11.9,75.1,17.6,0.6,0.47,11.8,43.3,12,39,19.0,15.9,88.0,Bajo,1,27.4,0.4,16.6,16,PED-00095,2025-06-10,2025-06-21,CLI-009,Supermercado,Estados Unidos,Contrato,4884,3561,0.358,2,Media,7,0,6719,4629,72.9,-255,Medio,Bajo,602.06,28.2,0.104,-0.069
2025-05-25,FIN-02-L031,FIN-02,Clavel,Dover,Invernadero,2025-02-26,88,0.85,71696,90,Microaspersión,Cascarilla,Cosecha,5525,105000,0.88,18.0,23.5,12.3,74.5,12.4,1.4,0.5,12.4,60.5,27,20,11.9,7.9,84.2,Medio,1,0.9,17.9,8.8,16,PED-00096,2025-04-25,2025-05-28,CLI-069,Exportador,Estados Unidos,Preventa,4948,3878,0.299,5,Baja,30,0,5267,3873,78.4,-1075,Alto,Bajo,657.93,54.5,0.45,0.093
2025-09-03,FIN-03-L036,FIN-03,Rosa,Freedom,Invernadero,2025-05-23,103,0.34,65954,105,Goteo,Coco,Cosecha,2210,85000,0.88,16.2,20.7,11.3,74.7,13.4,1.1,0.45,11.4,69.8,21,7,3.6,2.7,82.3,Medio,0,24.7,15.2,13.9,15,PED-00097,2025-08-13,2025-09-04,CLI-020,Mayorista,Estados Unidos,Preventa,5948,884,0.408,12,Baja,21,0,1383,818,14.9,-5130,Alto,Bajo,135.92,14.0,0.384,-0.072
2025-06-15,FIN-04-L025,FIN-04,Rosa,Mondial,Invernadero,2025-04-15,61,0.75,64368,105,Microaspersión,Suelo,Cosecha,4875,85000,0.88,14.4,19.9,7.5,66.1,10.7,3.9,0.54,12.4,68.4,23,15,8.0,5.5,92.1,Alto,0,6.8,6.2,6.8,3,PED-00098,2025-05-25,2025-06-18,CLI-046,Exportador,Canadá,Preventa,7468,1570,0.464,0,Baja,21,0,2122,1717,21.0,-5751,Alto,Bajo,452.59,69.9,0.42,0.132
2025-11-30,FIN-01-L036,FIN-01,Rosa,Explorer,Invernadero,2025-08-25,97,0.69,66004,105,Goteo,Suelo,Cosecha,4485,85000,0.88,16.5,22.1,10.4,70.9,12.9,3.5,0.53,11.9,40.8,34,16,9.8,8.4,89.8,Medio,1,23.6,12.0,12.6,4,PED-00099,2025-11-16,2025-12-01,CLI-049,Mayorista,Estados Unidos,Preventa,5099,1485,0.473,0,Media,14,0,2879,1833,29.1,-3266,Alto,Bajo,442.01,24.9,0.31,-0.094
2025-02-21,FIN-03-L005,FIN-03,Rosa,Explorer,Invernadero,2024-11-23,90,0.24,70935,105,Microaspersión,Cascarilla,Cosecha,1560,85000,0.88,17.0,23.2,12.1,61.1,16.5,3.3,0.73,12.3,48.0,35,4,2.8,2.6,89.3,Alto,1,9.1,18.0,10.0,2,PED-00100,2025-02-07,2025-02-26,CLI-035,Retail,Colombia,Preventa,1978,1234,0.552,0,Media,14,1,1623,1112,62.4,-866,Alto,Bajo,427.63,41.6,0.31,0.086
2025-06-08,FIN-01-L043,FIN-01,Rosa,Freedom,Invernadero,2025-03-04,96,0.89,64251,105,Goteo,Suelo,Vegetativo,5785,85000,0.88,17.6,23.9,13.4,80.8,11.8,0.0,0.37,12.5,58.7,12,21,8.7,10.2,94.5,Medio,0,18.7,1.0,10.0,9,PED-00101,2025-05-25,2025-06-13,CLI-029,Mayorista,Chile,Spot,6104,3612,0.498,0,Alta,14,0,4619,3553,59.2,-2551,Alto,Bajo,1130.26,54.9,0.31,0.046
2025-03-21,FIN-02-L037,FIN-02,Clavel,Dover,Invernadero,2024-12-15,96,0.27,87472,90,Microaspersión,Suelo,Reposo,1755,105000,0.88,19.2,24.8,14.2,74.9,9.8,2.3,0.53,12.4,82.6,38,5,2.7,2.8,78.2,Bajo,1,7.7,10.7,10.1,0,PED-00102,2025-03-14,2025-03-26,CLI-024,Supermercado,Chile,Spot,3464,674,0.24,0,Media,7,0,1195,885,19.5,-2579,Alto,Bajo,77.35,51.5,0.24,0.097
2025-02-04,FIN-01-L051,FIN-01,Gypsophila,Xlence,Invernadero,2024-11-11,85,0.56,90882,75,Microaspersión,Suelo,Botón,3640,78000,0.88,14.6,21.6,8.3,66.9,8.6,1.2,0.53,12.1,62.9,18,8,7.2,4.8,89.4,Alto,0,17.1,14.7,11.2,1,PED-00103,2025-01-21,2025-02-05,CLI-021,Exportador,Estados Unidos,Preventa,6557,931,0.182,2,Media,14,1,1486,979,14.2,-5578,Alto,Bajo,88.98,32.8,0.304,0.085
2025-04-10,FIN-03-L039,FIN-03,Clavel,Bizet,Campo abierto,2025-02-07,62,0.35,78304,90,Microaspersión,Suelo,Botón,2275,105000,0.88,14.1,20.2,9.1,72.3,23.8,0.2,0.43,11.8,16.5,29,7,3.8,1.1,78.0,Medio,1,10.4,1.4,5.6,13,PED-00104,2025-03-27,2025-04-11,CLI-097,Supermercado,Estados Unidos,Contrato,2339,2213,0.282,2,Media,14,0,3432,2803,94.6,464,Bajo,Medio,392.06,71.1,0.174,-0.022
2025-04-02,FIN-04-L034,FIN-04,Rosa,Vendela,Invernadero,2025-01-01,91,1.47,67822,105,Goteo,Cascarilla,Vegetativo,9555,85000,0.88,15.9,21.3,9.5,64.5,15.1,0.0,0.62,12.7,48.3,26,32,18.0,16.8,85.9,Medio,1,4.2,8.1,10.2,7,PED-00105,2025-03-03,2025-04-03,CLI-098,Mayorista,Países Bajos,Spot,5059,5059,0.507,0,Baja,30,1,9920,7837,100.0,2778,Bajo,Alto,1599.52,62.0,0.38,-0.094
2025-11-09,FIN-04-L040,FIN-04,Gypsophila,Xlence,Campo abierto,2025-09-07,63,1.58,104372,75,Microaspersión,Cascarilla,Vegetativo,10270,78000,0.88,16.6,22.9,11.0,68.9,15.9,0.5,0.57,12.7,45.0,32,28,14.7,15.5,91.8,Alto,1,2.0,14.3,7.1,12,PED-00106,2025-10-19,2025-11-10,CLI-085,Broker,Canadá,Contrato,4865,4865,0.16,0,Alta,21,0,11369,8776,100.0,3911,Bajo,Alto,335.34,63.8,0.25,0.067
2025-08-21,FIN-03-L009,FIN-03,Rosa,Mondial,Invernadero,2025-04-23,120,0.45,64853,105,Goteo,Suelo,Cosecha,2925,85000,0.88,16.2,23.8,10.9,63.4,16.1,2.3,0.65,11.5,35.9,33,10,6.1,5.0,100.0,Alto,0,3.7,23.6,9.7,5,PED-00107,2025-08-07,2025-08-23,CLI-119,Exportador,Colombia,Spot,8384,1473,0.563,5,Media,14,0,2825,1935,17.6,-6449,Alto,Bajo,540.94,44.0,0.295,0.111
2025-02-13,FIN-01-L059,FIN-01,Rosa,Freedom,Invernadero,2024-11-14,91,0.32,66710,105,Goteo,Suelo,Vegetativo,2080,85000,0.88,17.7,25.7,11.1,72.8,15.8,10.1,0.53,12.5,49.8,26,6,4.2,1.6,100.0,Medio,0,6.5,18.7,9.5,13,PED-00108,2025-01-23,2025-02-18,CLI-096,Broker,Estados Unidos,Contrato,15531,1291,0.407,0,Media,21,0,1935,1370,8.3,-14161,Alto,Bajo,277.69,47.9,0.38,0.076
2025-09-11,FIN-04-L009,FIN-04,Rosa,Mondial,Invernadero,2025-06-01,102,0.35,65200,105,Microaspersión,Cascarilla,Botón,2275,85000,0.88,15.3,20.7,10.3,74.9,18.8,2.2,0.42,11.9,38.9,25,5,4.1,2.4,88.3,Bajo,0,33.8,1.5,13.1,6,PED-00109,2025-08-21,2025-09-16,CLI-016,Exportador,Países Bajos,Preventa,9896,1338,0.548,5,Media,21,0,2135,1400,13.5,-8496,Alto,Bajo,420.59,25.0,0.365,0.01
2025-08-15,FIN-02-L012,FIN-02,Rosa,Vendela,Invernadero,2025-05-29,78,0.66,66526,105,Microaspersión,Cascarilla,Cosecha,4290,85000,0.88,19.0,24.4,14.4,54.1,15.9,0.2,0.96,12.2,48.5,16,15,6.7,4.5,100.0,Alto,1,17.9,3.2,10.6,11,PED-00110,2025-07-16,2025-08-16,CLI-015,Exportador,Estados Unidos,Preventa,10255,2047,0.495,12,Alta,30,0,3404,2585,20.0,-7670,Alto,Bajo,560.36,52.9,0.434,0.053
2025-04-11,FIN-02-L043,FIN-02,Rosa,Freedom,Invernadero,2024-12-31,101,0.31,69456,105,Microaspersión,Coco,Cosecha,2015,85000,0.88,18.9,25.2,13.8,77.3,13.8,1.8,0.47,12.9,53.5,28,6,3.3,2.8,79.9,Alto,0,18.6,1.1,8.4,14,PED-00111,2025-04-04,2025-04-14,CLI-079,Exportador,Países Bajos,Preventa,4848,1288,0.509,2,Media,7,0,2141,1629,26.6,-3219,Alto,Bajo,411.05,54.6,0.234,-0.024
2025-07-22,FIN-01-L018,FIN-01,Rosa,Vendela,Invernadero,2025-04-25,88,1.54,63413,105,Goteo,Coco,Vegetativo,10010,85000,0.88,19.9,28.5,13.9,63.8,11.1,0.0,0.79,12.1,61.9,21,36,16.4,12.5,89.4,Medio,1,16.9,3.4,13.9,12,PED-00112,2025-07-08,2025-07-26,CLI-106,Broker,Estados Unidos,Contrato,3475,3475,0.39,2,Media,14,0,6478,4795,100.0,1320,Bajo,Alto,732.07,44.4,0.174,-0.095
2025-10-08,FIN-03-L039,FIN-03,Clavel,Dover,Invernadero,2025-08-28,41,0.46,87127,90,Microaspersión,Coco,Cosecha,2990,105000,0.88,19.7,27.9,15.1,83.2,16.0,4.2,0.36,12.0,42.9,18,10,7.5,5.2,74.7,Medio,1,18.3,19.7,12.1,11,PED-00113,2025-10-01,2025-10-11,CLI-017,Mayorista,Canadá,Marketplace,5213,585,0.288,2,Alta,7,0,978,580,11.2,-4633,Alto,Bajo,106.99,18.1,0.234,-0.056
2025-06-10,FIN-02-L016,FIN-02,Rosa,Vendela,Campo abierto,2025-03-21,81,0.69,67695,105,Microaspersión,Suelo,Botón,4485,85000,0.88,15.3,22.1,10.4,74.5,13.8,0.0,0.43,12.6,39.9,13,11,9.8,7.3,89.5,Medio,1,2.3,8.9,6.2,12,PED-00114,2025-05-11,2025-06-15,CLI-077,Retail,Chile,Contrato,1721,1721,0.563,5,Media,30,0,3627,2954,100.0,1233,Bajo,Alto,597.27,72.8,0.325,-0.021
2025-10-19,FIN-02-L013,FIN-02,Clavel,Dover,Invernadero,2025-08-05,75,1.2,85124,90,Microaspersión,Cascarilla,Botón,7800,105000,0.88,16.6,20.9,9.9,95.1,11.1,1.7,0.25,12.2,84.5,32,29,16.9,14.1,88.8,Medio,1,20.7,28.8,17.0,8,PED-00115,2025-09-19,2025-10-24,CLI-039,Retail,Canadá,Spot,1491,1491,0.228,10,Alta,30,0,3328,1830,100.0,339,Bajo,Medio,145.42,0.0,0.31,0.012
2025-06-25,FIN-03-L018,FIN-03,Rosa,Freedom,Campo abierto,2025-02-28,117,1.47,52093,105,Goteo,Cascarilla,Botón,9555,85000,0.88,15.8,20.5,10.8,63.1,16.8,0.0,0.64,12.6,32.8,27,25,20.1,10.9,85.8,Medio,1,16.5,1.8,6.9,10,PED-00116,2025-06-18,2025-06-26,CLI-102,Exportador,Estados Unidos,Contrato,13416,10238,0.508,0,Media,7,0,12327,9612,76.3,-3804,Alto,Bajo,3382.73,61.2,0.24,0.029
2025-11-22,FIN-03-L034,FIN-03,Gypsophila,New Love,Campo abierto,2025-07-22,123,1.4,99730,75,Goteo,Coco,Botón,9100,78000,0.88,18.3,25.4,13.2,81.3,17.6,0.6,0.38,12.1,26.1,25,29,16.0,12.2,77.0,Medio,1,26.5,5.8,12.5,10,PED-00117,2025-11-01,2025-11-27,CLI-029,Exportador,Estados Unidos,Contrato,5931,1847,0.158,8,Baja,21,0,2692,1767,31.1,-4164,Alto,Bajo,97.25,27.2,0.396,0.092
2025-07-13,FIN-01-L037,FIN-01,Gypsophila,Xlence,Invernadero,2025-04-07,97,1.8,92070,75,Microaspersión,Suelo,Botón,11700,78000,0.88,15.6,22.4,8.9,70.8,15.2,2.5,0.5,12.2,39.1,30,35,15.3,16.6,78.5,Medio,0,0.8,1.9,4.9,2,PED-00118,2025-06-22,2025-07-18,CLI-089,Retail,Estados Unidos,Preventa,658,658,0.212,0,Media,21,0,8360,7305,100.0,6647,Bajo,Alto,76.8,85.4,0.25,0.183
2025-10-02,FIN-02-L060,FIN-02,Gypsophila,Xlence,Invernadero,2025-08-05,58,0.99,82484,75,Goteo,Coco,Reposo,6435,78000,0.88,14.4,19.6,9.3,82.1,18.2,0.0,0.28,11.3,38.0,30,20,15.6,4.9,62.7,Medio,1,35.0,13.1,16.5,8,PED-00119,2025-09-25,2025-10-07,CLI-031,Retail,Canadá,Contrato,1352,1352,0.222,12,Media,7,0,3218,1769,100.0,417,Bajo,Medio,144.15,0.0,0.074,-0.037
2025-11-07,FIN-04-L002,FIN-04,Rosa,Explorer,Invernadero,2025-07-26,104,1.41,75457,105,Goteo,Coco,Botón,9165,85000,0.88,19.6,28.1,14.8,80.8,15.2,1.4,0.41,12.3,41.7,24,26,12.7,10.4,75.8,Bajo,0,0.7,9.4,8.5,10,PED-00120,2025-10-08,2025-11-12,CLI-003,Exportador,Estados Unidos,Preventa,7767,7048,0.41,5,Media,30,0,8263,6588,90.7,-1179,Medio,Bajo,1506.45,66.0,0.325,0.063
2025-05-18,FIN-04-L047,FIN-04,Clavel,Nelson,Invernadero,2025-03-30,49,0.64,79029,90,Goteo,Suelo,Cosecha,4160,105000,0.88,14.7,21.8,9.6,85.6,20.4,0.2,0.25,11.8,26.5,23,10,4.0,5.7,82.1,Bajo,0,11.6,9.5,10.5,9,PED-00121,2025-05-04,2025-05-22,CLI-085,Mayorista,Estados Unidos,Preventa,4103,1753,0.284,5,Alta,14,0,2995,2184,42.7,-1919,Alto,Bajo,262.13,48.0,0.295,0.127
2025-07-07,FIN-01-L005,FIN-01,Clavel,Bizet,Invernadero,2025-03-28,101,0.65,68198,90,Microaspersión,Coco,Botón,4225,105000,0.88,19.1,26.0,12.1,70.2,12.0,0.0,0.63,11.9,53.6,25,14,6.4,6.4,70.7,Medio,1,6.7,3.5,6.0,16,PED-00122,2025-06-16,2025-07-12,CLI-111,Broker,Chile,Spot,3557,2850,0.217,5,Alta,21,1,4152,3377,80.1,-180,Medio,Bajo,226.56,70.4,0.235,-0.033
2025-01-10,FIN-03-L050,FIN-03,Clavel,Dover,Invernadero,2024-10-15,87,1.43,77868,90,Goteo,Cascarilla,Cosecha,9295,105000,0.88,19.5,24.2,14.8,70.4,23.4,1.7,0.63,12.1,31.2,24,26,15.4,10.3,100.0,Alto,0,20.1,30.0,15.9,9,PED-00123,2024-12-11,2025-01-11,CLI-041,Retail,Estados Unidos,Preventa,328,328,0.287,5,Alta,30,0,10150,5582,100.0,5254,Bajo,Alto,51.21,0.0,0.325,0.005
2025-01-23,FIN-02-L002,FIN-02,Clavel,Dover,Invernadero,2024-10-12,103,1.12,80025,90,Microaspersión,Cascarilla,Botón,7280,105000,0.88,16.9,22.6,10.3,64.8,10.7,0.3,0.65,11.8,74.5,23,24,12.6,5.7,80.9,Bajo,1,3.0,1.1,3.8,3,PED-00124,2024-12-24,2025-01-28,CLI-011,Exportador,Chile,Preventa,8535,5698,0.212,0,Baja,30,0,6335,5536,66.8,-2999,Alto,Bajo,540.59,86.4,0.45,0.177
2025-07-24,FIN-01-L048,FIN-01,Clavel,Dover,Invernadero,2025-05-02,83,1.21,75913,90,Microaspersión,Cascarilla,Vegetativo,7865,105000,0.88,14.3,23.0,8.9,70.0,20.4,0.0,0.47,12.4,28.9,30,27,14.7,9.5,81.2,Medio,1,15.6,29.6,16.9,1,PED-00125,2025-07-10,2025-07-25,CLI-022,Retail,Colombia,Spot,1113,1113,0.287,10,Baja,14,0,6968,3832,100.0,2719,Bajo,Alto,173.82,0.0,0.19,0.012
2025-01-20,FIN-02-L009,FIN-02,Clavel,Dover,Invernadero,2024-11-05,76,1.54,75082,90,Microaspersión,Cascarilla,Cosecha,10010,105000,0.88,12.8,19.2,8.3,64.1,12.9,6.7,0.51,12.4,70.7,17,33,20.4,10.0,72.5,Medio,0,6.4,6.5,11.4,17,PED-00126,2024-12-21,2025-01-23,CLI-094,Mayorista,Países Bajos,Spot,3756,3756,0.299,5,Media,30,0,7651,5902,100.0,2146,Bajo,Alto,666.11,55.5,0.325,-0.032
2025-08-17,FIN-04-L021,FIN-04,Clavel,Dover,Invernadero,2025-05-11,98,0.82,73677,90,Microaspersión,Suelo,Cosecha,5330,105000,0.88,16.1,23.7,12.0,78.4,15.7,0.0,0.38,12.4,50.2,15,8,10.2,6.9,89.6,Alto,1,6.3,14.8,8.9,14,PED-00127,2025-07-27,2025-08-22,CLI-010,Exportador,Canadá,Preventa,3716,3716,0.273,5,Media,21,0,6943,5087,100.0,1371,Bajo,Alto,561.13,52.7,0.235,-0.034
2025-10-24,FIN-04-L028,FIN-04,Gypsophila,Million Star,Invernadero,2025-08-12,73,0.91,104787,75,Goteo,Cascarilla,Cosecha,5915,78000,0.88,16.1,21.7,9.6,59.2,19.5,0.0,0.72,11.8,41.1,42,17,10.6,6.6,90.3,Alto,0,5.1,8.2,7.4,5,PED-00128,2025-10-03,2025-10-26,CLI-109,Exportador,Colombia,Spot,3214,3214,0.236,0,Baja,21,0,9308,7441,100.0,4227,Bajo,Alto,462.77,67.6,0.29,0.067
2025-12-19,FIN-01-L028,FIN-01,Rosa,Mondial,Campo abierto,2025-08-25,116,1.74,62923,105,Microaspersión,Suelo,Botón,11310,85000,0.88,16.7,23.0,11.8,85.2,22.4,2.0,0.27,12.6,37.7,26,35,20.4,19.6,78.1,Medio,1,8.4,12.7,12.4,14,PED-00129,2025-11-28,2025-12-21,CLI-008,Exportador,España,Preventa,9965,9965,0.441,0,Alta,21,0,13418,9546,100.0,-419,Medio,Bajo,2731.38,42.7,0.25,0.072
2025-02-07,FIN-02-L039,FIN-02,Gypsophila,Xlence,Campo abierto,2024-12-07,62,1.02,100174,75,Microaspersión,Coco,Reposo,6630,78000,0.88,15.0,21.0,9.9,69.9,21.7,0.0,0.5,11.8,33.9,20,25,13.3,8.4,79.3,Alto,1,8.3,10.4,11.1,9,PED-00130,2025-01-08,2025-02-11,CLI-059,Retail,Chile,Contrato,1659,1659,0.225,0,Alta,30,0,8174,6023,100.0,4364,Bajo,Alto,208.54,49.3,0.34,0.036
2025-03-03,FIN-03-L026,FIN-03,Rosa,Vendela,Invernadero,2024-11-27,96,1.35,54445,105,Goteo,Coco,Vegetativo,8775,85000,0.88,17.7,21.7,11.3,61.7,14.7,1.0,0.75,12.1,52.4,25,25,18.1,12.7,83.0,Medio,1,2.2,9.3,5.7,9,PED-00131,2025-02-17,2025-03-05,CLI-015,Broker,Canadá,Preventa,6456,6456,0.525,5,Media,14,0,10869,8777,100.0,2321,Bajo,Alto,2101.57,71.8,0.165,-0.1
2025-12-02,FIN-02-L024,FIN-02,Rosa,Vendela,Invernadero,2025-08-27,97,1.78,65696,105,Microaspersión,Suelo,Cosecha,11570,85000,0.88,17.8,23.0,12.2,71.2,23.6,0.4,0.56,11.9,18.3,22,38,16.3,17.3,66.3,Medio,0,12.0,30.0,22.3,10,PED-00132,2025-11-11,2025-12-05,CLI-037,Exportador,Canadá,Contrato,20271,4487,0.403,0,Baja,21,0,10487,5767,22.1,-14504,Alto,Bajo,944.4,0.0,0.42,0.09
2025-11-18,FIN-01-L009,FIN-01,Rosa,Explorer,Invernadero,2025-07-12,129,1.12,59606,105,Goteo,Suelo,Vegetativo,7280,85000,0.88,19.5,24.0,13.7,47.6,18.7,0.0,1.12,12.2,58.5,32,20,12.8,14.2,77.5,Bajo,1,0.9,9.1,7.5,9,PED-00133,2025-10-28,2025-11-20,CLI-064,Mayorista,Estados Unidos,Preventa,7501,4371,0.427,0,Alta,21,0,5777,4646,58.3,-2855,Alto,Bajo,1097.8,68.7,0.38,-0.04
2025-08-20,FIN-02-L028,FIN-02,Rosa,Vendela,Invernadero,2025-05-19,93,0.85,50546,105,Goteo,Suelo,Cosecha,5525,85000,0.88,15.9,23.2,9.9,65.7,14.7,0.0,0.6,12.0,55.1,22,14,10.8,6.1,73.8,Medio,1,31.0,9.2,11.9,0,PED-00134,2025-08-06,2025-08-23,CLI-077,Broker,Canadá,Contrato,5756,2392,0.546,5,Baja,14,0,3758,2260,41.6,-3496,Alto,Bajo,764.25,16.3,0.335,-0.057
2025-02-21,FIN-01-L031,FIN-01,Clavel,Nelson,Invernadero,2024-12-02,81,0.19,86656,90,Goteo,Coco,Cosecha,1235,105000,0.88,16.9,24.5,12.2,73.8,16.8,0.0,0.49,12.3,51.0,18,4,2.3,1.7,90.9,Medio,1,24.8,14.2,13.4,12,PED-00135,2025-02-07,2025-02-23,CLI-002,Broker,Canadá,Spot,2368,726,0.233,8,Alta,14,0,1246,759,30.7,-1609,Alto,Bajo,69.01,18.6,0.286,-0.168
2025-07-18,FIN-03-L025,FIN-03,Rosa,Freedom,Invernadero,2025-04-04,105,0.54,73059,105,Goteo,Coco,Vegetativo,3510,85000,0.88,18.5,24.3,13.3,78.8,11.1,0.1,0.43,12.1,64.7,22,12,7.1,5.8,84.9,Medio,1,25.6,5.5,12.0,8,PED-00136,2025-06-18,2025-07-19,CLI-027,Exportador,Países Bajos,Spot,10543,1060,0.388,5,Alta,30,0,1937,1306,10.1,-9237,Alto,Bajo,191.39,31.9,0.45,0.081
2025-09-30,FIN-04-L016,FIN-04,Rosa,Freedom,Invernadero,2025-07-05,87,1.36,66515,105,Microaspersión,Suelo,Botón,8840,85000,0.88,16.6,21.6,10.1,77.4,17.2,0.0,0.41,12.3,42.1,32,23,17.8,8.2,96.3,Medio,0,2.3,20.5,10.4,4,PED-00137,2025-08-31,2025-10-03,CLI-061,Retail,Canadá,Spot,2382,2382,0.46,5,Media,30,1,8305,5912,100.0,3530,Bajo,Alto,648.12,48.3,0.325,-0.026
2025-03-27,FIN-02-L036,FIN-02,Clavel,Bizet,Invernadero,2024-12-12,105,0.96,86851,90,Microaspersión,Suelo,Botón,6240,105000,0.88,19.2,27.2,14.6,74.9,17.3,0.0,0.53,12.3,51.8,24,21,13.7,6.3,83.3,Medio,0,20.2,7.8,10.5,0,PED-00138,2025-03-13,2025-03-29,CLI-005,Retail,España,Contrato,865,865,0.241,8,Alta,14,0,7123,4934,100.0,4069,Bajo,Alto,99.85,38.8,0.156,0.06
2025-03-19,FIN-04-L004,FIN-04,Rosa,Explorer,Invernadero,2024-12-12,97,1.47,65918,105,Microaspersión,Coco,Botón,9555,85000,0.88,16.5,21.0,11.5,55.0,14.1,0.0,0.82,12.1,46.9,31,27,18.1,9.7,82.9,Bajo,1,35.0,1.1,14.0,13,PED-00139,2025-03-12,2025-03-22,CLI-086,Retail,Países Bajos,Preventa,1651,1651,0.454,5,Alta,7,0,6125,3938,100.0,2287,Bajo,Alto,433.34,20.7,0.095,0.096
2025-12-11,FIN-02-L052,FIN-02,Gypsophila,New Love,Invernadero,2025-10-15,57,0.2,95941,75,Goteo,Coco,Botón,1300,78000,0.88,16.5,24.4,10.0,75.7,10.6,4.2,0.44,11.9,73.8,32,4,2.2,2.4,87.7,Medio,1,21.7,1.0,10.8,16,PED-00140,2025-12-04,2025-12-15,CLI-115,Broker,Colombia,Contrato,5000,406,0.175,0,Baja,7,0,633,469,8.1,-4531,Alto,Bajo,37.18,47.4,0.28,0.068
2025-11-12,FIN-04-L031,FIN-04,Rosa,Freedom,Invernadero,2025-07-27,108,1.02,61320,105,Microaspersión,Suelo,Botón,6630,85000,0.88,18.3,24.1,13.2,87.8,13.6,3.8,0.25,12.0,63.6,14,16,11.4,13.7,77.5,Medio,1,12.5,23.0,12.5,11,PED-00141,2025-10-13,2025-11-15,CLI-074,Exportador,España,Preventa,8963,2147,0.461,2,Media,30,1,4325,2610,24.0,-6353,Alto,Bajo,617.0,21.1,0.45,0.006
2025-05-26,FIN-03-L050,FIN-03,Gypsophila,Million Star,Invernadero,2025-02-19,96,1.54,95573,75,Goteo,Cascarilla,Vegetativo,10010,78000,0.88,20.8,26.7,14.9,77.8,24.6,0.0,0.51,11.6,10.4,25,37,18.5,12.4,60.0,Alto,1,13.0,3.3,14.1,13,PED-00142,2025-05-19,2025-05-27,CLI-100,Broker,Países Bajos,Preventa,5796,5796,0.193,2,Media,7,0,10705,7859,100.0,2063,Bajo,Alto,571.08,42.2,0.104,-0.103
2025-07-16,FIN-04-L015,FIN-04,Rosa,Vendela,Campo abierto,2025-04-02,105,0.61,57638,105,Goteo,Suelo,Botón,3965,85000,0.88,14.3,21.2,9.2,49.7,14.4,2.6,0.79,12.2,43.9,25,14,8.3,5.3,88.8,Alto,0,5.8,15.8,9.3,8,PED-00143,2025-07-09,2025-07-21,CLI-106,Exportador,Países Bajos,Contrato,10669,2265,0.502,5,Baja,7,1,3692,2678,21.2,-7991,Alto,Bajo,710.35,50.8,0.265,0.029
2025-03-18,FIN-01-L029,FIN-01,Clavel,Bizet,Invernadero,2024-12-30,78,1.4,67925,90,Goteo,Cascarilla,Cosecha,9100,105000,0.88,12.2,20.4,7.3,70.0,12.5,1.6,0.4,12.2,67.7,31,28,12.9,14.6,95.3,Medio,0,4.3,8.1,7.4,11,PED-00144,2025-03-04,2025-03-20,CLI-082,Supermercado,Países Bajos,Preventa,2250,2250,0.291,0,Alta,14,0,7969,6455,100.0,4205,Bajo,Alto,394.99,70.1,0.18,0.148
2025-08-31,FIN-01-L021,FIN-01,Rosa,Freedom,Invernadero,2025-05-03,120,0.34,63017,105,Microaspersión,Coco,Cosecha,2210,85000,0.88,15.6,21.3,8.7,62.7,15.5,0.5,0.64,12.0,60.1,32,5,3.4,3.0,71.7,Medio,1,12.0,0.3,8.2,15,PED-00145,2025-08-17,2025-09-05,CLI-116,Exportador,Países Bajos,Contrato,10139,1760,0.557,2,Media,14,0,2406,1923,17.4,-8216,Alto,Bajo,633.24,63.5,0.304,0.067
2025-09-11,FIN-03-L024,FIN-03,Rosa,Explorer,Invernadero,2025-06-30,73,1.65,78375,105,Goteo,Cascarilla,Botón,10725,85000,0.88,15.4,23.4,9.6,70.7,15.9,0.0,0.5,12.1,64.8,21,41,23.0,11.8,80.0,Medio,0,5.9,3.5,11.8,17,PED-00146,2025-08-21,2025-09-16,CLI-004,Retail,Estados Unidos,Marketplace,1975,1975,0.502,2,Baja,21,0,7800,6274,100.0,4299,Bajo,Alto,616.07,61.7,0.284,0.005
2025-12-26,FIN-04-L035,FIN-04,Gypsophila,Xlence,Invernadero,2025-11-13,43,1.33,91602,75,Microaspersión,Cascarilla,Vegetativo,8645,78000,0.88,13.0,20.9,6.1,69.8,11.9,0.1,0.43,11.9,80.2,31,24,15.8,15.7,94.6,Medio,0,2.6,10.7,7.9,6,PED-00147,2025-12-12,2025-12-31,CLI-056,Mayorista,Estados Unidos,Preventa,5807,2425,0.178,0,Media,14,1,2777,2212,41.8,-3595,Alto,Bajo,214.65,67.4,0.31,-0.069
2025-03-21,FIN-04-L017,FIN-04,Rosa,Vendela,Invernadero,2024-11-30,111,0.77,70259,105,Goteo,Cascarilla,Cosecha,5005,85000,0.88,15.1,24.0,8.9,67.0,13.3,0.0,0.55,11.9,60.2,14,13,8.7,4.5,82.6,Alto,0,34.1,1.4,13.3,11,PED-00148,2025-03-07,2025-03-23,CLI-020,Supermercado,Estados Unidos,Spot,3339,2025,0.379,0,Alta,14,0,3343,2168,60.6,-1171,Alto,Bajo,395.46,22.9,0.31,-0.018
2025-12-23,FIN-04-L054,FIN-04,Rosa,Mondial,Invernadero,2025-09-10,104,1.5,57748,105,Goteo,Suelo,Cosecha,9750,85000,0.88,17.2,22.0,13.1,80.1,17.2,0.0,0.38,12.4,51.0,25,31,18.9,15.5,84.9,Medio,1,15.4,11.9,12.9,11,PED-00149,2025-12-16,2025-12-24,CLI-063,Mayorista,Estados Unidos,Contrato,8412,6613,0.479,2,Media,7,0,10489,7139,78.6,-1273,Medio,Bajo,1954.22,34.7,0.104,0.007
2025-12-13,FIN-02-L024,FIN-02,Rosa,Freedom,Invernadero,2025-09-15,89,0.51,62599,105,Microaspersión,Cascarilla,Vegetativo,3315,85000,0.88,16.3,24.4,11.9,88.6,15.0,4.1,0.25,12.3,50.1,38,10,6.8,6.1,84.3,Alto,1,17.9,30.0,16.5,0,PED-00150,2025-11-29,2025-12-16,CLI-093,Exportador,Estados Unidos,Preventa,18351,839,0.437,8,Alta,14,0,1623,892,4.6,-17459,Alto,Bajo,172.66,0.0,0.286,-0.099
2025-11-04,FIN-03-L018,FIN-03,Clavel,Dover,Campo abierto,2025-08-15,81,1.12,72581,90,Microaspersión,Cascarilla,Cosecha,7280,105000,0.88,17.3,23.4,11.8,57.5,18.0,0.0,0.81,12.1,25.4,22,23,11.7,10.5,92.1,Medio,1,21.7,26.8,18.6,7,PED-00151,2025-10-21,2025-11-05,CLI-051,Exportador,Países Bajos,Preventa,8401,2582,0.319,10,Media,14,0,5789,3183,30.7,-5218,Alto,Bajo,431.85,0.0,0.28,-0.006
2025-01-05,FIN-01-L013,FIN-01,Rosa,Vendela,Invernadero,2024-10-07,90,0.5,50037,105,Microaspersión,Suelo,Reposo,3250,85000,0.88,16.8,25.1,9.9,68.9,9.6,0.8,0.57,12.1,60.7,23,8,7.8,5.1,77.6,Medio,1,15.0,2.7,6.7,0,PED-00152,2024-12-06,2025-01-06,CLI-117,Broker,Colombia,Preventa,8996,1572,0.469,5,Baja,30,1,2082,1611,17.5,-7385,Alto,Bajo,377.34,60.3,0.45,-0.017
2025-10-30,FIN-01-L060,FIN-01,Rosa,Freedom,Invernadero,2025-07-11,111,1.68,66025,105,Goteo,Cascarilla,Vegetativo,10920,85000,0.88,15.9,22.5,11.2,73.7,17.9,0.0,0.46,12.4,42.2,28,34,18.4,12.0,70.2,Medio,1,4.3,6.8,10.0,2,PED-00153,2025-09-30,2025-11-03,CLI-049,Exportador,Colombia,Preventa,6692,6692,0.46,8,Media,30,0,14110,11076,100.0,4384,Bajo,Alto,1599.38,60.3,0.316,0.026
2025-02-12,FIN-02-L047,FIN-02,Clavel,Dover,Invernadero,2024-10-27,108,0.47,92307,90,Goteo,Suelo,Cosecha,3055,105000,0.88,19.1,27.2,14.7,74.8,20.2,3.5,0.53,11.9,29.7,26,6,6.5,3.3,78.2,Medio,1,4.2,2.8,5.2,14,PED-00154,2025-01-29,2025-02-16,CLI-003,Exportador,Estados Unidos,Marketplace,10668,3540,0.275,0,Alta,14,0,5038,4256,33.2,-6412,Alto,Bajo,577.14,78.6,0.31,0.066
2025-07-30,FIN-04-L024,FIN-04,Rosa,Explorer,Invernadero,2025-03-11,141,1.65,66931,105,Microaspersión,Suelo,Reposo,10725,85000,0.88,12.0,18.6,6.0,76.1,22.6,0.0,0.32,12.0,15.8,39,28,22.2,10.6,84.1,Alto,1,16.2,6.8,9.0,0,PED-00155,2025-07-23,2025-08-04,CLI-060,Retail,Estados Unidos,Contrato,1956,1956,0.525,2,Media,7,0,8150,5961,100.0,4005,Bajo,Alto,616.83,49.2,0.104,-0.148
2025-09-07,FIN-04-L051,FIN-04,Rosa,Mondial,Invernadero,2025-06-17,82,1.74,61439,105,Microaspersión,Suelo,Cosecha,11310,85000,0.88,16.5,22.7,11.1,69.7,19.4,0.7,0.55,12.3,37.0,28,45,23.7,24.0,85.9,Bajo,1,35.0,26.4,22.7,7,PED-00156,2025-08-24,2025-09-08,CLI-103,Broker,Canadá,Preventa,6224,1773,0.493,5,Baja,14,0,3889,2138,28.5,-4086,Alto,Bajo,492.47,0.0,0.335,0.115
2025-02-02,FIN-01-L048,FIN-01,Rosa,Vendela,Invernadero,2024-11-07,87,0.98,72116,105,Goteo,Suelo,Botón,6370,85000,0.88,15.4,23.7,9.2,58.8,10.6,0.0,0.7,11.8,60.5,21,22,7.5,7.1,85.6,Bajo,0,20.6,22.7,19.0,10,PED-00157,2025-01-12,2025-02-07,CLI-022,Exportador,Estados Unidos,Preventa,22046,925,0.596,2,Alta,21,1,1887,1037,4.2,-21009,Alto,Bajo,359.23,0.0,0.374,0.181
2025-09-14,FIN-02-L009,FIN-02,Rosa,Freedom,Invernadero,2025-06-20,86,0.46,61448,105,Goteo,Cascarilla,Cosecha,2990,85000,0.88,14.6,21.4,9.4,65.1,20.7,3.6,0.56,11.6,28.8,8,8,5.7,4.8,88.7,Bajo,0,4.1,2.0,5.3,2,PED-00158,2025-08-31,2025-09-19,CLI-039,Broker,Chile,Contrato,3744,2240,0.467,0,Media,14,1,3406,2935,59.8,-809,Alto,Bajo,619.79,82.3,0.31,0.058
2025-01-24,FIN-02-L038,FIN-02,Gypsophila,Xlence,Invernadero,2024-10-16,100,0.67,86339,75,Goteo,Coco,Vegetativo,4355,78000,0.88,13.4,19.1,8.2,65.3,16.4,0.7,0.51,11.9,58.7,29,14,7.6,6.3,90.8,Medio,0,8.2,2.1,8.5,14,PED-00159,2025-01-03,2025-01-27,CLI-106,Mayorista,Chile,Spot,4373,2343,0.216,2,Media,21,0,2605,2151,53.6,-2222,Alto,Bajo,298.13,70.2,0.374,0.158
2025-10-30,FIN-02-L049,FIN-02,Rosa,Freedom,Invernadero,2025-07-03,119,1.69,51466,105,Microaspersión,Suelo,Cosecha,10985,85000,0.88,12.4,17.3,7.2,58.3,17.3,0.2,0.57,12.1,70.1,13,35,18.8,12.0,85.7,Medio,1,15.4,3.9,14.7,0,PED-00160,2025-10-16,2025-11-02,CLI-034,Supermercado,Países Bajos,Spot,5340,5340,0.391,0,Baja,14,0,10273,7584,100.0,2244,Bajo,Alto,1170.77,43.1,0.22,0.045
2025-08-24,FIN-01-L035,FIN-01,Rosa,Vendela,Invernadero,2025-05-25,91,0.69,58614,105,Microaspersión,Cascarilla,Reposo,4485,85000,0.88,18.2,23.3,11.7,72.3,17.1,0.0,0.55,11.6,52.9,33,10,8.7,7.8,80.3,Medio,1,14.3,1.2,8.5,17,PED-00161,2025-08-03,2025-08-28,CLI-117,Mayorista,Estados Unidos,Preventa,7282,4181,0.508,5,Media,21,1,5398,4242,57.4,-3040,Alto,Bajo,1237.46,60.4,0.365,0.153
2025-09-30,FIN-03-L004,FIN-03,Rosa,Freedom,Invernadero,2025-07-29,63,0.95,65897,105,Microaspersión,Coco,Reposo,6175,85000,0.88,16.6,24.2,11.3,80.7,10.2,4.0,0.35,12.1,94.6,16,20,10.1,8.1,74.7,Alto,1,35.0,7.9,13.9,15,PED-00162,2025-09-23,2025-10-01,CLI-055,Supermercado,España,Contrato,4691,1118,0.564,0,Media,7,0,2123,1233,23.8,-3458,Alto,Bajo,428.2,8.6,0.24,0.028
2025-12-29,FIN-04-L055,FIN-04,Rosa,Explorer,Invernadero,2025-09-04,116,0.65,78694,105,Microaspersión,Coco,Cosecha,4225,85000,0.88,16.1,23.7,11.2,78.3,16.5,2.1,0.38,12.4,51.4,25,13,7.6,7.1,82.7,Medio,1,17.6,4.1,9.9,2,PED-00163,2025-12-08,2026-01-03,CLI-039,Supermercado,España,Contrato,7276,2819,0.589,0,Media,21,0,4799,3549,38.7,-3727,Alto,Bajo,1145.3,49.1,0.38,0.064
2025-10-25,FIN-02-L024,FIN-02,Rosa,Vendela,Invernadero,2025-06-28,119,0.41,61312,105,Goteo,Coco,Botón,2665,85000,0.88,16.9,23.5,11.3,73.0,8.1,0.0,0.5,12.2,74.4,27,9,5.5,3.9,90.1,Medio,1,9.6,17.1,11.6,16,PED-00164,2025-10-18,2025-10-30,CLI-037,Mayorista,Canadá,Contrato,3748,990,0.464,0,Baja,7,0,1392,952,26.4,-2796,Alto,Bajo,290.44,39.1,0.28,0.141
2025-06-11,FIN-02-L019,FIN-02,Gypsophila,New Love,Campo abierto,2025-03-29,74,0.72,98072,75,Goteo,Coco,Reposo,4680,78000,0.88,13.3,18.7,7.7,63.2,14.5,0.0,0.54,11.5,59.5,37,16,11.9,7.5,87.3,Bajo,0,8.1,10.3,11.4,8,PED-00165,2025-05-12,2025-06-15,CLI-033,Supermercado,Estados Unidos,Contrato,763,763,0.167,2,Media,30,0,3355,2501,100.0,1738,Bajo,Alto,60.12,51.1,0.334,0.096
2025-12-21,FIN-04-L038,FIN-04,Rosa,Mondial,Invernadero,2025-07-16,158,1.05,70674,105,Microaspersión,Suelo,Reposo,6825,85000,0.88,17.5,26.1,12.3,69.2,15.0,2.9,0.59,11.7,51.3,27,23,11.0,12.3,100.0,Medio,1,10.8,30.0,14.5,13,PED-00166,2025-12-07,2025-12-24,CLI-050,Exportador,Estados Unidos,Contrato,14159,1349,0.633,0,Alta,14,0,2278,1303,9.5,-12856,Alto,Bajo,608.42,14.4,0.31,-0.05
2025-03-13,FIN-04-L055,FIN-04,Rosa,Mondial,Invernadero,2024-12-28,75,0.3,61574,105,Microaspersión,Coco,Reposo,1950,85000,0.88,18.3,27.3,11.6,85.1,16.2,1.7,0.3,12.5,70.6,23,8,2.9,3.9,80.3,Medio,0,7.3,4.6,6.9,2,PED-00167,2025-02-27,2025-03-16,CLI-091,Broker,Estados Unidos,Preventa,9083,1729,0.474,10,Media,14,1,1947,1571,19.0,-7512,Alto,Bajo,429.11,68.5,0.28,0.037
2025-04-28,FIN-03-L007,FIN-03,Gypsophila,New Love,Invernadero,2025-01-28,90,0.47,93220,75,Microaspersión,Coco,Vegetativo,3055,78000,0.88,18.1,24.8,13.7,69.7,21.6,0.0,0.6,12.7,38.6,37,7,5.6,5.2,73.4,Medio,1,9.5,0.7,7.5,12,PED-00168,2025-04-07,2025-04-30,CLI-076,Mayorista,Estados Unidos,Contrato,4527,3038,0.191,0,Media,21,0,3976,3243,67.1,-1284,Alto,Bajo,297.05,68.2,0.38,0.091
2025-01-08,FIN-03-L051,FIN-03,Rosa,Vendela,Invernadero,2024-10-04,96,0.84,68868,105,Microaspersión,Cascarilla,Cosecha,5460,85000,0.88,18.0,22.1,13.1,53.2,20.7,3.5,0.93,12.1,31.0,16,18,10.2,6.3,98.9,Bajo,0,13.5,21.8,12.0,16,PED-00169,2025-01-01,2025-01-09,CLI-013,Mayorista,Países Bajos,Preventa,4558,3278,0.368,0,Media,7,0,5025,3168,71.9,-1390,Alto,Bajo,654.57,27.9,0.24,0.11
2025-01-25,FIN-01-L028,FIN-01,Clavel,Bizet,Campo abierto,2024-10-31,86,1.09,79427,90,Goteo,Coco,Cosecha,7085,105000,0.88,16.1,23.4,9.1,78.2,18.0,0.0,0.39,12.0,40.0,12,19,12.3,10.2,97.3,Bajo,0,35.0,13.1,16.5,4,PED-00170,2025-01-04,2025-01-29,CLI-080,Exportador,Estados Unidos,Marketplace,6535,3886,0.302,12,Baja,21,0,6487,3577,59.5,-2958,Alto,Bajo,591.87,1.0,0.384,-0.009
2025-09-20,FIN-02-L045,FIN-02,Gypsophila,Million Star,Campo abierto,2025-07-28,54,1.3,80935,75,Microaspersión,Coco,Reposo,8450,78000,0.88,17.5,21.5,11.2,94.7,16.2,3.5,0.25,11.7,50.8,36,20,16.6,11.5,78.9,Medio,0,20.3,12.5,11.5,1,PED-00171,2025-08-30,2025-09-22,CLI-087,Supermercado,Estados Unidos,Preventa,1337,1337,0.201,2,Media,21,0,5479,3539,100.0,2202,Bajo,Alto,152.36,28.4,0.244,0.014
2025-02-27,FIN-01-L035,FIN-01,Gypsophila,Million Star,Invernadero,2024-12-21,68,0.55,95387,75,Goteo,Cascarilla,Vegetativo,3575,78000,0.88,18.6,23.0,14.4,88.5,13.3,0.0,0.25,11.6,39.5,36,10,6.9,4.3,74.6,Alto,0,6.2,9.8,9.5,17,PED-00172,2025-02-20,2025-02-28,CLI-058,Mayorista,Chile,Preventa,2587,1888,0.158,2,Media,7,0,3251,2457,73.0,-130,Medio,Bajo,129.31,55.3,0.104,0.079
2025-03-01,FIN-04-L022,FIN-04,Rosa,Explorer,Invernadero,2024-10-04,148,1.42,60658,105,Goteo,Coco,Vegetativo,9230,85000,0.88,18.1,25.6,13.6,63.0,16.2,3.0,0.74,12.1,32.6,35,26,17.1,12.7,64.4,Medio,1,6.7,29.0,14.3,5,PED-00173,2025-01-30,2025-03-02,CLI-066,Broker,Países Bajos,Preventa,6290,2187,0.39,5,Alta,30,1,3853,2196,34.8,-4094,Alto,Bajo,428.3,13.2,0.45,0.036
2025-05-29,FIN-01-L029,FIN-01,Rosa,Mondial,Invernadero,2025-02-28,90,1.14,62786,105,Goteo,Cascarilla,Cosecha,7409,85000,0.88,14.6,19.4,9.9,73.1,9.8,2.2,0.43,12.1,79.7,31,17,14.6,12.7,78.3,Bajo,0,18.1,2.2,6.3,7,PED-00174,2025-04-29,2025-06-03,CLI-111,Mayorista,Estados Unidos,Preventa,5316,2764,0.559,2,Media,30,0,3651,2781,52.0,-2535,Alto,Bajo,1026.97,57.7,0.45,0.011
2025-04-26,FIN-03-L014,FIN-03,Clavel,Bizet,Invernadero,2025-01-27,89,0.46,79973,90,Goteo,Cascarilla,Cosecha,2990,105000,0.88,18.1,23.0,11.5,51.9,12.6,0.0,0.96,11.6,59.6,22,8,6.4,4.8,100.0,Medio,0,9.6,11.8,8.8,17,PED-00175,2025-04-05,2025-05-01,CLI-004,Supermercado,Países Bajos,Spot,1531,1531,0.296,2,Media,21,0,3637,2719,100.0,1188,Bajo,Alto,257.8,55.4,0.244,-0.112
2025-05-10,FIN-03-L004,FIN-03,Rosa,Vendela,Campo abierto,2025-01-31,99,1.78,73568,105,Microaspersión,Coco,Botón,11570,85000,0.88,16.2,20.5,10.3,80.8,21.1,0.0,0.34,12.6,30.8,15,32,24.2,18.0,77.2,Medio,1,4.5,4.2,10.1,9,PED-00176,2025-04-19,2025-05-15,CLI-099,Exportador,España,Preventa,20896,12295,0.515,5,Baja,21,0,18941,15364,58.8,-5532,Alto,Bajo,3888.25,65.5,0.405,0.084
2025-05-15,FIN-02-L043,FIN-02,Rosa,Vendela,Campo abierto,2025-01-29,106,0.6,63766,105,Goteo,Coco,Cosecha,3900,85000,0.88,16.0,24.4,9.7,67.2,16.0,0.1,0.58,12.6,57.6,27,14,7.4,6.6,71.0,Bajo,0,2.0,11.7,9.5,12,PED-00177,2025-04-15,2025-05-19,CLI-119,Broker,Canadá,Spot,7441,2601,0.375,5,Alta,30,0,4455,3396,35.0,-4045,Alto,Bajo,398.93,57.4,0.45,0.194
2025-12-23,FIN-01-L006,FIN-01,Rosa,Vendela,Invernadero,2025-10-09,75,1.49,66301,105,Microaspersión,Cascarilla,Reposo,9685,85000,0.88,15.8,24.4,11.3,73.4,8.7,0.0,0.46,11.9,86.4,22,20,22.3,7.5,94.7,Alto,0,17.2,24.6,15.7,5,PED-00178,2025-11-23,2025-12-28,CLI-072,Exportador,Países Bajos,Spot,17844,1413,0.575,2,Media,30,0,2843,1611,7.9,-16233,Alto,Bajo,505.41,9.7,0.45,0.027
2025-06-07,FIN-02-L022,FIN-02,Rosa,Explorer,Invernadero,2025-02-28,99,1.72,69844,105,Microaspersión,Suelo,Cosecha,11180,85000,0.88,17.4,21.5,11.8,53.3,10.9,2.3,0.89,12.6,75.8,22,39,21.8,15.6,97.6,Medio,0,9.4,18.9,15.4,6,PED-00179,2025-05-24,2025-06-09,CLI-066,Mayorista,Colombia,Contrato,4307,4307,0.43,5,Media,14,0,6622,4393,100.0,86,Bajo,Bajo,1017.91,30.6,0.165,0.137
2025-11-13,FIN-03-L010,FIN-03,Rosa,Explorer,Campo abierto,2025-08-30,75,1.76,77366,105,Microaspersión,Cascarilla,Cosecha,11440,85000,0.88,16.0,22.4,9.5,73.4,17.9,4.0,0.47,11.5,23.8,32,34,25.8,14.7,67.9,Alto,0,8.2,2.7,9.4,15,PED-00180,2025-10-14,2025-11-16,CLI-105,Supermercado,España,Spot,4452,4452,0.364,5,Media,30,0,10238,8134,100.0,3682,Bajo,Alto,696.21,61.7,0.325,0.151
2025-03-28,FIN-02-L032,FIN-02,Rosa,Mondial,Invernadero,2024-11-27,121,0.19,66945,105,Microaspersión,Coco,Cosecha,1235,85000,0.88,18.1,23.6,12.4,69.0,14.5,0.0,0.62,12.3,67.1,26,4,2.2,2.0,66.0,Medio,1,35.0,3.5,13.4,16,PED-00181,2025-02-26,2025-03-31,CLI-080,Retail,Países Bajos,Spot,1499,454,0.384,2,Media,30,0,773,471,30.3,-1028,Alto,Bajo,92.05,14.1,0.45,0.157
2025-10-23,FIN-04-L044,FIN-04,Rosa,Vendela,Invernadero,2025-07-19,96,1.55,59121,105,Microaspersión,Cascarilla,Cosecha,10075,85000,0.88,18.9,25.8,12.7,65.5,14.0,0.9,0.72,12.2,67.8,20,27,16.0,7.7,87.2,Medio,0,4.2,3.0,8.0,12,PED-00182,2025-10-09,2025-10-24,CLI-054,Retail,Chile,Preventa,1482,1482,0.5,12,Alta,14,1,9814,8253,100.0,6771,Bajo,Alto,411.27,74.6,0.144,0.199
2025-05-16,FIN-01-L020,FIN-01,Gypsophila,Million Star,Invernadero,2025-01-29,107,1.44,95661,75,Goteo,Suelo,Vegetativo,9360,78000,0.88,15.8,24.2,11.1,82.3,15.5,0.6,0.31,11.6,46.0,30,27,17.9,16.5,81.3,Medio,1,35.0,3.7,12.8,15,PED-00183,2025-04-25,2025-05-18,CLI-065,Exportador,Estados Unidos,Preventa,300,300,0.193,2,Media,21,1,3431,2146,100.0,1846,Bajo,Alto,26.48,18.9,0.244,-0.081
2025-08-16,FIN-03-L052,FIN-03,Clavel,Dover,Invernadero,2025-06-03,74,1.34,77226,90,Goteo,Coco,Botón,8710,105000,0.88,17.8,23.0,12.2,66.7,12.4,0.0,0.65,11.9,54.9,31,27,15.3,12.6,77.1,Alto,1,1.2,16.1,8.8,11,PED-00184,2025-08-02,2025-08-20,CLI-107,Retail,Estados Unidos,Spot,1055,1055,0.25,5,Media,14,0,8688,6436,100.0,5381,Bajo,Alto,135.98,55.0,0.165,-0.004
2025-02-05,FIN-03-L009,FIN-03,Clavel,Dover,Invernadero,2024-11-11,86,0.44,84292,90,Microaspersión,Coco,Botón,2860,105000,0.88,16.6,23.1,10.0,70.3,17.0,0.0,0.54,12.3,47.3,11,7,4.9,2.3,75.6,Alto,0,35.0,0.4,11.6,13,PED-00185,2025-01-22,2025-02-08,CLI-041,Exportador,Estados Unidos,Contrato,9703,2505,0.271,5,Media,14,0,3622,2357,25.8,-7346,Alto,Bajo,334.22,24.9,0.295,0.028
2025-12-04,FIN-03-L013,FIN-03,Rosa,Mondial,Invernadero,2025-07-12,145,0.68,66827,105,Microaspersión,Cascarilla,Cosecha,4420,85000,0.88,13.3,20.8,8.7,70.8,9.5,1.5,0.43,11.9,54.8,27,10,8.7,7.0,78.6,Medio,0,14.6,0.8,6.3,6,PED-00186,2025-11-20,2025-12-06,CLI-035,Retail,Canadá,Spot,2798,1317,0.525,0,Media,14,0,1606,1275,47.1,-1523,Alto,Bajo,449.95,64.8,0.31,0.131
2025-06-10,FIN-02-L057,FIN-02,Rosa,Explorer,Invernadero,2025-02-02,128,0.74,55220,105,Microaspersión,Suelo,Cosecha,4810,85000,0.88,15.3,19.9,8.4,58.9,16.9,1.2,0.69,11.7,50.0,34,10,7.7,6.0,78.7,Medio,0,27.3,3.9,9.5,14,PED-00187,2025-05-20,2025-06-13,CLI-036,Broker,Canadá,Contrato,7887,2440,0.389,0,Media,21,1,3435,2338,30.9,-5549,Alto,Bajo,468.04,35.7,0.38,0.071
2025-04-01,FIN-02-L035,FIN-02,Rosa,Mondial,Invernadero,2025-01-01,90,1.15,72146,105,Microaspersión,Cascarilla,Botón,7474,85000,0.88,15.5,23.7,11.2,81.1,15.0,1.2,0.32,11.9,73.9,26,25,13.8,6.1,67.6,Medio,1,8.0,30.0,14.8,16,PED-00188,2025-03-18,2025-04-02,CLI-118,Exportador,Países Bajos,Contrato,9034,1827,0.503,10,Alta,14,0,4174,2318,20.2,-6716,Alto,Bajo,527.1,9.6,0.28,0.221
2025-06-05,FIN-04-L057,FIN-04,Rosa,Vendela,Invernadero,2025-01-29,127,0.59,58216,105,Goteo,Coco,Vegetativo,3835,85000,0.88,18.1,23.3,14.0,73.7,18.3,0.0,0.52,11.8,36.1,25,9,7.5,8.2,93.0,Medio,0,3.1,30.0,13.2,5,PED-00189,2025-05-22,2025-06-06,CLI-085,Exportador,Países Bajos,Contrato,6696,2141,0.471,5,Media,14,0,3237,1995,32.0,-4701,Alto,Bajo,570.07,26.2,0.295,0.074
2025-03-01,FIN-02-L052,FIN-02,Clavel,Bizet,Invernadero,2024-11-07,114,0.67,76054,90,Microaspersión,Suelo,Vegetativo,4355,105000,0.88,19.1,27.2,14.9,75.5,13.9,0.0,0.51,12.5,70.6,17,13,9.1,3.1,76.3,Medio,0,18.6,15.8,13.3,12,PED-00190,2025-02-15,2025-03-03,CLI-037,Mayorista,Canadá,Contrato,3213,1289,0.227,0,Alta,14,1,2269,1407,40.1,-1806,Alto,Bajo,141.9,21.4,0.31,0.0
2025-10-27,FIN-03-L060,FIN-03,Rosa,Explorer,Invernadero,2025-05-15,165,1.6,69819,105,Microaspersión,Suelo,Botón,10400,85000,0.88,14.8,21.8,8.9,68.2,16.0,0.0,0.52,11.9,49.7,23,26,15.4,13.9,92.8,Alto,0,32.1,7.8,14.0,8,PED-00191,2025-10-20,2025-10-29,CLI-036,Exportador,Países Bajos,Preventa,10704,2292,0.421,5,Alta,7,0,3800,2343,21.4,-8361,Alto,Bajo,502.96,17.2,0.225,0.006
2025-02-16,FIN-01-L001,FIN-01,Rosa,Explorer,Campo abierto,2024-10-30,109,0.95,67881,105,Microaspersión,Cascarilla,Cosecha,6175,85000,0.88,17.2,24.0,12.1,75.1,15.6,2.4,0.47,12.8,33.0,23,18,11.1,10.5,76.5,Bajo,0,16.4,3.6,9.0,3,PED-00192,2025-01-02,2025-02-17,CLI-090,Exportador,Canadá,Preventa,4996,3871,0.453,0,Media,45,0,6160,4609,77.5,-387,Medio,Bajo,999.1,51.9,0.45,0.019
2025-02-05,FIN-01-L007,FIN-01,Rosa,Freedom,Invernadero,2024-09-30,128,0.29,63882,105,Goteo,Suelo,Cosecha,1884,85000,0.88,15.6,21.2,9.4,74.7,13.2,3.8,0.43,11.8,55.2,30,6,3.4,1.5,95.8,Alto,0,20.9,11.6,10.7,9,PED-00193,2025-01-06,2025-02-09,CLI-074,Supermercado,Canadá,Spot,9033,693,0.453,0,Alta,30,0,1096,734,7.7,-8299,Alto,Bajo,187.37,34.8,0.45,0.105
2025-09-01,FIN-01-L030,FIN-01,Clavel,Dover,Invernadero,2025-07-14,49,0.23,79925,90,Microaspersión,Suelo,Botón,1495,105000,0.88,14.7,20.0,8.8,80.5,22.3,0.7,0.32,12.0,34.1,35,4,2.7,1.5,68.2,Medio,0,7.4,23.7,14.4,2,PED-00194,2025-08-25,2025-09-03,CLI-035,Mayorista,Países Bajos,Spot,1631,613,0.296,0,Media,7,0,948,579,37.6,-1052,Alto,Bajo,119.41,20.9,0.24,0.017
2025-10-05,FIN-03-L032,FIN-03,Rosa,Mondial,Invernadero,2025-07-13,84,1.62,61711,105,Microaspersión,Suelo,Cosecha,10530,85000,0.88,17.8,23.9,12.3,75.9,13.1,0.0,0.47,12.1,58.9,36,30,18.4,10.3,79.3,Medio,1,20.4,5.4,11.0,9,PED-00195,2025-09-21,2025-10-10,CLI-092,Broker,Países Bajos,Preventa,6838,4923,0.379,2,Media,14,0,7441,5243,72.0,-1595,Alto,Bajo,907.34,40.1,0.304,0.006
2025-07-29,FIN-04-L014,FIN-04,Rosa,Freedom,Invernadero,2025-04-20,100,1.55,76413,105,Microaspersión,Coco,Cosecha,10075,85000,0.88,18.3,23.5,11.8,80.8,17.9,0.6,0.39,12.7,22.6,18,28,23.1,15.6,74.8,Medio,0,14.4,12.8,11.2,17,PED-00196,2025-07-15,2025-08-02,CLI-044,Broker,Países Bajos,Spot,8324,8324,0.443,2,Media,14,0,12062,8156,100.0,-168,Medio,Bajo,2183.01,35.8,0.174,0.02
2025-05-22,FIN-02-L030,FIN-02,Rosa,Explorer,Invernadero,2025-01-25,117,0.71,63915,105,Microaspersión,Coco,Cosecha,4615,85000,0.88,15.5,21.6,9.8,59.7,13.8,0.2,0.69,12.6,71.0,36,11,6.9,8.2,75.8,Bajo,1,19.4,30.0,16.9,3,PED-00197,2025-05-15,2025-05-24,CLI-028,Mayorista,Chile,Preventa,2638,837,0.549,0,Media,7,0,1689,928,31.7,-1710,Alto,Bajo,317.69,0.0,0.24,-0.052
2025-11-30,FIN-02-L009,FIN-02,Rosa,Explorer,Invernadero,2025-09-22,69,1.09,59785,105,Microaspersión,Suelo,Botón,7085,85000,0.88,17.8,22.5,12.1,74.8,19.1,0.0,0.49,11.8,44.2,36,22,14.8,11.6,94.9,Medio,1,18.6,7.6,11.1,0,PED-00198,2025-11-16,2025-12-02,CLI-070,Exportador,Chile,Preventa,9154,4715,0.398,10,Alta,14,0,6116,4361,51.5,-4793,Alto,Bajo,912.79,43.0,0.28,-0.009
2025-05-15,FIN-01-L039,FIN-01,Rosa,Mondial,Invernadero,2025-02-17,87,0.21,66367,105,Microaspersión,Coco,Botón,1365,85000,0.88,16.2,20.7,11.4,77.1,25.0,0.2,0.41,12.3,19.4,32,4,2.0,1.6,90.5,Medio,1,22.7,0.2,8.7,8,PED-00199,2025-04-24,2025-05-17,CLI-071,Exportador,Estados Unidos,Spot,7960,1431,0.367,0,Media,21,1,1750,1317,18.0,-6643,Alto,Bajo,270.09,52.3,0.38,0.062
2025-06-07,FIN-04-L035,FIN-04,Rosa,Mondial,Invernadero,2025-03-27,72,0.71,74607,105,Microaspersión,Coco,Botón,4615,85000,0.88,14.9,23.4,9.2,87.2,24.2,0.0,0.25,12.0,5.0,35,11,9.3,7.5,89.0,Medio,1,18.1,30.0,17.0,2,PED-00200,2025-05-08,2025-06-12,CLI-042,Mayorista,Chile,Contrato,7280,1007,0.4,2,Media,30,1,2420,1331,13.8,-5949,Alto,Bajo,198.88,0.0,0.45,0.009
2025-07-09,FIN-04-L021,FIN-04,Gypsophila,Xlence,Invernadero,2025-04-19,81,0.68,102424,75,Microaspersión,Cascarilla,Vegetativo,4420,78000,0.88,17.8,26.7,11.5,68.4,24.1,3.0,0.62,12.0,23.5,26,11,5.7,5.4,94.1,Alto,0,19.0,10.7,10.2,8,PED-00201,2025-06-18,2025-07-11,CLI-062,Supermercado,Colombia,Spot,2061,2061,0.206,2,Media,21,0,5607,3861,100.0,1800,Bajo,Alto,240.65,39.5,0.244,-0.05
2025-04-18,FIN-01-L008,FIN-01,Rosa,Vendela,Invernadero,2025-01-15,93,0.39,69763,105,Microaspersión,Cascarilla,Cosecha,2535,85000,0.88,16.2,24.9,11.5,51.5,22.0,0.0,0.86,11.9,36.8,27,7,5.0,2.9,82.9,Alto,0,15.4,21.3,12.8,8,PED-00202,2025-03-04,2025-04-23,CLI-028,Mayorista,España,Contrato,3555,1766,0.42,5,Baja,45,0,3059,1847,49.7,-1708,Alto,Bajo,415.5,20.3,0.45,-0.147
2025-07-30,FIN-01-L038,FIN-01,Clavel,Dover,Invernadero,2025-05-30,61,0.95,66021,90,Microaspersión,Cascarilla,Cosecha,6175,105000,0.88,13.6,21.9,7.9,77.5,17.2,0.2,0.34,12.3,44.3,26,18,12.4,6.8,76.3,Medio,1,15.2,6.9,8.2,1,PED-00203,2025-07-09,2025-08-02,CLI-104,Exportador,Estados Unidos,Preventa,7110,3930,0.296,0,Alta,21,1,5454,3992,55.3,-3118,Alto,Bajo,749.66,50.2,0.38,0.069
2025-10-26,FIN-04-L041,FIN-04,Clavel,Dover,Invernadero,2025-09-03,53,1.53,74868,90,Goteo,Suelo,Cosecha,9945,105000,0.88,14.8,19.0,8.6,68.8,10.6,3.0,0.51,12.6,64.8,21,35,19.9,16.0,78.4,Medio,1,19.9,13.6,16.5,0,PED-00204,2025-10-12,2025-10-28,CLI-042,Broker,Países Bajos,Preventa,5335,1946,0.252,2,Alta,14,0,3527,2183,36.5,-3152,Alto,Bajo,242.09,16.7,0.304,0.081
2025-11-01,FIN-03-L027,FIN-03,Gypsophila,Xlence,Invernadero,2025-08-15,78,1.47,94092,75,Microaspersión,Suelo,Reposo,9555,78000,0.88,17.0,23.9,10.7,87.2,14.3,0.0,0.25,11.9,57.3,27,32,17.0,12.3,98.3,Alto,1,8.5,27.7,14.7,7,PED-00205,2025-10-18,2025-11-04,CLI-018,Exportador,Colombia,Spot,870,870,0.208,0,Baja,14,0,7720,4646,100.0,3776,Bajo,Alto,96.36,20.3,0.22,-0.076
2025-06-18,FIN-03-L037,FIN-03,Rosa,Vendela,Invernadero,2025-03-06,104,1.2,71472,105,Goteo,Cascarilla,Cosecha,7800,85000,0.88,15.5,23.5,11.2,80.1,18.1,3.3,0.34,12.4,59.6,16,26,16.5,8.9,82.8,Medio,0,0.8,12.4,9.5,7,PED-00206,2025-06-04,2025-06-22,CLI-014,Broker,Chile,Contrato,5924,5924,0.559,5,Media,14,0,9893,7674,100.0,1750,Bajo,Medio,2072.44,61.0,0.165,-0.053
2025-03-09,FIN-02-L044,FIN-02,Rosa,Vendela,Campo abierto,2024-12-03,96,1.65,74167,105,Microaspersión,Suelo,Cosecha,10725,85000,0.88,17.6,22.0,11.7,84.5,11.2,0.0,0.3,12.3,55.2,32,40,22.2,17.9,81.3,Medio,1,25.9,3.7,12.6,10,PED-00207,2025-02-16,2025-03-14,CLI-055,Mayorista,Países Bajos,Spot,5593,5232,0.46,0,Media,21,1,7145,4865,93.5,-728,Medio,Bajo,1474.64,32.1,0.25,-0.183
2025-01-02,FIN-03-L029,FIN-03,Gypsophila,Xlence,Invernadero,2024-09-17,107,1.38,85789,75,Goteo,Suelo,Cosecha,8970,78000,0.88,17.4,25.7,11.3,64.6,16.5,0.0,0.68,12.7,52.6,35,26,16.6,14.9,100.0,Alto,0,35.0,2.0,13.0,14,PED-00208,2024-12-12,2025-01-03,CLI-047,Exportador,Chile,Spot,7416,2699,0.227,0,Baja,21,0,4550,2989,36.4,-4427,Alto,Bajo,378.51,25.7,0.42,0.023
2025-03-26,FIN-03-L017,FIN-03,Clavel,Bizet,Invernadero,2024-12-06,110,0.32,86827,90,Goteo,Coco,Vegetativo,2080,105000,0.88,15.0,19.8,9.1,74.4,18.3,0.7,0.42,12.1,44.6,32,7,4.6,2.5,85.1,Alto,1,21.8,9.6,12.2,17,PED-00209,2025-02-24,2025-03-31,CLI-096,Mayorista,Colombia,Spot,2403,1518,0.311,5,Baja,30,1,2164,1436,63.2,-967,Alto,Bajo,264.79,30.7,0.45,0.057
2025-03-28,FIN-01-L036,FIN-01,Rosa,Mondial,Invernadero,2024-11-01,147,1.46,73908,105,Goteo,Coco,Cosecha,9490,85000,0.88,12.8,19.1,7.4,68.7,9.5,2.2,0.44,12.3,61.7,35,32,17.6,17.0,85.4,Medio,1,10.5,3.4,8.7,8,PED-00210,2025-02-26,2025-04-02,CLI-094,Mayorista,Chile,Contrato,4955,1851,0.366,0,Media,30,0,2861,2275,37.4,-2680,Alto,Bajo,368.24,63.3,0.45,-0.121
2025-03-25,FIN-01-L038,FIN-01,Rosa,Mondial,Invernadero,2024-11-14,131,0.28,59189,105,Goteo,Suelo,Cosecha,1820,85000,0.88,13.8,20.7,7.5,81.0,15.5,1.2,0.29,12.4,49.7,27,4,3.2,2.1,89.5,Alto,1,2.7,16.1,8.6,17,PED-00211,2025-03-11,2025-03-27,CLI-021,Exportador,Estados Unidos,Contrato,10822,878,0.37,0,Baja,14,1,1436,1069,8.1,-9753,Alto,Bajo,149.78,56.4,0.35,-0.108
2025-10-02,FIN-04-L029,FIN-04,Clavel,Nelson,Campo abierto,2025-07-06,88,1.53,82800,90,Goteo,Cascarilla,Botón,9945,105000,0.88,18.1,25.9,12.3,75.4,18.4,0.6,0.49,11.9,47.9,28,28,20.9,11.3,86.3,Alto,1,2.7,23.3,10.7,11,PED-00212,2025-09-11,2025-10-06,CLI-032,Exportador,Colombia,Preventa,4299,4299,0.284,10,Baja,21,1,12482,8436,100.0,4137,Bajo,Alto,576.43,40.4,0.26,0.168
2025-01-11,FIN-01-L004,FIN-01,Rosa,Explorer,Invernadero,2024-10-20,83,1.44,58356,105,Goteo,Coco,Vegetativo,9360,85000,0.88,18.0,24.9,12.4,75.0,18.0,0.0,0.5,12.0,57.8,37,29,15.4,9.6,89.4,Bajo,1,30.5,11.2,14.2,7,PED-00213,2024-12-21,2025-01-16,CLI-014,Mayorista,Chile,Marketplace,4942,3739,0.393,0,Media,21,0,5831,3469,75.7,-1473,Alto,Bajo,751.83,13.0,0.38,0.095
2025-03-11,FIN-01-L001,FIN-01,Rosa,Freedom,Invernadero,2024-12-05,96,0.2,62842,105,Microaspersión,Coco,Botón,1300,85000,0.88,17.1,21.5,13.0,86.2,21.7,0.7,0.26,12.1,41.8,31,5,2.0,1.8,96.5,Medio,0,12.6,30.0,12.8,10,PED-00214,2025-02-18,2025-03-13,CLI-101,Exportador,Chile,Preventa,8976,725,0.502,5,Media,21,0,1165,657,8.1,-8319,Alto,Bajo,196.03,14.6,0.365,-0.035
2025-10-31,FIN-04-L059,FIN-04,Rosa,Explorer,Invernadero,2025-07-11,112,1.6,67195,105,Goteo,Cascarilla,Botón,10400,85000,0.88,15.9,24.8,11.0,70.0,15.9,0.1,0.52,12.3,67.2,19,29,18.0,18.7,85.7,Bajo,0,4.9,14.6,12.2,10,PED-00215,2025-10-01,2025-11-03,CLI-017,Retail,Países Bajos,Marketplace,1570,1570,0.481,10,Media,30,1,9446,6854,100.0,5284,Bajo,Alto,395.08,47.0,0.31,-0.089
2025-12-30,FIN-01-L020,FIN-01,Rosa,Freedom,Invernadero,2025-10-02,89,0.94,78586,105,Goteo,Coco,Vegetativo,6110,85000,0.88,15.6,19.6,10.0,69.6,12.5,0.0,0.52,12.3,56.2,33,18,12.1,7.3,88.1,Medio,1,19.2,11.8,12.1,11,PED-00216,2025-12-23,2026-01-01,CLI-015,Exportador,Estados Unidos,Spot,12938,2194,0.559,8,Media,7,0,4343,2888,17.0,-10050,Alto,Bajo,735.25,32.0,0.216,0.051
2025-02-06,FIN-04-L012,FIN-04,Gypsophila,Xlence,Invernadero,2024-11-17,81,1.56,85841,75,Goteo,Suelo,Botón,10140,78000,0.88,13.4,21.6,8.0,85.0,14.1,1.3,0.25,11.9,47.3,36,24,21.2,16.6,98.4,Medio,0,6.8,20.3,12.1,13,PED-00217,2025-01-23,2025-02-10,CLI-045,Mayorista,Colombia,Preventa,6177,4479,0.216,5,Alta,14,0,6796,4633,72.5,-1544,Alto,Bajo,499.79,39.2,0.295,-0.061
2025-09-22,FIN-01-L042,FIN-01,Rosa,Mondial,Invernadero,2025-07-06,78,1.56,61248,105,Goteo,Coco,Reposo,10140,85000,0.88,17.4,22.3,10.8,80.1,20.9,0.0,0.38,12.4,28.4,22,35,14.7,13.1,89.0,Medio,1,6.3,3.9,11.1,17,PED-00218,2025-08-23,2025-09-25,CLI-058,Retail,Estados Unidos,Marketplace,2512,2512,0.414,0,Alta,30,1,12000,9727,100.0,7215,Bajo,Alto,594.3,64.3,0.34,0.051
2025-05-29,FIN-01-L025,FIN-01,Rosa,Mondial,Invernadero,2025-02-23,95,0.23,74039,105,Goteo,Suelo,Vegetativo,1495,85000,0.88,13.2,19.6,8.8,81.3,22.7,0.4,0.27,11.8,42.0,18,4,2.9,2.6,71.8,Alto,1,0.4,16.2,8.0,12,PED-00219,2025-05-15,2025-05-30,CLI-009,Exportador,Países Bajos,Spot,8915,1740,0.53,10,Media,14,1,2114,1570,19.5,-7345,Alto,Bajo,508.51,56.3,0.28,0.036
2025-03-04,FIN-01-L031,FIN-01,Rosa,Vendela,Campo abierto,2024-09-29,156,0.61,67682,105,Goteo,Suelo,Reposo,3965,85000,0.88,16.4,21.0,12.4,83.4,18.2,7.3,0.3,12.1,29.1,25,10,6.5,2.7,71.0,Alto,1,10.5,4.5,9.6,14,PED-00220,2025-02-25,2025-03-05,CLI-074,Supermercado,Colombia,Preventa,2995,2137,0.487,0,Media,7,0,2809,2158,71.4,-837,Alto,Bajo,673.04,56.1,0.24,-0.058
2025-08-15,FIN-01-L012,FIN-01,Rosa,Vendela,Invernadero,2025-04-22,115,0.29,72694,105,Goteo,Suelo,Botón,1884,85000,0.88,15.4,22.6,9.7,75.3,14.7,1.7,0.42,12.5,41.1,32,6,4.2,3.4,90.3,Medio,1,6.8,4.7,6.1,9,PED-00221,2025-07-01,2025-08-18,CLI-005,Exportador,Canadá,Preventa,6730,1732,0.463,12,Alta,45,1,2104,1730,25.7,-5000,Alto,Bajo,397.84,73.2,0.45,0.174
2025-03-23,FIN-01-L002,FIN-01,Rosa,Mondial,Invernadero,2024-12-04,109,0.19,61177,105,Microaspersión,Cascarilla,Botón,1235,85000,0.88,17.7,25.2,11.7,55.8,18.2,0.0,0.86,12.7,33.9,34,4,2.4,1.5,84.7,Medio,1,14.6,3.8,8.3,9,PED-00222,2025-03-02,2025-03-26,CLI-015,Exportador,Canadá,Spot,7149,1360,0.368,2,Media,21,0,1723,1324,19.0,-5825,Alto,Bajo,265.61,57.6,0.374,0.017
2025-09-19,FIN-01-L028,FIN-01,Rosa,Vendela,Invernadero,2025-06-08,103,1.4,68679,105,Goteo,Cascarilla,Botón,9100,85000,0.88,18.3,27.0,12.3,60.7,16.5,1.0,0.79,11.7,50.4,17,28,17.3,17.3,71.9,Alto,0,6.6,7.7,11.2,7,PED-00223,2025-09-05,2025-09-22,CLI-114,Broker,Estados Unidos,Contrato,3816,3816,0.474,2,Baja,14,1,13609,10355,100.0,6539,Bajo,Alto,1121.43,53.7,0.214,-0.011
2025-07-09,FIN-04-L058,FIN-04,Rosa,Explorer,Invernadero,2025-03-19,112,1.01,60563,105,Goteo,Coco,Botón,6565,85000,0.88,14.3,19.1,8.6,60.5,7.0,0.5,0.62,12.6,80.5,37,18,11.6,10.4,89.5,Alto,1,12.3,0.4,5.2,4,PED-00224,2025-06-18,2025-07-10,CLI-002,Exportador,Países Bajos,Spot,8477,2102,0.402,2,Alta,21,1,3286,2716,24.8,-5761,Alto,Bajo,416.98,73.6,0.374,0.085
2025-08-31,FIN-02-L034,FIN-02,Rosa,Explorer,Invernadero,2025-04-03,150,0.4,68612,105,Goteo,Suelo,Botón,2600,85000,0.88,17.8,25.8,13.8,76.7,18.1,0.0,0.46,12.0,50.3,38,8,3.9,1.6,85.7,Medio,0,18.9,30.0,17.1,7,PED-00225,2025-08-24,2025-09-05,CLI-060,Retail,Estados Unidos,Preventa,1666,436,0.535,0,Baja,7,0,798,438,26.2,-1228,Alto,Bajo,150.69,0.0,0.28,-0.091
2025-07-20,FIN-01-L020,FIN-01,Rosa,Mondial,Invernadero,2025-02-22,148,1.17,70863,105,Goteo,Suelo,Botón,7604,85000,0.88,17.2,24.4,10.6,86.0,17.7,2.7,0.26,11.7,56.5,24,22,14.3,8.1,88.0,Alto,1,3.8,3.2,6.5,2,PED-00226,2025-06-29,2025-07-25,CLI-102,Exportador,Estados Unidos,Preventa,10232,4206,0.508,10,Media,21,0,6373,5408,41.1,-4824,Alto,Bajo,1233.9,78.2,0.35,-0.132
2025-01-04,FIN-01-L040,FIN-01,Rosa,Explorer,Campo abierto,2024-09-18,108,1.04,69249,105,Microaspersión,Suelo,Vegetativo,6760,85000,0.88,15.4,20.3,11.1,76.3,19.6,3.4,0.4,12.6,38.2,35,21,14.3,12.2,100.0,Medio,0,8.4,3.8,4.9,0,PED-00227,2024-12-05,2025-01-09,CLI-052,Exportador,Estados Unidos,Preventa,7696,7696,0.499,8,Baja,30,0,11530,9622,100.0,1926,Bajo,Medio,2147.19,77.2,0.356,-0.04
2025-12-17,FIN-01-L045,FIN-01,Clavel,Bizet,Invernadero,2025-10-01,77,1.0,76725,90,Microaspersión,Cascarilla,Vegetativo,6500,105000,0.88,13.4,21.0,6.8,85.2,7.0,0.6,0.25,12.1,82.5,18,13,14.0,9.8,93.9,Medio,0,11.0,5.7,7.2,7,PED-00228,2025-11-26,2025-12-18,CLI-091,Retail,Colombia,Preventa,2375,2055,0.326,5,Alta,21,0,3083,2430,86.5,55,Bajo,Bajo,389.45,64.4,0.235,-0.102
2025-02-28,FIN-02-L047,FIN-02,Rosa,Vendela,Invernadero,2024-10-03,148,0.45,69020,105,Goteo,Cascarilla,Botón,2925,85000,0.88,16.8,24.4,12.6,69.8,12.7,1.0,0.56,12.2,65.0,29,10,4.5,3.4,95.9,Medio,0,1.5,0.8,6.5,4,PED-00229,2025-02-21,2025-03-04,CLI-053,Exportador,Estados Unidos,Spot,8346,1709,0.386,0,Alta,7,1,1936,1722,20.5,-6624,Alto,Bajo,318.08,87.0,0.24,0.123
2025-08-12,FIN-04-L052,FIN-04,Clavel,Bizet,Invernadero,2025-06-05,68,1.7,77982,90,Goteo,Cascarilla,Cosecha,11050,105000,0.88,13.6,21.2,7.8,67.6,11.4,0.0,0.48,11.8,64.0,28,44,19.7,16.2,71.4,Alto,0,9.7,14.8,17.0,14,PED-00230,2025-07-22,2025-08-17,CLI-052,Mayorista,Estados Unidos,Contrato,3611,3611,0.296,0,Media,21,0,7246,4795,100.0,1184,Bajo,Medio,700.69,26.4,0.25,-0.016
2025-02-18,FIN-02-L032,FIN-02,Rosa,Explorer,Invernadero,2024-11-28,82,1.07,67108,105,Goteo,Suelo,Botón,6955,85000,0.88,14.7,20.5,10.2,69.3,11.2,0.0,0.5,12.3,66.5,19,20,14.3,8.7,73.2,Bajo,1,35.0,2.8,14.1,11,PED-00231,2025-02-04,2025-02-20,CLI-043,Exportador,Países Bajos,Spot,9637,1734,0.466,2,Media,14,0,2699,1671,18.0,-7966,Alto,Bajo,484.81,15.5,0.304,0.069
2025-10-14,FIN-04-L017,FIN-04,Rosa,Vendela,Campo abierto,2025-06-17,119,1.07,56967,105,Goteo,Coco,Botón,6955,85000,0.88,14.9,22.9,9.2,61.8,15.9,0.3,0.63,11.9,51.5,42,18,12.3,11.9,85.8,Alto,0,6.8,8.0,8.1,14,PED-00232,2025-10-07,2025-10-16,CLI-091,Mayorista,Colombia,Marketplace,5478,5478,0.462,2,Media,7,0,7276,5701,100.0,223,Bajo,Bajo,1539.96,62.9,0.104,-0.062
2025-11-04,FIN-02-L055,FIN-02,Clavel,Dover,Invernadero,2025-09-04,61,1.04,88101,90,Microaspersión,Suelo,Vegetativo,6760,105000,0.88,17.5,21.8,13.0,89.3,12.0,0.0,0.25,11.8,50.6,17,21,14.9,9.0,72.4,Medio,1,24.9,19.4,14.6,11,PED-00233,2025-10-05,2025-11-08,CLI-035,Retail,Países Bajos,Preventa,1758,1489,0.223,5,Alta,30,1,3156,1735,84.7,-23,Medio,Bajo,130.74,3.5,0.325,0.104
2025-07-21,FIN-02-L014,FIN-02,Rosa,Explorer,Campo abierto,2025-03-25,118,0.36,63793,105,Microaspersión,Suelo,Reposo,2340,85000,0.88,16.2,23.7,9.6,67.7,15.5,0.5,0.58,12.3,53.0,19,8,4.9,4.0,89.6,Medio,1,10.4,8.0,7.9,0,PED-00234,2025-07-07,2025-07-22,CLI-015,Exportador,Estados Unidos,Preventa,7829,1849,0.425,0,Media,14,0,2627,2013,23.6,-5816,Alto,Bajo,440.53,59.2,0.31,-0.034
2025-03-30,FIN-04-L046,FIN-04,Rosa,Explorer,Invernadero,2024-11-28,122,0.42,65778,105,Goteo,Suelo,Cosecha,2730,85000,0.88,14.7,20.6,8.6,67.9,10.4,0.0,0.52,11.7,63.8,31,7,4.9,3.9,87.2,Medio,1,28.5,12.6,13.3,9,PED-00235,2025-03-16,2025-04-03,CLI-001,Exportador,Países Bajos,Spot,11429,585,0.393,0,Baja,14,1,1066,636,5.1,-10793,Alto,Bajo,129.55,15.1,0.35,0.003
2025-04-12,FIN-01-L013,FIN-01,Gypsophila,Xlence,Invernadero,2025-02-05,66,0.23,94155,75,Microaspersión,Coco,Reposo,1495,78000,0.88,16.4,24.0,10.7,63.3,18.3,0.0,0.66,12.3,44.1,12,4,2.8,2.0,92.4,Alto,1,7.0,21.7,9.9,3,PED-00236,2025-03-29,2025-04-14,CLI-057,Mayorista,España,Marketplace,3046,769,0.217,8,Alta,14,1,1493,1003,25.2,-2043,Alto,Bajo,91.5,40.0,0.286,-0.072
2025-04-22,FIN-03-L051,FIN-03,Rosa,Vendela,Invernadero,2025-01-15,97,0.34,60330,105,Goteo,Suelo,Cosecha,2210,85000,0.88,16.2,22.2,11.6,90.1,18.3,4.1,0.25,12.4,32.8,24,8,3.9,1.8,85.4,Medio,1,15.4,15.7,11.9,1,PED-00237,2025-03-23,2025-04-24,CLI-015,Exportador,Países Bajos,Contrato,9542,990,0.403,5,Baja,30,1,1935,1267,10.4,-8275,Alto,Bajo,209.13,31.2,0.45,0.075
2025-09-29,FIN-02-L010,FIN-02,Rosa,Vendela,Invernadero,2025-06-05,116,1.59,71703,105,Microaspersión,Coco,Botón,10335,85000,0.88,13.0,18.3,8.1,75.2,20.3,1.7,0.35,11.9,54.4,21,28,14.4,14.8,86.7,Medio,0,6.3,2.5,9.0,17,PED-00238,2025-08-15,2025-10-03,CLI-088,Broker,Estados Unidos,Spot,6183,6183,0.364,2,Alta,45,1,12258,10148,100.0,3965,Bajo,Alto,1014.78,70.2,0.45,-0.078
2025-02-01,FIN-03-L026,FIN-03,Rosa,Vendela,Invernadero,2024-10-05,119,1.56,66021,105,Goteo,Coco,Botón,10140,85000,0.88,15.5,21.4,10.2,61.4,18.4,2.1,0.66,12.1,37.4,25,38,17.0,14.6,92.1,Medio,1,8.0,21.2,14.0,3,PED-00239,2025-01-25,2025-02-05,CLI-042,Exportador,Estados Unidos,Contrato,17677,4728,0.55,2,Alta,7,0,8791,5744,26.7,-11933,Alto,Bajo,1678.13,30.6,0.234,0.055
2025-10-18,FIN-01-L035,FIN-01,Rosa,Mondial,Invernadero,2025-07-03,107,0.71,71279,105,Goteo,Suelo,Botón,4615,85000,0.88,12.4,20.7,7.1,78.3,17.7,0.0,0.3,11.5,54.3,19,10,11.2,4.4,87.7,Medio,1,7.5,4.4,5.5,1,PED-00240,2025-09-18,2025-10-23,CLI-018,Exportador,Estados Unidos,Contrato,5710,3910,0.481,5,Media,30,1,5701,4677,68.5,-1033,Alto,Bajo,1009.89,73.3,0.45,0.056
2025-03-05,FIN-03-L044,FIN-03,Clavel,Nelson,Campo abierto,2024-11-07,118,0.76,86555,90,Goteo,Suelo,Botón,4940,105000,0.88,14.9,20.9,9.2,85.6,16.5,1.2,0.25,11.9,60.1,23,18,10.3,4.5,82.2,Medio,1,35.0,13.2,16.5,13,PED-00241,2025-02-12,2025-03-06,CLI-097,Exportador,Países Bajos,Spot,8013,1200,0.287,8,Media,21,1,2486,1367,15.0,-6646,Alto,Bajo,172.27,0.0,0.356,-0.037
2025-10-28,FIN-02-L030,FIN-02,Rosa,Explorer,Invernadero,2025-06-13,137,1.43,57291,105,Microaspersión,Cascarilla,Reposo,9295,85000,0.88,15.0,20.0,9.9,83.5,17.8,4.9,0.27,12.0,67.0,27,29,16.1,17.3,100.0,Medio,1,3.0,4.1,4.6,13,PED-00242,2025-10-07,2025-10-30,CLI-101,Mayorista,Chile,Preventa,3245,3245,0.539,5,Alta,21,0,8476,7338,100.0,4093,Bajo,Alto,989.91,85.0,0.235,0.02
2025-03-04,FIN-01-L004,FIN-01,Clavel,Bizet,Invernadero,2024-12-24,70,0.79,89321,90,Microaspersión,Cascarilla,Reposo,5135,105000,0.88,17.9,22.7,13.7,60.2,21.6,1.2,0.78,12.1,56.8,16,21,9.3,7.5,80.6,Medio,0,1.0,12.5,9.1,13,PED-00243,2025-02-18,2025-03-09,CLI-067,Mayorista,Estados Unidos,Preventa,3509,3509,0.25,0,Alta,14,0,8639,6679,100.0,3170,Bajo,Alto,523.84,60.9,0.18,0.02
2025-02-25,FIN-02-L033,FIN-02,Rosa,Vendela,Invernadero,2024-11-22,95,0.53,68767,105,Goteo,Suelo,Reposo,3445,85000,0.88,19.2,24.1,12.9,72.3,12.4,0.4,0.59,11.9,39.2,36,8,6.0,5.4,85.5,Alto,0,29.7,12.9,13.8,0,PED-00244,2025-01-11,2025-02-26,CLI-015,Supermercado,Estados Unidos,Preventa,3439,1064,0.391,0,Baja,45,1,1872,1093,30.9,-2346,Alto,Bajo,225.95,11.5,0.45,-0.021
2025-08-25,FIN-02-L002,FIN-02,Rosa,Mondial,Invernadero,2025-04-28,119,0.68,62757,105,Microaspersión,Cascarilla,Vegetativo,4420,85000,0.88,13.6,18.2,9.2,65.1,17.1,3.7,0.52,12.3,56.0,24,13,7.9,7.5,82.6,Alto,1,7.1,17.4,10.8,10,PED-00245,2025-08-11,2025-08-29,CLI-007,Mayorista,Estados Unidos,Preventa,5597,2327,0.5,2,Alta,14,0,4478,3101,41.6,-2496,Alto,Bajo,705.02,41.9,0.304,0.075
2025-11-01,FIN-02-L042,FIN-02,Rosa,Vendela,Campo abierto,2025-07-23,101,0.94,65486,105,Microaspersión,Suelo,Botón,6110,85000,0.88,18.7,24.1,12.0,70.4,16.7,3.2,0.61,12.2,44.9,29,19,14.1,8.6,88.6,Alto,0,3.0,10.1,7.7,5,PED-00246,2025-09-17,2025-11-06,CLI-064,Exportador,Estados Unidos,Preventa,8540,7295,0.479,8,Alta,45,1,8513,6759,85.4,-1781,Alto,Bajo,1712.0,66.6,0.45,0.106
2025-05-16,FIN-02-L027,FIN-02,Rosa,Vendela,Invernadero,2024-12-26,141,0.32,64937,105,Goteo,Cascarilla,Botón,2080,85000,0.88,16.0,21.1,11.3,66.5,13.6,0.0,0.59,11.8,62.4,25,6,4.7,3.7,83.5,Alto,1,8.0,5.6,8.2,12,PED-00247,2025-05-02,2025-05-17,CLI-017,Exportador,Estados Unidos,Contrato,8225,818,0.416,8,Media,14,0,1359,1077,9.9,-7148,Alto,Bajo,154.68,64.1,0.286,0.099
2025-07-19,FIN-01-L034,FIN-01,Rosa,Mondial,Invernadero,2025-04-21,89,1.68,49849,105,Microaspersión,Cascarilla,Reposo,10920,85000,0.88,14.8,20.3,8.5,84.7,14.8,0.0,0.25,12.3,63.6,30,25,25.0,14.0,91.9,Medio,1,16.8,3.9,8.4,2,PED-00248,2025-07-12,2025-07-21,CLI-060,Retail,Estados Unidos,Marketplace,2035,2035,0.46,0,Alta,7,0,7442,5665,100.0,3630,Bajo,Alto,543.46,56.0,0.11,-0.066
2025-08-15,FIN-04-L007,FIN-04,Gypsophila,New Love,Invernadero,2025-06-18,58,0.87,97590,75,Microaspersión,Coco,Cosecha,5655,78000,0.88,20.1,24.8,15.7,47.7,17.0,0.8,1.16,12.3,41.6,10,19,8.5,6.0,92.2,Medio,1,6.4,0.8,6.4,2,PED-00249,2025-08-01,2025-08-18,CLI-087,Mayorista,Países Bajos,Preventa,300,300,0.212,0,Alta,14,0,4557,3904,100.0,3604,Bajo,Alto,34.75,79.4,0.18,0.098
2025-04-22,FIN-03-L041,FIN-03,Rosa,Explorer,Invernadero,2024-12-29,114,0.59,69914,105,Microaspersión,Cascarilla,Cosecha,3835,85000,0.88,19.0,27.2,13.5,78.9,15.2,2.0,0.44,11.9,60.8,29,14,6.9,6.0,93.2,Alto,1,7.0,8.0,6.5,0,PED-00250,2025-03-23,2025-04-25,CLI-053,Retail,Canadá,Spot,1773,1773,0.408,10,Media,30,0,4555,3626,100.0,1853,Bajo,Alto,287.46,67.8,0.31,0.071
2025-05-07,FIN-02-L041,FIN-02,Gypsophila,Million Star,Invernadero,2025-03-25,43,1.38,87336,75,Goteo,Coco,Cosecha,8970,78000,0.88,11.8,19.7,4.9,73.1,10.5,8.5,0.35,12.6,77.3,25,30,18.9,14.6,75.7,Medio,0,32.2,4.7,14.2,0,PED-00251,2025-04-16,2025-05-12,CLI-078,Supermercado,Países Bajos,Preventa,2460,1332,0.208,8,Media,21,1,1965,1224,54.1,-1236,Alto,Bajo,131.8,17.0,0.356,0.171
2025-05-07,FIN-01-L057,FIN-01,Rosa,Mondial,Invernadero,2025-01-03,124,1.48,61177,105,Goteo,Suelo,Vegetativo,9620,85000,0.88,18.8,24.5,14.5,89.9,22.9,0.6,0.25,12.3,14.2,30,34,24.6,23.4,72.0,Medio,1,7.4,7.9,9.1,4,PED-00252,2025-04-16,2025-05-10,CLI-110,Exportador,Canadá,Contrato,20897,10046,0.589,0,Baja,21,1,13184,10059,48.1,-10838,Alto,Bajo,3977.82,56.7,0.42,-0.035
2025-01-15,FIN-01-L056,FIN-01,Rosa,Freedom,Invernadero,2024-08-28,140,1.78,45845,105,Microaspersión,Cascarilla,Cosecha,11570,85000,0.88,17.5,26.3,12.5,75.3,13.6,2.2,0.48,11.9,45.9,36,44,20.1,13.3,74.2,Alto,1,14.4,1.2,9.2,13,PED-00253,2024-12-25,2025-01-18,CLI-021,Mayorista,Colombia,Contrato,7645,5951,0.561,2,Media,21,0,8645,6711,77.8,-934,Medio,Bajo,2084.41,57.3,0.244,-0.039
2025-10-26,FIN-04-L054,FIN-04,Rosa,Vendela,Invernadero,2025-07-15,103,1.7,58726,105,Goteo,Suelo,Cosecha,11050,85000,0.88,14.9,19.8,10.5,70.7,11.8,0.8,0.48,11.6,60.1,39,33,14.2,15.9,93.4,Bajo,1,6.0,8.0,7.9,1,PED-00254,2025-09-11,2025-10-27,CLI-051,Mayorista,Estados Unidos,Contrato,4651,4651,0.519,0,Baja,45,0,8269,6588,100.0,1937,Bajo,Alto,1518.87,66.4,0.45,0.112
2025-11-17,FIN-01-L048,FIN-01,Rosa,Explorer,Invernadero,2025-07-31,109,0.39,71707,105,Goteo,Suelo,Reposo,2535,85000,0.88,16.0,24.6,9.7,72.7,11.4,0.7,0.48,12.1,71.2,32,7,3.8,4.9,82.9,Bajo,1,1.8,14.3,7.0,16,PED-00255,2025-11-10,2025-11-19,CLI-055,Exportador,España,Preventa,7266,1037,0.558,0,Baja,7,1,1741,1331,14.3,-5935,Alto,Bajo,403.7,62.1,0.28,0.016
2025-06-12,FIN-01-L019,FIN-01,Rosa,Mondial,Invernadero,2025-02-13,119,1.02,58860,105,Microaspersión,Coco,Cosecha,6630,85000,0.88,16.7,21.6,10.3,54.3,22.1,0.1,0.84,12.6,28.5,29,20,14.8,8.7,97.6,Medio,0,10.0,0.4,5.7,2,PED-00256,2025-05-22,2025-06-16,CLI-049,Exportador,España,Contrato,9478,9478,0.512,5,Media,21,1,10127,8573,100.0,-905,Medio,Bajo,2773.97,77.8,0.235,-0.057
2025-02-19,FIN-03-L054,FIN-03,Clavel,Bizet,Invernadero,2024-12-31,50,0.38,71407,90,Microaspersión,Cascarilla,Cosecha,2470,105000,0.88,12.6,19.1,5.9,77.2,20.6,1.4,0.32,12.4,44.4,46,8,4.7,4.3,81.8,Alto,1,11.4,27.5,13.8,15,PED-00257,2025-02-05,2025-02-23,CLI-079,Broker,España,Spot,7520,786,0.249,2,Media,14,1,1248,715,10.5,-6805,Alto,Bajo,92.42,14.3,0.304,0.014
2025-01-18,FIN-04-L043,FIN-04,Rosa,Explorer,Invernadero,2024-09-18,122,0.27,60857,105,Microaspersión,Cascarilla,Vegetativo,1755,85000,0.88,13.5,17.6,9.4,93.0,17.5,3.9,0.25,12.4,35.9,24,6,3.0,3.0,87.1,Medio,1,10.8,28.4,14.5,17,PED-00258,2024-12-19,2025-01-22,CLI-040,Exportador,España,Spot,9162,701,0.468,10,Alta,30,1,1185,677,7.7,-8485,Alto,Bajo,179.81,13.6,0.44,0.033
2025-03-30,FIN-04-L012,FIN-04,Rosa,Explorer,Invernadero,2025-01-08,81,0.36,61649,105,Microaspersión,Coco,Cosecha,2340,85000,0.88,20.9,25.2,15.3,80.9,24.2,0.1,0.44,11.9,11.3,31,5,4.3,1.7,85.1,Medio,0,7.0,2.8,7.1,7,PED-00259,2025-02-28,2025-04-02,CLI-098,Mayorista,Colombia,Preventa,4549,2253,0.558,10,Alta,30,1,3069,2538,49.5,-2011,Alto,Bajo,728.52,72.4,0.44,0.038
2025-03-14,FIN-02-L027,FIN-02,Rosa,Freedom,Invernadero,2024-11-07,127,1.5,67363,105,Goteo,Cascarilla,Botón,9750,85000,0.88,18.0,22.2,12.4,83.4,23.8,1.0,0.33,12.0,26.9,34,29,11.9,16.6,87.2,Alto,1,8.7,6.9,7.0,4,PED-00260,2025-02-21,2025-03-16,CLI-116,Exportador,Colombia,Contrato,7840,7840,0.455,10,Media,21,0,14771,11621,100.0,3781,Bajo,Alto,1720.5,64.6,0.22,-0.021
2025-05-30,FIN-04-L022,FIN-04,Clavel,Bizet,Campo abierto,2025-02-17,102,0.94,77776,90,Goteo,Suelo,Cosecha,6110,105000,0.88,10.8,17.7,5.4,82.6,19.9,0.0,0.25,12.0,42.6,36,14,12.2,5.9,96.8,Alto,1,16.3,29.2,16.7,5,PED-00261,2025-05-09,2025-06-03,CLI-065,Broker,Colombia,Contrato,5090,2149,0.264,5,Media,21,1,3700,2035,42.2,-3055,Alto,Bajo,299.2,2.5,0.365,-0.025
2025-07-07,FIN-02-L047,FIN-02,Gypsophila,Million Star,Invernadero,2025-04-22,76,0.73,87561,75,Goteo,Cascarilla,Cosecha,4745,78000,0.88,16.3,20.5,10.9,56.8,21.7,0.1,0.77,11.8,32.4,29,17,10.6,6.5,81.7,Bajo,0,5.0,16.3,11.4,11,PED-00262,2025-06-07,2025-07-10,CLI-013,Retail,Países Bajos,Contrato,758,758,0.206,5,Alta,30,1,6073,4316,100.0,3558,Bajo,Alto,81.31,45.0,0.325,0.012
2025-02-08,FIN-03-L028,FIN-03,Clavel,Nelson,Invernadero,2024-10-07,124,1.21,77508,90,Goteo,Coco,Cosecha,7865,105000,0.88,16.9,24.7,11.0,65.6,20.4,1.3,0.64,12.4,19.9,29,16,16.2,10.3,100.0,Alto,1,2.8,2.9,4.2,6,PED-00263,2025-01-25,2025-02-12,CLI-023,Mayorista,Canadá,Contrato,6988,6988,0.257,5,Alta,14,1,12864,11297,100.0,4309,Bajo,Alto,933.89,87.9,0.165,0.026
2025-06-20,FIN-03-L056,FIN-03,Rosa,Vendela,Invernadero,2025-02-25,115,0.78,62166,105,Microaspersión,Cascarilla,Vegetativo,5070,85000,0.88,17.7,22.7,12.8,82.8,14.8,0.0,0.33,12.1,49.8,33,15,14.2,7.7,70.4,Bajo,1,16.8,14.8,11.3,5,PED-00264,2025-05-21,2025-06-25,CLI-110,Exportador,Estados Unidos,Preventa,7154,1908,0.38,5,Media,30,1,3771,2417,26.7,-4737,Alto,Bajo,296.34,28.2,0.45,-0.062
2025-12-04,FIN-04-L021,FIN-04,Gypsophila,Million Star,Invernadero,2025-09-07,88,1.68,96553,75,Goteo,Suelo,Botón,10920,78000,0.88,15.6,24.2,8.9,55.9,22.7,3.6,0.76,12.1,25.9,27,36,22.4,9.1,85.8,Medio,0,17.2,10.1,12.9,12,PED-00265,2025-11-13,2025-12-05,CLI-060,Retail,Chile,Marketplace,1998,1998,0.262,12,Baja,21,0,11307,7747,100.0,5749,Bajo,Alto,278.24,35.1,0.254,0.066
2025-03-04,FIN-03-L055,FIN-03,Rosa,Explorer,Invernadero,2024-12-09,85,1.54,70500,105,Microaspersión,Suelo,Cosecha,10010,85000,0.88,15.3,21.3,9.1,73.0,13.0,2.8,0.45,11.9,61.7,8,33,14.0,8.1,68.1,Medio,0,0.4,5.8,13.9,12,PED-00266,2025-02-02,2025-03-08,CLI-016,Supermercado,Países Bajos,Contrato,5177,5177,0.504,2,Media,30,0,7697,6147,100.0,970,Bajo,Medio,1667.83,58.6,0.334,0.048
2025-08-17,FIN-03-L048,FIN-03,Rosa,Mondial,Invernadero,2025-04-16,123,1.53,70955,105,Microaspersión,Suelo,Botón,9945,85000,0.88,16.2,24.5,10.7,58.0,19.3,6.3,0.75,12.3,21.5,30,27,15.8,19.1,84.1,Medio,1,2.8,17.6,10.1,0,PED-00267,2025-08-03,2025-08-19,CLI-043,Supermercado,Países Bajos,Preventa,3653,3653,0.373,10,Baja,14,1,11664,8410,100.0,4757,Bajo,Alto,557.03,49.5,0.19,-0.11
2025-11-07,FIN-02-L048,FIN-02,Clavel,Nelson,Invernadero,2025-08-01,98,1.06,80876,90,Goteo,Cascarilla,Botón,6890,105000,0.88,12.9,17.5,6.1,76.3,15.1,3.7,0.34,11.9,39.5,36,27,12.9,12.9,100.0,Bajo,0,8.0,16.9,11.2,5,PED-00268,2025-10-17,2025-11-11,CLI-024,Retail,Chile,Spot,1127,1127,0.233,0,Baja,21,1,6515,4606,100.0,3479,Bajo,Alto,137.97,44.9,0.29,0.019
2025-04-21,FIN-02-L012,FIN-02,Gypsophila,Xlence,Invernadero,2025-02-05,75,0.81,105242,75,Goteo,Suelo,Botón,5265,78000,0.88,19.3,25.5,14.3,66.5,22.9,0.0,0.71,12.1,27.4,24,12,10.1,9.0,93.8,Medio,0,5.3,15.3,8.8,0,PED-00269,2025-04-14,2025-04-23,CLI-115,Supermercado,Estados Unidos,Contrato,746,746,0.176,2,Media,7,0,6700,4953,100.0,4207,Bajo,Alto,64.27,54.6,0.104,0.011
2025-10-02,FIN-04-L015,FIN-04,Gypsophila,New Love,Invernadero,2025-06-23,101,1.59,95257,75,Microaspersión,Suelo,Botón,10335,78000,0.88,14.6,22.0,9.8,78.1,14.8,1.1,0.35,12.5,39.5,12,30,20.6,14.8,97.1,Medio,1,11.8,0.0,12.1,17,PED-00270,2025-09-18,2025-10-06,CLI-088,Exportador,Estados Unidos,Contrato,4796,4169,0.233,2,Media,14,1,6397,5200,86.9,404,Bajo,Bajo,551.87,62.3,0.174,-0.032
2025-06-09,FIN-01-L049,FIN-01,Rosa,Explorer,Invernadero,2025-02-23,106,0.77,55086,105,Goteo,Coco,Vegetativo,5005,85000,0.88,11.5,15.9,5.5,59.9,13.4,0.0,0.51,11.9,67.7,29,17,9.2,7.3,73.1,Bajo,1,26.2,3.9,11.5,3,PED-00271,2025-05-26,2025-06-10,CLI-058,Exportador,Estados Unidos,Contrato,8037,1962,0.388,8,Media,14,1,2919,1966,24.4,-6071,Alto,Bajo,303.34,31.6,0.286,-0.005
2025-09-13,FIN-02-L042,FIN-02,Rosa,Vendela,Invernadero,2025-05-12,124,0.94,62404,105,Goteo,Suelo,Cosecha,6110,85000,0.88,15.7,19.8,10.9,74.6,19.2,0.0,0.44,12.7,31.6,30,16,11.3,5.7,75.9,Medio,0,14.1,3.5,9.6,6,PED-00272,2025-08-30,2025-09-15,CLI-018,Exportador,España,Preventa,9892,3930,0.507,0,Media,14,0,6519,4953,39.7,-4939,Alto,Bajo,1324.78,53.8,0.31,0.044
2025-04-13,FIN-03-L021,FIN-03,Clavel,Bizet,Invernadero,2025-01-31,72,0.3,73721,90,Goteo,Cascarilla,Vegetativo,1950,105000,0.88,15.1,23.2,8.4,58.2,16.8,0.0,0.69,11.2,55.1,27,4,4.4,2.4,81.3,Bajo,1,7.5,30.0,12.5,15,PED-00273,2025-04-06,2025-04-17,CLI-081,Broker,Colombia,Marketplace,4921,662,0.255,2,Media,7,0,1276,741,13.5,-4180,Alto,Bajo,81.57,18.6,0.234,0.165
2025-04-17,FIN-03-L038,FIN-03,Rosa,Vendela,Invernadero,2024-12-13,125,1.12,62342,105,Goteo,Cascarilla,Botón,7280,85000,0.88,13.2,22.0,7.2,77.7,15.3,0.0,0.32,12.2,61.0,31,21,14.4,11.9,91.9,Medio,1,22.9,2.4,8.2,15,PED-00274,2025-04-03,2025-04-18,CLI-016,Mayorista,España,Preventa,3105,3105,0.567,0,Baja,14,0,5589,4121,100.0,1016,Bajo,Medio,1146.38,50.1,0.22,0.1
2025-12-22,FIN-01-L041,FIN-01,Rosa,Freedom,Invernadero,2025-08-25,119,0.44,51712,105,Goteo,Coco,Cosecha,2860,85000,0.88,12.5,18.2,6.9,64.5,16.7,0.0,0.49,12.5,37.7,27,8,4.9,1.7,75.9,Medio,1,12.7,29.7,12.9,12,PED-00275,2025-12-08,2025-12-24,CLI-106,Supermercado,Canadá,Preventa,6281,749,0.492,0,Alta,14,1,1521,836,11.9,-5445,Alto,Bajo,228.47,9.6,0.31,0.087
2025-06-01,FIN-02-L033,FIN-02,Rosa,Explorer,Invernadero,2024-12-27,156,0.53,66567,105,Goteo,Coco,Vegetativo,3445,85000,0.88,12.8,20.2,7.1,96.0,19.6,0.0,0.25,11.9,41.3,38,10,7.2,4.2,75.4,Medio,1,26.9,17.0,14.9,0,PED-00276,2025-05-11,2025-06-02,CLI-058,Retail,Estados Unidos,Preventa,1381,600,0.527,10,Media,21,0,1227,679,43.4,-702,Alto,Bajo,165.61,4.4,0.35,0.216
2025-05-23,FIN-02-L027,FIN-02,Rosa,Vendela,Invernadero,2025-02-16,96,0.76,67036,105,Microaspersión,Cascarilla,Reposo,4940,85000,0.88,16.6,21.1,11.6,70.9,14.0,0.1,0.53,11.8,46.2,42,15,7.9,7.8,88.3,Medio,0,6.2,30.0,14.0,14,PED-00277,2025-04-08,2025-05-24,CLI-013,Broker,Estados Unidos,Preventa,6346,1479,0.477,0,Baja,45,0,3005,1773,23.3,-4573,Alto,Bajo,405.13,19.0,0.45,-0.012
2025-05-24,FIN-02-L001,FIN-02,Gypsophila,Xlence,Invernadero,2025-02-09,104,1.38,98555,75,Goteo,Suelo,Reposo,8970,78000,0.88,16.5,20.9,10.3,64.3,18.4,0.9,0.65,11.6,45.9,38,30,18.9,14.0,97.7,Medio,0,6.0,1.4,7.3,2,PED-00278,2025-05-10,2025-05-27,CLI-053,Retail,España,Spot,644,644,0.223,10,Media,14,0,7169,6138,100.0,5494,Bajo,Alto,75.85,78.6,0.15,-0.014
2025-12-04,FIN-04-L053,FIN-04,Gypsophila,Million Star,Invernadero,2025-09-15,80,1.47,91413,75,Microaspersión,Cascarilla,Cosecha,9555,78000,0.88,20.4,27.0,16.1,78.7,17.0,0.3,0.48,12.0,54.9,18,39,20.2,8.3,79.6,Bajo,1,14.6,0.3,13.8,4,PED-00279,2025-11-04,2025-12-09,CLI-003,Broker,Colombia,Spot,5360,5061,0.202,2,Alta,30,0,8277,6368,94.4,1008,Bajo,Medio,571.58,50.0,0.334,0.064
2025-01-13,FIN-04-L008,FIN-04,Rosa,Freedom,Invernadero,2024-10-15,90,0.96,64995,105,Goteo,Coco,Cosecha,6240,85000,0.88,17.2,23.2,11.3,69.9,7.0,1.3,0.57,12.1,76.8,26,17,9.6,8.2,91.3,Medio,1,1.0,4.7,8.0,5,PED-00280,2024-11-29,2025-01-15,CLI-056,Retail,Países Bajos,Contrato,1781,1781,0.505,12,Media,45,0,2841,2416,100.0,635,Bajo,Alto,434.73,77.6,0.45,0.056
2025-10-28,FIN-02-L037,FIN-02,Rosa,Freedom,Invernadero,2025-07-08,112,0.97,70351,105,Microaspersión,Suelo,Vegetativo,6305,85000,0.88,15.9,21.2,10.0,68.7,11.4,0.0,0.55,12.3,86.9,36,24,14.0,7.4,72.2,Bajo,1,6.3,12.8,8.9,15,PED-00281,2025-10-07,2025-10-31,CLI-083,Supermercado,Estados Unidos,Contrato,5456,2878,0.553,2,Media,21,1,4429,3239,52.7,-2217,Alto,Bajo,966.67,51.3,0.374,0.233
2025-05-14,FIN-04-L013,FIN-04,Gypsophila,Xlence,Invernadero,2025-03-10,65,1.69,93040,75,Microaspersión,Suelo,Cosecha,10985,78000,0.88,17.2,21.6,12.3,91.7,20.7,0.9,0.25,12.1,57.5,23,31,18.9,15.0,83.0,Medio,0,5.6,13.1,12.3,1,PED-00282,2025-05-07,2025-05-17,CLI-045,Mayorista,España,Preventa,2820,2820,0.218,2,Alta,7,0,12425,9075,100.0,6255,Bajo,Alto,324.48,47.4,0.104,-0.018
2025-12-17,FIN-02-L036,FIN-02,Rosa,Explorer,Invernadero,2025-08-13,126,1.32,69442,105,Goteo,Cascarilla,Cosecha,8580,85000,0.88,19.8,24.5,13.3,57.7,14.5,0.4,0.92,11.8,56.1,28,24,21.2,12.8,92.0,Medio,1,19.5,17.4,13.7,2,PED-00283,2025-11-26,2025-12-22,CLI-008,Mayorista,Estados Unidos,Preventa,9427,2868,0.423,5,Alta,21,1,5109,3147,30.4,-6280,Alto,Bajo,655.86,20.8,0.365,-0.068
2025-01-02,FIN-01-L037,FIN-01,Gypsophila,Xlence,Invernadero,2024-10-10,84,1.23,102502,75,Goteo,Suelo,Cosecha,7995,78000,0.88,17.7,21.8,11.6,63.0,19.0,0.0,0.72,12.6,27.0,30,26,12.7,14.7,83.8,Medio,1,13.6,14.4,10.6,12,PED-00284,2024-12-03,2025-01-05,CLI-078,Mayorista,España,Preventa,2551,2551,0.221,0,Alta,30,1,6391,4343,100.0,1792,Bajo,Alto,321.7,38.0,0.34,-0.114
2025-07-13,FIN-03-L004,FIN-03,Rosa,Vendela,Invernadero,2025-04-07,97,0.4,58403,105,Microaspersión,Coco,Botón,2600,85000,0.88,15.1,24.1,10.1,70.4,18.5,4.8,0.49,12.0,34.7,28,7,5.7,3.9,82.9,Medio,1,2.1,3.3,5.3,3,PED-00285,2025-06-29,2025-07-16,CLI-008,Mayorista,Estados Unidos,Preventa,2361,2361,0.462,8,Media,14,1,3508,3008,100.0,647,Bajo,Medio,526.51,81.7,0.156,-0.138
2025-05-26,FIN-04-L029,FIN-04,Rosa,Freedom,Invernadero,2025-02-20,95,1.69,62682,105,Microaspersión,Coco,Vegetativo,10985,85000,0.88,18.1,22.6,11.6,78.7,9.9,0.0,0.42,12.3,74.4,24,26,20.3,15.2,75.9,Bajo,0,1.9,6.6,6.0,12,PED-00286,2025-05-19,2025-05-28,CLI-047,Mayorista,Países Bajos,Preventa,3168,3168,0.5,2,Media,7,0,7562,6221,100.0,3053,Bajo,Alto,1021.41,73.8,0.104,-0.112
2025-10-25,FIN-01-L044,FIN-01,Rosa,Freedom,Invernadero,2025-07-31,86,0.77,57577,105,Microaspersión,Suelo,Botón,5005,85000,0.88,22.7,28.6,16.5,72.2,19.0,2.6,0.69,12.3,35.5,30,16,7.7,7.5,100.0,Medio,1,29.8,12.4,14.0,13,PED-00287,2025-10-18,2025-10-29,CLI-001,Retail,Colombia,Spot,1546,1233,0.456,0,Baja,7,0,2656,1596,79.8,50,Bajo,Bajo,333.75,15.3,0.15,-0.137
2025-12-18,FIN-01-L014,FIN-01,Rosa,Freedom,Invernadero,2025-08-24,116,1.79,64925,105,Microaspersión,Coco,Botón,11635,85000,0.88,15.1,21.3,8.7,75.3,23.6,0.8,0.41,12.3,20.9,17,34,20.6,19.9,88.8,Medio,1,35.0,7.1,19.0,8,PED-00288,2025-11-27,2025-12-20,CLI-057,Broker,Países Bajos,Preventa,15098,5810,0.578,8,Media,21,0,11353,6596,38.5,-8502,Alto,Bajo,1887.77,2.7,0.356,0.004
2025-05-10,FIN-03-L023,FIN-03,Rosa,Explorer,Campo abierto,2025-02-18,81,1.17,64641,105,Microaspersión,Suelo,Botón,7604,85000,0.88,15.1,19.5,9.2,68.8,19.3,8.0,0.52,12.4,35.7,33,20,13.0,14.9,84.6,Medio,1,12.6,5.7,11.1,15,PED-00289,2025-05-03,2025-05-15,CLI-064,Retail,Países Bajos,Preventa,3969,3969,0.477,2,Media,7,0,6792,5121,100.0,1152,Bajo,Medio,1034.32,51.6,0.104,-0.047
2025-07-07,FIN-02-L035,FIN-02,Clavel,Bizet,Invernadero,2025-03-22,107,0.79,101346,90,Microaspersión,Suelo,Botón,5135,105000,0.88,15.9,24.4,10.6,80.7,16.6,0.9,0.34,11.2,38.0,31,16,9.3,5.6,86.2,Alto,1,8.8,18.0,11.4,7,PED-00290,2025-06-23,2025-07-12,CLI-001,Exportador,Canadá,Contrato,5018,3150,0.269,5,Media,14,0,5193,3525,62.8,-1493,Alto,Bajo,456.78,38.3,0.295,0.032
2025-12-24,FIN-04-L006,FIN-04,Gypsophila,Million Star,Invernadero,2025-10-26,59,1.33,103203,75,Goteo,Suelo,Cosecha,8645,78000,0.88,15.3,21.6,11.2,75.0,16.9,0.0,0.42,12.4,57.0,25,25,15.7,13.7,88.6,Alto,1,10.2,4.7,6.0,12,PED-00291,2025-12-03,2025-12-27,CLI-017,Exportador,Países Bajos,Preventa,10197,7645,0.215,0,Media,21,0,8579,6870,75.0,-3327,Alto,Bajo,882.27,68.2,0.38,-0.021
2025-08-14,FIN-04-L003,FIN-04,Rosa,Explorer,Invernadero,2025-04-10,126,1.51,58653,105,Microaspersión,Coco,Vegetativo,9815,85000,0.88,17.4,21.9,10.6,89.5,22.7,0.2,0.25,11.5,35.8,29,23,11.9,10.2,96.9,Bajo,0,27.7,8.6,12.7,4,PED-00292,2025-07-15,2025-08-15,CLI-075,Retail,España,Contrato,1012,1012,0.435,5,Alta,30,0,10312,6662,100.0,5650,Bajo,Alto,217.06,25.9,0.325,0.075
2025-09-24,FIN-02-L040,FIN-02,Rosa,Freedom,Invernadero,2025-05-21,126,1.65,52533,105,Goteo,Suelo,Cosecha,10725,85000,0.88,18.8,25.7,12.9,78.6,19.7,1.2,0.44,12.0,29.6,33,36,15.8,10.9,96.1,Medio,1,7.5,24.8,13.4,3,PED-00293,2025-09-10,2025-09-27,CLI-108,Retail,Estados Unidos,Preventa,807,807,0.557,8,Alta,14,0,9369,5940,100.0,5133,Bajo,Alto,251.15,28.2,0.156,-0.051
2025-03-09,FIN-04-L053,FIN-04,Rosa,Vendela,Invernadero,2024-10-18,142,0.78,56340,105,Goteo,Coco,Reposo,5070,85000,0.88,19.9,24.8,15.9,69.8,23.1,0.0,0.66,12.0,35.6,31,15,6.9,6.0,86.7,Alto,0,7.6,5.1,6.9,3,PED-00294,2025-02-07,2025-03-11,CLI-055,Mayorista,España,Preventa,6037,4022,0.465,10,Alta,30,0,6510,5258,66.6,-779,Medio,Bajo,911.45,68.9,0.31,-0.075
2025-07-05,FIN-04-L022,FIN-04,Rosa,Explorer,Invernadero,2025-02-28,127,0.88,57947,105,Microaspersión,Suelo,Vegetativo,5720,85000,0.88,16.2,24.7,11.5,71.8,10.3,0.2,0.5,12.3,76.7,33,12,12.9,8.1,89.5,Medio,0,2.2,29.4,15.0,5,PED-00295,2025-06-21,2025-07-10,CLI-052,Exportador,Chile,Spot,6244,1229,0.496,5,Media,14,1,2228,1372,19.7,-4872,Alto,Bajo,365.73,23.7,0.295,0.184
2025-05-20,FIN-02-L033,FIN-02,Rosa,Mondial,Invernadero,2025-01-18,122,0.44,72452,105,Microaspersión,Cascarilla,Botón,2860,85000,0.88,18.2,22.4,11.7,60.5,18.1,0.0,0.79,12.1,34.4,31,7,4.6,2.9,70.7,Medio,1,17.7,2.9,8.7,10,PED-00296,2025-04-05,2025-05-24,CLI-102,Mayorista,Países Bajos,Preventa,3267,1991,0.373,5,Baja,45,0,3105,2302,60.9,-965,Alto,Bajo,330.32,50.3,0.45,0.052
2025-01-20,FIN-01-L004,FIN-01,Rosa,Freedom,Invernadero,2024-11-15,66,0.78,67622,105,Goteo,Cascarilla,Vegetativo,5070,85000,0.88,18.8,23.9,14.5,70.4,20.1,0.4,0.61,12.9,24.2,47,16,9.9,7.9,90.1,Medio,1,2.2,0.7,6.0,4,PED-00297,2025-01-13,2025-01-22,CLI-007,Mayorista,Chile,Contrato,7067,3625,0.516,5,Media,7,1,5336,4707,51.3,-2360,Alto,Bajo,1110.64,85.8,0.225,0.041
2025-05-13,FIN-04-L056,FIN-04,Clavel,Nelson,Invernadero,2025-01-18,115,1.04,83019,90,Microaspersión,Cascarilla,Cosecha,6760,105000,0.88,16.6,25.1,9.9,88.8,25.6,1.9,0.25,11.7,6.1,24,21,16.5,9.5,100.0,Alto,1,21.9,4.4,9.5,0,PED-00298,2025-05-06,2025-05-16,CLI-081,Mayorista,Estados Unidos,Contrato,2542,2542,0.211,0,Alta,7,0,11922,8707,100.0,6165,Bajo,Alto,255.52,47.8,0.11,0.051
2025-10-27,FIN-02-L060,FIN-02,Rosa,Explorer,Invernadero,2025-06-06,143,0.53,56935,105,Goteo,Suelo,Cosecha,3445,85000,0.88,17.8,25.2,13.0,64.8,19.3,0.1,0.69,11.8,42.1,21,9,7.1,3.2,83.5,Medio,0,8.5,10.3,8.7,10,PED-00299,2025-10-20,2025-11-01,CLI-067,Retail,Chile,Contrato,1092,1092,0.41,10,Baja,7,0,2960,2220,100.0,1128,Bajo,Alto,195.96,55.3,0.12,0.253
2025-09-07,FIN-02-L056,FIN-02,Clavel,Bizet,Campo abierto,2025-07-03,66,0.55,82544,90,Goteo,Suelo,Reposo,3575,105000,0.88,17.1,22.8,11.3,77.3,18.6,4.9,0.43,11.6,52.0,27,10,6.8,5.6,77.9,Medio,1,2.7,6.6,5.8,6,PED-00300,2025-08-31,2025-09-08,CLI-068,Retail,Países Bajos,Contrato,1831,1831,0.213,10,Baja,7,0,5348,4389,100.0,2558,Bajo,Alto,145.75,73.6,0.12,-0.075
2025-11-22,FIN-04-L011,FIN-04,Rosa,Vendela,Invernadero,2025-07-09,136,0.69,72666,105,Microaspersión,Suelo,Cosecha,4485,85000,0.88,13.4,21.2,7.2,96.0,20.2,3.2,0.25,12.2,66.3,28,14,10.0,7.5,86.3,Alto,1,22.6,5.8,10.5,1,PED-00301,2025-10-23,2025-11-27,CLI-059,Retail,Canadá,Contrato,1045,1045,0.509,2,Media,30,1,3349,2335,100.0,1290,Bajo,Alto,316.99,39.2,0.334,0.174
2025-07-15,FIN-02-L028,FIN-02,Clavel,Dover,Invernadero,2025-05-13,63,1.07,90140,90,Microaspersión,Coco,Reposo,6955,105000,0.88,16.1,21.7,10.9,80.4,13.0,0.5,0.35,13.0,56.7,37,16,11.7,9.8,77.8,Bajo,0,7.1,16.0,10.3,11,PED-00302,2025-07-08,2025-07-18,CLI-021,Mayorista,España,Marketplace,5558,2859,0.295,2,Media,7,0,4532,3176,51.4,-2382,Alto,Bajo,501.34,43.9,0.234,0.208
2025-10-31,FIN-02-L052,FIN-02,Rosa,Vendela,Invernadero,2025-07-24,99,0.29,65422,105,Goteo,Suelo,Botón,1884,85000,0.88,17.5,26.0,11.2,68.9,17.6,0.0,0.6,12.2,54.7,21,5,3.1,2.7,85.0,Bajo,1,17.7,14.8,12.4,15,PED-00303,2025-10-01,2025-11-02,CLI-097,Mayorista,Canadá,Preventa,4350,856,0.439,10,Media,30,0,1561,1008,19.7,-3342,Alto,Bajo,178.08,28.2,0.44,0.049
2025-02-16,FIN-03-L043,FIN-03,Gypsophila,Xlence,Invernadero,2024-10-13,126,1.38,101572,75,Microaspersión,Suelo,Botón,8970,78000,0.88,17.4,24.2,12.6,71.4,18.2,0.0,0.55,12.5,54.4,26,25,14.4,11.1,67.5,Medio,1,4.5,25.0,12.2,10,PED-00304,2025-02-09,2025-02-18,CLI-002,Broker,Países Bajos,Spot,2699,1220,0.236,0,Alta,7,1,2519,1578,45.2,-1121,Alto,Bajo,167.55,27.5,0.24,-0.096
2025-01-27,FIN-04-L014,FIN-04,Rosa,Explorer,Invernadero,2024-11-13,75,0.77,71447,105,Goteo,Coco,Cosecha,5005,85000,0.88,16.3,20.9,9.7,75.6,15.5,1.2,0.44,11.9,50.2,30,14,8.5,9.1,91.0,Medio,1,12.7,4.3,8.4,12,PED-00305,2024-12-28,2025-01-30,CLI-071,Exportador,Estados Unidos,Contrato,9377,3061,0.424,8,Alta,30,1,3992,3120,32.6,-6257,Alto,Bajo,586.34,60.9,0.446,-0.007
2025-10-18,FIN-01-L049,FIN-01,Rosa,Mondial,Invernadero,2025-08-17,62,0.79,67497,105,Goteo,Suelo,Vegetativo,5135,85000,0.88,19.2,23.9,12.8,82.1,18.9,1.4,0.38,11.4,29.0,29,16,8.0,7.5,80.4,Medio,1,9.3,18.7,11.5,13,PED-00306,2025-10-04,2025-10-20,CLI-041,Mayorista,Chile,Preventa,2553,1461,0.471,5,Baja,14,1,2691,1786,57.2,-767,Alto,Bajo,367.1,34.9,0.335,0.177
2025-09-05,FIN-04-L032,FIN-04,Rosa,Freedom,Invernadero,2025-03-20,169,1.69,61823,105,Goteo,Cascarilla,Botón,10985,85000,0.88,20.4,24.5,13.4,53.9,14.0,0.9,1.03,12.0,54.7,31,34,17.6,12.4,90.6,Medio,1,22.5,19.9,15.3,6,PED-00307,2025-08-22,2025-09-08,CLI-060,Supermercado,Colombia,Preventa,3451,906,0.42,8,Baja,14,0,1822,1038,26.3,-2413,Alto,Bajo,201.95,9.2,0.326,0.108
2025-12-16,FIN-04-L016,FIN-04,Clavel,Bizet,Invernadero,2025-09-20,87,0.33,65324,90,Goteo,Coco,Reposo,2145,105000,0.88,20.1,25.4,15.6,76.3,17.3,0.0,0.52,12.3,54.2,19,5,4.7,3.1,80.5,Medio,0,10.3,9.6,7.9,9,PED-00308,2025-12-09,2025-12-19,CLI-066,Exportador,Estados Unidos,Preventa,11999,2224,0.311,8,Media,7,0,2822,2103,18.5,-9896,Alto,Bajo,377.77,54.7,0.216,-0.058
2025-12-24,FIN-01-L007,FIN-01,Gypsophila,Xlence,Invernadero,2025-09-29,86,1.06,101749,75,Goteo,Coco,Vegetativo,6890,78000,0.88,16.3,22.3,11.1,82.5,18.2,5.1,0.31,12.4,27.7,27,17,14.2,7.5,80.4,Medio,0,5.1,7.3,6.9,3,PED-00309,2025-11-09,2025-12-25,CLI-062,Exportador,Países Bajos,Contrato,9324,5294,0.223,2,Media,45,1,8253,6592,56.8,-2732,Alto,Bajo,655.19,67.5,0.45,0.101
2025-06-03,FIN-04-L044,FIN-04,Rosa,Mondial,Invernadero,2025-02-02,121,1.05,66085,105,Goteo,Coco,Botón,6825,85000,0.88,19.4,26.0,15.1,75.1,23.3,4.6,0.53,12.4,32.8,20,23,15.5,8.4,68.6,Medio,1,13.2,1.0,9.1,14,PED-00310,2025-05-13,2025-06-07,CLI-007,Broker,España,Spot,10041,5836,0.495,8,Media,21,0,9668,7541,58.1,-2500,Alto,Bajo,1622.01,58.1,0.356,0.143
2025-12-31,FIN-01-L006,FIN-01,Clavel,Dover,Invernadero,2025-09-04,118,0.76,81874,90,Goteo,Coco,Cosecha,4940,105000,0.88,15.5,21.1,10.0,58.8,18.4,1.5,0.7,12.7,35.2,33,15,10.6,8.3,88.5,Alto,1,4.7,22.7,15.0,11,PED-00311,2025-12-01,2026-01-03,CLI-116,Retail,Países Bajos,Contrato,2932,2932,0.248,0,Media,30,0,4513,2950,100.0,18,Bajo,Bajo,360.62,30.0,0.34,-0.037
2025-01-23,FIN-04-L044,FIN-04,Rosa,Vendela,Invernadero,2024-09-28,117,0.61,60346,105,Goteo,Cascarilla,Cosecha,3965,85000,0.88,18.2,25.7,13.6,86.7,19.4,6.0,0.27,12.8,20.4,43,12,7.5,3.9,70.0,Medio,1,25.5,3.2,10.4,1,PED-00312,2025-01-02,2025-01-24,CLI-007,Supermercado,Chile,Preventa,2531,2531,0.432,2,Baja,21,0,4638,3176,100.0,645,Bajo,Medio,637.39,35.2,0.284,-0.085
2025-06-26,FIN-03-L014,FIN-03,Rosa,Freedom,Invernadero,2025-03-14,104,0.24,57278,105,Microaspersión,Cascarilla,Reposo,1560,85000,0.88,14.1,20.3,9.8,71.6,17.9,7.1,0.44,11.9,35.3,27,6,2.2,1.1,90.8,Medio,1,11.4,30.0,15.3,16,PED-00313,2025-06-05,2025-07-01,CLI-120,Exportador,Estados Unidos,Contrato,10398,448,0.416,10,Baja,21,0,1035,575,4.3,-9823,Alto,Bajo,85.27,9.6,0.39,0.048
2025-04-30,FIN-03-L056,FIN-03,Gypsophila,Million Star,Campo abierto,2025-01-22,98,0.7,99513,75,Microaspersión,Cascarilla,Botón,4550,78000,0.88,11.9,16.3,7.9,58.6,7.0,2.9,0.54,12.4,78.3,34,11,5.2,6.3,78.4,Alto,0,9.8,1.9,4.8,0,PED-00314,2025-04-16,2025-05-02,CLI-082,Supermercado,Chile,Contrato,2974,1282,0.231,0,Media,14,1,1430,1172,43.1,-1802,Alto,Bajo,165.62,73.0,0.31,0.048
2025-01-23,FIN-01-L017,FIN-01,Rosa,Explorer,Invernadero,2024-09-19,126,0.62,75306,105,Goteo,Suelo,Botón,4030,85000,0.88,20.6,25.5,14.0,72.6,14.9,0.0,0.62,12.8,57.6,33,12,10.8,4.4,71.8,Alto,0,27.8,15.3,16.6,15,PED-00315,2025-01-16,2025-01-24,CLI-018,Broker,Chile,Marketplace,6384,1033,0.409,5,Alta,7,1,1942,1070,16.2,-5314,Alto,Bajo,229.64,1.2,0.225,0.254
2025-12-17,FIN-01-L042,FIN-01,Rosa,Mondial,Invernadero,2025-08-31,108,0.2,63792,105,Goteo,Suelo,Botón,1300,85000,0.88,19.2,25.8,13.1,60.2,16.6,2.1,0.84,12.5,37.4,29,4,2.1,1.9,81.6,Alto,1,19.7,16.6,13.6,11,PED-00316,2025-12-10,2025-12-21,CLI-011,Mayorista,Chile,Contrato,8552,581,0.427,8,Media,7,1,1196,730,6.8,-7822,Alto,Bajo,120.96,19.4,0.216,-0.076
2025-06-12,FIN-03-L049,FIN-03,Rosa,Vendela,Campo abierto,2025-03-04,100,0.98,65313,105,Microaspersión,Coco,Reposo,6370,85000,0.88,15.4,20.5,9.6,78.4,13.7,2.5,0.37,12.4,45.6,28,19,9.3,8.4,100.0,Medio,1,6.2,6.7,5.7,2,PED-00317,2025-06-05,2025-06-16,CLI-099,Exportador,Estados Unidos,Preventa,6971,5644,0.566,0,Alta,7,1,7158,5879,81.0,-1092,Medio,Bajo,2067.61,74.3,0.11,0.055
2025-12-26,FIN-01-L018,FIN-01,Rosa,Freedom,Invernadero,2025-09-12,105,1.23,59157,105,Goteo,Coco,Cosecha,7995,85000,0.88,14.2,20.8,8.7,68.7,16.2,3.4,0.49,12.5,66.0,40,22,15.4,7.6,93.4,Medio,1,5.0,10.3,6.9,12,PED-00318,2025-12-05,2025-12-29,CLI-054,Broker,Estados Unidos,Preventa,9732,5721,0.554,2,Alta,21,1,8086,6375,58.8,-3357,Alto,Bajo,1936.12,66.4,0.374,0.045
2025-07-26,FIN-01-L003,FIN-01,Gypsophila,Xlence,Invernadero,2025-06-11,45,1.05,88909,75,Goteo,Coco,Cosecha,6825,78000,0.88,13.8,19.0,8.0,60.3,14.8,2.2,0.6,12.3,59.6,28,17,11.7,14.5,75.1,Medio,1,17.2,30.0,16.1,11,PED-00319,2025-06-11,2025-07-30,CLI-036,Supermercado,Estados Unidos,Preventa,1184,869,0.202,12,Baja,45,1,1834,1008,73.4,-176,Medio,Bajo,78.06,0.0,0.45,-0.227
2025-09-23,FIN-03-L040,FIN-03,Rosa,Vendela,Invernadero,2025-06-22,93,0.21,62174,105,Goteo,Cascarilla,Cosecha,1365,85000,0.88,19.4,27.5,13.3,66.6,19.3,2.7,0.71,12.3,51.2,22,4,2.2,1.8,85.6,Medio,0,17.8,5.8,11.9,12,PED-00320,2025-08-09,2025-09-25,CLI-049,Exportador,Colombia,Spot,6739,808,0.558,2,Alta,45,1,1325,953,12.0,-5786,Alto,Bajo,279.04,42.8,0.45,0.129
2025-03-01,FIN-02-L041,FIN-02,Clavel,Dover,Invernadero,2024-12-26,65,1.5,84841,90,Goteo,Coco,Reposo,9750,105000,0.88,14.5,22.1,9.8,70.2,14.1,0.0,0.48,11.9,49.3,27,28,13.5,12.3,85.1,Alto,1,6.2,0.5,6.5,5,PED-00321,2025-01-15,2025-03-02,CLI-044,Retail,Estados Unidos,Contrato,1655,1655,0.317,0,Media,45,1,8220,7010,100.0,5355,Bajo,Alto,324.92,78.2,0.45,0.012
2025-11-22,FIN-02-L009,FIN-02,Rosa,Explorer,Invernadero,2025-07-31,114,0.21,52654,105,Goteo,Cascarilla,Cosecha,1365,85000,0.88,15.4,23.2,9.0,67.3,12.2,0.9,0.55,12.1,63.1,22,4,2.0,1.9,91.9,Alto,1,18.4,12.8,12.5,16,PED-00322,2025-10-23,2025-11-27,CLI-099,Broker,Estados Unidos,Preventa,6176,608,0.485,10,Alta,30,0,874,580,9.8,-5596,Alto,Bajo,159.56,31.8,0.44,-0.071
2025-05-27,FIN-03-L050,FIN-03,Rosa,Freedom,Invernadero,2025-02-18,98,0.26,71877,105,Goteo,Cascarilla,Cosecha,1690,85000,0.88,16.7,23.6,12.3,88.4,17.8,1.9,0.25,12.3,42.7,30,5,3.8,1.6,69.0,Medio,1,35.0,7.1,13.8,0,PED-00323,2025-05-20,2025-05-29,CLI-035,Supermercado,Colombia,Preventa,1942,711,0.47,8,Baja,7,0,1361,792,36.6,-1150,Alto,Bajo,178.64,8.6,0.256,-0.011
2025-09-06,FIN-04-L050,FIN-04,Rosa,Vendela,Campo abierto,2025-06-12,86,0.42,66189,105,Goteo,Cascarilla,Reposo,2730,85000,0.88,17.7,25.4,12.3,83.6,15.4,2.4,0.32,12.0,67.9,30,10,5.6,4.6,95.9,Alto,1,13.0,4.3,8.6,5,PED-00324,2025-08-30,2025-09-07,CLI-011,Broker,España,Spot,4843,1663,0.422,12,Media,7,0,2700,2117,34.3,-2726,Alto,Bajo,330.0,61.3,0.204,0.097
2025-05-22,FIN-04-L041,FIN-04,Rosa,Vendela,Invernadero,2025-02-04,107,0.84,62009,105,Goteo,Suelo,Reposo,5460,85000,0.88,18.9,25.4,13.2,71.5,18.4,0.0,0.59,12.2,39.5,22,23,10.6,5.2,78.7,Medio,0,14.3,8.6,9.1,15,PED-00325,2025-04-22,2025-05-24,CLI-056,Retail,España,Preventa,1739,1739,0.556,2,Media,30,0,6411,4633,100.0,2894,Bajo,Alto,626.3,47.6,0.334,0.074
2025-06-21,FIN-01-L048,FIN-01,Rosa,Mondial,Invernadero,2025-04-20,62,0.88,63957,105,Goteo,Coco,Vegetativo,5720,85000,0.88,16.2,21.8,10.7,78.4,12.4,3.1,0.38,12.1,61.0,13,15,11.6,7.8,93.7,Alto,1,12.4,7.1,10.6,15,PED-00326,2025-06-07,2025-06-26,CLI-088,Retail,España,Spot,1773,1757,0.388,0,Alta,14,0,2938,2218,99.1,445,Bajo,Medio,331.5,53.2,0.18,-0.061
2025-03-10,FIN-02-L031,FIN-02,Rosa,Vendela,Invernadero,2024-11-10,120,1.68,67374,105,Microaspersión,Cascarilla,Reposo,10920,85000,0.88,19.7,27.4,15.6,67.3,20.5,4.8,0.71,12.1,38.1,20,34,19.8,12.7,91.8,Medio,1,35.0,10.2,17.4,4,PED-00327,2025-02-17,2025-03-14,CLI-107,Retail,Estados Unidos,Contrato,1508,1508,0.498,0,Alta,21,0,8047,4551,100.0,3043,Bajo,Alto,468.38,2.1,0.25,0.068
2025-12-11,FIN-01-L029,FIN-01,Rosa,Freedom,Invernadero,2025-07-28,136,1.35,70092,105,Microaspersión,Cascarilla,Cosecha,8775,85000,0.88,17.0,22.4,12.4,73.0,13.5,0.0,0.5,12.5,47.5,38,30,17.5,11.4,88.6,Medio,1,15.4,21.7,12.4,1,PED-00328,2025-11-20,2025-12-12,CLI-023,Exportador,Estados Unidos,Preventa,18149,2417,0.444,8,Baja,21,1,4552,2767,13.3,-15382,Alto,Bajo,588.65,22.0,0.396,0.107
2025-07-10,FIN-02-L012,FIN-02,Rosa,Freedom,Invernadero,2025-02-18,142,0.88,68039,105,Microaspersión,Cascarilla,Botón,5720,85000,0.88,16.5,21.4,11.1,73.0,17.4,0.0,0.49,12.0,41.1,38,17,13.9,8.7,93.3,Alto,0,4.7,4.5,6.5,10,PED-00329,2025-06-19,2025-07-13,CLI-053,Mayorista,Estados Unidos,Spot,6282,4603,0.527,5,Media,21,0,6541,5482,73.3,-800,Medio,Bajo,1543.3,76.3,0.235,0.089
2025-11-02,FIN-04-L056,FIN-04,Rosa,Vendela,Invernadero,2025-06-23,132,0.82,65575,105,Goteo,Suelo,Botón,5330,85000,0.88,18.0,23.6,11.6,59.8,12.8,0.0,0.8,11.9,56.3,30,15,8.9,5.4,99.0,Medio,1,9.4,3.3,7.7,12,PED-00330,2025-10-19,2025-11-04,CLI-037,Mayorista,Estados Unidos,Preventa,6574,2337,0.37,5,Alta,14,0,3575,2932,35.5,-3642,Alto,Bajo,442.15,70.5,0.295,0.041
2025-10-08,FIN-01-L007,FIN-01,Clavel,Nelson,Invernadero,2025-06-10,120,1.23,85874,90,Goteo,Suelo,Botón,7995,105000,0.88,20.2,27.4,16.0,81.6,7.0,2.2,0.41,12.0,77.8,34,27,14.2,7.4,88.2,Medio,1,3.8,9.8,8.7,16,PED-00331,2025-08-24,2025-10-09,CLI-073,Mayorista,Colombia,Marketplace,3798,2257,0.304,5,Baja,45,1,2983,2348,59.4,-1450,Alto,Bajo,422.49,63.8,0.45,0.188
2025-10-04,FIN-03-L055,FIN-03,Gypsophila,New Love,Invernadero,2025-08-11,54,1.05,100595,75,Microaspersión,Cascarilla,Botón,6825,78000,0.88,16.5,22.3,12.2,84.1,15.5,3.0,0.29,11.8,56.4,29,23,12.0,5.2,86.5,Alto,0,13.1,9.8,9.3,16,PED-00332,2025-09-04,2025-10-05,CLI-100,Broker,Estados Unidos,Preventa,5196,3687,0.163,2,Alta,30,0,5564,4046,71.0,-1150,Alto,Bajo,253.56,49.1,0.45,0.046
2025-07-30,FIN-03-L058,FIN-03,Clavel,Dover,Invernadero,2025-03-16,136,1.39,66134,90,Goteo,Coco,Botón,9035,105000,0.88,15.3,23.2,9.9,62.7,24.8,1.0,0.63,12.2,12.7,37,24,21.5,9.0,88.5,Medio,0,35.0,3.7,12.0,0,PED-00333,2025-06-15,2025-07-31,CLI-098,Exportador,Canadá,Preventa,4068,4068,0.302,5,Media,45,0,6244,3970,100.0,-98,Medio,Bajo,741.11,22.4,0.45,-0.096
2025-07-03,FIN-04-L049,FIN-04,Rosa,Explorer,Invernadero,2025-03-18,107,1.7,62677,105,Microaspersión,Cascarilla,Botón,11050,85000,0.88,15.9,21.1,9.7,68.8,15.0,0.0,0.55,11.5,56.0,29,36,23.3,17.9,98.2,Alto,1,11.0,20.4,14.0,6,PED-00334,2025-06-12,2025-07-05,CLI-047,Mayorista,Países Bajos,Contrato,6721,4659,0.381,8,Media,21,1,8782,5690,69.3,-1031,Medio,Bajo,727.05,29.2,0.226,0.106
2025-11-19,FIN-01-L044,FIN-01,Rosa,Vendela,Invernadero,2025-08-22,89,1.45,70221,105,Microaspersión,Coco,Botón,9425,85000,0.88,15.6,21.3,9.8,63.5,22.1,0.5,0.63,12.6,11.8,38,30,13.9,15.7,83.8,Medio,0,0.7,0.1,3.7,2,PED-00335,2025-11-05,2025-11-21,CLI-082,Mayorista,Chile,Preventa,5707,5707,0.422,5,Media,14,1,18806,16906,100.0,11199,Bajo,Alto,1356.63,92.0,0.165,0.022
2025-09-20,FIN-04-L054,FIN-04,Clavel,Bizet,Invernadero,2025-06-10,102,1.33,74941,90,Microaspersión,Coco,Cosecha,8645,105000,0.88,20.7,24.8,15.5,61.0,16.6,0.0,0.89,11.9,47.2,28,25,18.0,7.1,90.2,Alto,1,9.6,19.1,13.1,0,PED-00336,2025-09-06,2025-09-25,CLI-026,Retail,Colombia,Preventa,1315,1315,0.207,0,Alta,14,0,8101,5366,100.0,4051,Bajo,Alto,114.87,32.9,0.18,-0.139
2025-06-12,FIN-04-L025,FIN-04,Rosa,Mondial,Invernadero,2025-02-18,114,1.62,67099,105,Goteo,Suelo,Cosecha,10530,85000,0.88,16.2,25.1,11.6,68.0,12.2,4.0,0.57,11.8,68.1,33,38,20.4,13.1,82.3,Medio,0,2.2,18.1,10.9,12,PED-00337,2025-05-29,2025-06-14,CLI-048,Exportador,Colombia,Contrato,9504,3940,0.392,8,Alta,14,1,6887,4929,41.5,-4575,Alto,Bajo,647.28,47.5,0.286,0.082
2025-08-13,FIN-01-L022,FIN-01,Rosa,Mondial,Campo abierto,2025-04-05,130,1.46,55311,105,Microaspersión,Suelo,Botón,9490,85000,0.88,18.2,25.2,11.8,76.8,17.8,5.6,0.46,11.8,49.7,32,31,17.2,17.0,90.6,Medio,0,14.3,12.6,9.6,8,PED-00338,2025-07-30,2025-08-15,CLI-090,Broker,Colombia,Spot,6933,4546,0.489,5,Media,14,0,7830,5485,65.6,-1448,Alto,Bajo,1367.66,43.6,0.295,0.285
2025-08-28,FIN-04-L052,FIN-04,Gypsophila,Million Star,Invernadero,2025-05-23,97,1.64,92270,75,Microaspersión,Suelo,Botón,10660,78000,0.88,19.7,27.2,13.2,75.3,19.5,0.9,0.54,12.4,38.7,35,35,19.3,21.2,93.6,Alto,1,11.5,4.7,7.3,9,PED-00339,2025-08-21,2025-09-01,CLI-040,Exportador,España,Preventa,4072,4072,0.184,5,Alta,7,1,9535,7559,100.0,3487,Bajo,Alto,299.45,64.9,0.095,-0.045
2025-03-29,FIN-02-L054,FIN-02,Rosa,Freedom,Invernadero,2024-12-21,98,1.7,63412,105,Microaspersión,Coco,Botón,11050,85000,0.88,15.3,21.6,9.8,53.5,17.6,4.0,0.78,12.6,43.1,20,33,12.8,15.2,93.4,Bajo,1,13.9,1.3,12.8,6,PED-00340,2025-03-15,2025-04-02,CLI-079,Supermercado,Colombia,Contrato,5295,5295,0.478,0,Media,14,1,12379,9697,100.0,4402,Bajo,Alto,1637.68,55.1,0.18,0.021
2025-08-18,FIN-04-L051,FIN-04,Clavel,Bizet,Invernadero,2025-06-04,75,0.9,88503,90,Microaspersión,Cascarilla,Botón,5850,105000,0.88,17.1,23.2,10.3,74.9,15.8,0.9,0.47,12.0,54.3,28,15,12.4,7.8,94.0,Alto,1,11.3,8.4,9.0,3,PED-00341,2025-07-28,2025-08-21,CLI-041,Mayorista,Estados Unidos,Contrato,1998,1998,0.237,0,Alta,21,0,7567,5735,100.0,3737,Bajo,Alto,259.29,56.2,0.25,0.077
2025-12-31,FIN-01-L007,FIN-01,Rosa,Mondial,Invernadero,2025-09-18,104,0.34,64067,105,Goteo,Coco,Botón,2210,85000,0.88,16.6,24.8,12.4,81.5,13.0,0.0,0.34,11.9,70.8,28,6,5.2,2.8,78.7,Bajo,1,18.5,9.1,10.4,0,PED-00342,2025-12-17,2026-01-04,CLI-120,Broker,Colombia,Contrato,11384,1263,0.521,0,Media,14,0,1670,1149,11.1,-10235,Alto,Bajo,428.12,38.3,0.31,0.107
2025-02-11,FIN-03-L020,FIN-03,Clavel,Bizet,Invernadero,2024-12-08,65,1.01,88304,90,Goteo,Cascarilla,Vegetativo,6565,105000,0.88,16.5,21.5,11.3,55.1,12.6,1.1,0.81,12.1,61.9,32,18,12.0,8.4,74.6,Bajo,0,0.7,12.6,7.8,15,PED-00343,2025-01-12,2025-02-16,CLI-076,Supermercado,Chile,Preventa,6108,2904,0.3,5,Baja,30,1,4844,3746,47.5,-2362,Alto,Bajo,467.42,62.4,0.45,-0.006
2025-10-03,FIN-04-L052,FIN-04,Clavel,Dover,Invernadero,2025-08-04,60,0.92,74027,90,Goteo,Cascarilla,Vegetativo,5980,105000,0.88,16.5,22.4,10.9,95.6,9.9,0.0,0.25,11.8,62.6,36,18,11.7,10.5,85.1,Alto,0,30.8,30.0,20.0,10,PED-00344,2025-09-12,2025-10-04,CLI-109,Broker,Colombia,Spot,4865,706,0.317,5,Media,21,0,1269,697,14.5,-4168,Alto,Bajo,136.23,0.0,0.365,0.063
2025-10-23,FIN-03-L017,FIN-03,Rosa,Explorer,Campo abierto,2025-07-27,88,0.54,77306,105,Microaspersión,Coco,Cosecha,3510,85000,0.88,15.7,20.9,9.2,76.7,16.6,0.0,0.4,12.4,43.5,40,9,8.5,4.4,67.6,Alto,1,35.0,30.0,21.6,5,PED-00345,2025-09-08,2025-10-25,CLI-090,Retail,Estados Unidos,Preventa,2015,828,0.393,0,Media,45,1,1366,751,41.1,-1264,Alto,Bajo,154.34,0.0,0.45,0.003
2025-01-27,FIN-01-L056,FIN-01,Rosa,Freedom,Invernadero,2024-10-06,113,0.76,58122,105,Goteo,Coco,Botón,4940,85000,0.88,14.7,21.2,9.2,66.9,18.2,0.0,0.54,11.9,31.5,39,16,13.2,3.9,87.9,Bajo,1,15.4,14.4,9.3,5,PED-00346,2025-01-20,2025-01-28,CLI-101,Mayorista,Estados Unidos,Spot,4834,2895,0.549,10,Alta,7,0,4154,2816,59.9,-2018,Alto,Bajo,876.46,39.3,0.21,0.037
2025-10-14,FIN-02-L031,FIN-02,Rosa,Vendela,Invernadero,2025-06-25,111,0.64,75270,105,Goteo,Suelo,Cosecha,4160,85000,0.88,13.8,19.5,8.5,65.4,18.9,0.7,0.53,12.1,57.4,27,13,6.8,5.2,91.8,Medio,1,1.7,8.6,7.2,6,PED-00347,2025-10-07,2025-10-16,CLI-017,Exportador,Estados Unidos,Spot,12147,4108,0.384,2,Alta,7,0,4687,3838,33.8,-8309,Alto,Bajo,814.27,72.6,0.234,0.119
2025-12-25,FIN-04-L058,FIN-04,Clavel,Dover,Invernadero,2025-09-28,88,1.11,87870,90,Microaspersión,Cascarilla,Cosecha,7215,105000,0.88,18.9,26.8,14.3,77.5,11.5,2.0,0.47,12.0,55.9,30,23,14.4,10.6,80.5,Bajo,1,12.1,22.2,12.8,6,PED-00348,2025-12-11,2025-12-27,CLI-106,Exportador,España,Spot,13336,2786,0.249,8,Media,14,0,4290,2634,20.9,-10702,Alto,Bajo,361.24,23.0,0.286,0.048
2025-09-21,FIN-03-L012,FIN-03,Gypsophila,New Love,Invernadero,2025-08-05,47,1.43,96339,75,Microaspersión,Coco,Botón,9295,78000,0.88,13.4,21.0,7.9,89.0,18.3,0.0,0.25,12.4,42.1,14,32,11.7,12.9,80.0,Medio,1,8.2,12.2,12.5,13,PED-00349,2025-08-31,2025-09-22,CLI-036,Exportador,Estados Unidos,Contrato,4380,3338,0.193,2,Media,21,0,5085,3652,76.2,-728,Medio,Bajo,358.82,44.0,0.244,0.057
2025-11-08,FIN-04-L059,FIN-04,Rosa,Vendela,Campo abierto,2025-08-11,89,0.49,67257,105,Microaspersión,Suelo,Botón,3185,85000,0.88,13.5,20.6,8.2,84.1,7.9,0.4,0.25,12.1,71.1,26,11,5.2,5.2,99.6,Alto,0,6.7,7.1,8.3,4,PED-00350,2025-09-24,2025-11-11,CLI-090,Exportador,Países Bajos,Preventa,8082,1292,0.397,0,Media,45,0,1535,1234,16.0,-6848,Alto,Bajo,278.69,67.4,0.45,-0.04
2025-09-16,FIN-04-L059,FIN-04,Gypsophila,Xlence,Invernadero,2025-07-31,47,1.2,84840,75,Microaspersión,Cascarilla,Cosecha,7800,78000,0.88,17.3,22.6,10.3,89.5,22.8,2.8,0.25,12.3,15.7,30,26,10.1,8.1,94.0,Medio,0,17.2,28.5,17.9,10,PED-00351,2025-08-26,2025-09-19,CLI-100,Exportador,Colombia,Preventa,3761,2126,0.165,0,Media,21,0,3811,2096,56.5,-1665,Alto,Bajo,172.27,0.0,0.38,0.099
2025-04-21,FIN-02-L039,FIN-02,Rosa,Freedom,Invernadero,2025-01-19,92,0.42,67866,105,Microaspersión,Suelo,Botón,2730,85000,0.88,14.4,22.9,9.3,67.9,16.9,0.0,0.51,13.0,44.4,36,7,5.5,3.1,87.0,Medio,0,6.1,11.3,10.2,12,PED-00352,2025-04-14,2025-04-22,CLI-011,Supermercado,Estados Unidos,Preventa,4215,1768,0.456,12,Media,7,0,2841,2142,41.9,-2073,Alto,Bajo,419.07,54.8,0.204,0.139
2025-12-15,FIN-03-L003,FIN-03,Rosa,Mondial,Invernadero,2025-09-17,89,0.27,73825,105,Microaspersión,Suelo,Botón,1755,85000,0.88,17.3,22.7,10.9,60.4,18.5,2.3,0.75,12.4,34.7,23,4,3.5,1.9,95.8,Medio,0,35.0,10.9,13.6,15,PED-00353,2025-12-01,2025-12-18,CLI-076,Exportador,Países Bajos,Spot,17759,769,0.496,8,Media,14,1,1317,762,4.3,-16997,Alto,Bajo,211.29,10.0,0.286,-0.101
2025-06-06,FIN-04-L052,FIN-04,Rosa,Freedom,Invernadero,2025-03-26,72,1.61,73638,105,Microaspersión,Suelo,Botón,10465,85000,0.88,17.6,24.4,13.6,61.8,13.4,0.0,0.74,12.2,56.1,26,30,18.4,15.4,83.5,Medio,1,25.9,8.9,12.5,6,PED-00354,2025-05-23,2025-06-10,CLI-023,Retail,Países Bajos,Preventa,1444,1444,0.447,2,Media,14,0,5399,3465,100.0,2021,Bajo,Alto,390.23,25.0,0.174,-0.071
2025-06-11,FIN-04-L021,FIN-04,Rosa,Explorer,Invernadero,2025-03-04,99,0.71,71776,105,Goteo,Cascarilla,Reposo,4615,85000,0.88,16.9,21.8,12.2,71.3,21.7,0.4,0.53,11.9,24.0,16,15,7.9,2.6,72.6,Medio,1,12.1,13.9,9.6,13,PED-00355,2025-05-28,2025-06-14,CLI-029,Retail,Canadá,Contrato,1303,1303,0.429,5,Media,14,0,5524,3786,100.0,2483,Bajo,Alto,294.14,40.2,0.165,-0.0
2025-06-02,FIN-02-L023,FIN-02,Clavel,Nelson,Campo abierto,2025-02-19,103,1.13,78849,90,Microaspersión,Coco,Cosecha,7344,105000,0.88,17.1,24.1,11.7,58.4,17.3,0.0,0.78,12.3,52.2,29,27,12.9,9.5,83.4,Medio,1,22.3,5.3,8.6,0,PED-00356,2025-05-19,2025-06-07,CLI-063,Mayorista,Chile,Preventa,3955,3955,0.263,0,Baja,14,0,9075,6423,100.0,2468,Bajo,Alto,614.11,43.6,0.22,0.053
2025-01-28,FIN-04-L038,FIN-04,Gypsophila,Million Star,Invernadero,2024-12-10,49,1.27,89434,75,Microaspersión,Coco,Vegetativo,8255,78000,0.88,16.9,25.0,12.1,76.8,17.9,0.8,0.43,12.1,30.3,20,24,19.0,12.4,89.9,Bajo,0,28.7,3.3,11.5,14,PED-00357,2025-01-07,2025-01-30,CLI-016,Supermercado,España,Marketplace,2900,2601,0.235,8,Media,21,0,4827,3283,89.7,383,Bajo,Bajo,346.89,33.2,0.226,-0.023
2025-11-08,FIN-02-L050,FIN-02,Rosa,Mondial,Campo abierto,2025-08-08,92,1.72,72635,105,Goteo,Cascarilla,Reposo,11180,85000,0.88,17.1,21.9,11.6,70.9,16.7,0.0,0.55,12.4,43.2,28,36,22.2,15.5,76.4,Medio,1,2.8,6.5,7.8,15,PED-00358,2025-11-01,2025-11-09,CLI-111,Broker,Estados Unidos,Preventa,4915,4915,0.376,2,Media,7,1,13667,11089,100.0,6174,Bajo,Alto,931.18,69.1,0.104,-0.037
2025-06-14,FIN-01-L015,FIN-01,Gypsophila,Xlence,Invernadero,2025-04-14,61,1.63,92669,75,Microaspersión,Cascarilla,Botón,10595,78000,0.88,15.1,21.7,9.4,75.1,11.6,0.0,0.41,12.6,53.4,33,28,19.0,11.1,79.3,Medio,1,10.8,10.0,9.4,1,PED-00359,2025-05-31,2025-06-19,CLI-029,Exportador,Países Bajos,Marketplace,4458,3774,0.181,8,Media,14,1,6349,4646,84.7,188,Bajo,Bajo,285.58,50.0,0.156,-0.013
2025-05-17,FIN-02-L056,FIN-02,Clavel,Bizet,Invernadero,2025-01-26,111,0.73,78231,90,Microaspersión,Coco,Vegetativo,4745,105000,0.88,17.7,22.7,11.2,65.8,16.1,0.0,0.67,12.3,64.0,28,17,10.8,5.4,92.6,Medio,1,12.3,9.9,9.5,0,PED-00360,2025-04-26,2025-05-19,CLI-079,Exportador,Estados Unidos,Preventa,4476,3301,0.272,0,Media,21,1,4600,3388,73.7,-1088,Alto,Bajo,524.63,51.1,0.38,0.103
2025-11-02,FIN-03-L041,FIN-03,Rosa,Vendela,Campo abierto,2025-06-18,137,1.02,67640,105,Goteo,Coco,Cosecha,6630,85000,0.88,19.8,28.6,15.1,67.2,13.2,7.2,0.71,12.4,65.2,27,22,14.1,6.4,100.0,Medio,0,1.1,12.8,7.4,17,PED-00361,2025-10-03,2025-11-04,CLI-116,Retail,Estados Unidos,Contrato,1332,1332,0.505,5,Media,30,0,5457,4345,100.0,3013,Bajo,Alto,385.95,68.7,0.325,-0.158
2025-10-09,FIN-02-L026,FIN-02,Rosa,Vendela,Invernadero,2025-06-16,115,1.61,76206,105,Microaspersión,Suelo,Vegetativo,10465,85000,0.88,18.7,25.0,11.9,72.0,21.1,2.1,0.58,12.7,28.0,13,31,17.2,15.2,86.8,Alto,1,2.4,24.9,15.4,7,PED-00362,2025-10-02,2025-10-14,CLI-035,Exportador,Estados Unidos,Preventa,11024,7884,0.526,0,Media,7,1,12540,8108,71.5,-2916,Alto,Bajo,2541.56,28.6,0.24,0.159
2025-08-01,FIN-01-L044,FIN-01,Gypsophila,Xlence,Invernadero,2025-06-05,57,0.49,109563,75,Goteo,Coco,Botón,3185,78000,0.88,14.8,21.9,8.0,61.6,20.3,2.3,0.63,12.0,17.9,26,11,5.5,3.4,91.7,Alto,1,16.1,3.7,8.0,6,PED-00363,2025-07-18,2025-08-03,CLI-106,Retail,Chile,Preventa,906,906,0.201,10,Media,14,0,3440,2643,100.0,1737,Bajo,Alto,75.0,58.0,0.15,0.042
2025-06-21,FIN-04-L050,FIN-04,Clavel,Bizet,Invernadero,2025-03-11,102,0.89,77900,90,Microaspersión,Suelo,Cosecha,5785,105000,0.88,15.7,22.8,9.2,62.7,23.4,1.3,0.64,12.1,34.8,24,15,12.4,6.1,77.0,Alto,1,11.3,17.4,12.6,4,PED-00364,2025-06-14,2025-06-24,CLI-023,Exportador,Países Bajos,Contrato,5809,5809,0.265,2,Media,7,0,9471,6199,100.0,390,Bajo,Bajo,834.61,30.9,0.104,0.147
2025-01-07,FIN-01-L042,FIN-01,Clavel,Bizet,Campo abierto,2024-10-27,72,0.89,81990,90,Goteo,Suelo,Botón,5785,105000,0.88,15.2,20.6,10.0,95.8,18.4,2.4,0.25,11.9,45.4,31,20,7.8,10.3,92.2,Alto,1,5.8,11.3,11.0,3,PED-00365,2024-12-24,2025-01-11,CLI-009,Mayorista,España,Spot,3708,3708,0.204,8,Media,14,0,7839,5941,100.0,2233,Bajo,Alto,229.87,54.9,0.156,0.002
2025-08-26,FIN-03-L031,FIN-03,Rosa,Freedom,Invernadero,2025-04-24,124,1.62,81089,105,Goteo,Coco,Botón,10530,85000,0.88,19.0,25.4,15.0,82.6,13.8,3.9,0.36,11.4,60.3,23,33,17.1,13.6,83.5,Bajo,1,1.7,13.6,11.4,5,PED-00366,2025-07-27,2025-08-28,CLI-034,Supermercado,Chile,Preventa,3728,3728,0.464,0,Media,30,0,7141,5383,100.0,1655,Bajo,Alto,1054.04,54.2,0.34,-0.084
2025-02-13,FIN-04-L052,FIN-04,Rosa,Vendela,Invernadero,2024-11-13,92,0.25,59977,105,Microaspersión,Coco,Botón,1625,85000,0.88,18.5,24.1,12.8,76.2,13.3,5.4,0.48,12.2,54.5,32,4,3.8,2.2,80.3,Medio,0,24.9,28.9,19.1,12,PED-00367,2025-01-30,2025-02-15,CLI-066,Exportador,Canadá,Preventa,23551,281,0.54,5,Baja,14,0,540,297,1.2,-23254,Alto,Bajo,92.07,0.0,0.335,-0.035
2025-02-05,FIN-04-L008,FIN-04,Rosa,Mondial,Invernadero,2024-11-17,80,0.64,49246,105,Microaspersión,Suelo,Reposo,4160,85000,0.88,17.9,25.3,13.6,72.3,11.3,0.9,0.55,12.2,78.2,38,13,6.2,4.4,67.2,Medio,0,6.7,13.9,9.4,11,PED-00368,2025-01-06,2025-02-08,CLI-002,Exportador,Canadá,Preventa,20090,1837,0.542,0,Media,30,1,2432,1734,9.1,-18356,Alto,Bajo,672.6,46.8,0.45,0.144
2025-10-06,FIN-03-L009,FIN-03,Rosa,Explorer,Campo abierto,2025-06-25,103,1.74,62710,105,Microaspersión,Suelo,Cosecha,11310,85000,0.88,13.2,19.4,7.7,79.7,15.9,0.0,0.29,12.4,62.6,24,31,18.4,13.7,96.3,Medio,0,30.4,11.6,15.1,0,PED-00369,2025-09-06,2025-10-08,CLI-081,Exportador,Colombia,Marketplace,8127,3173,0.432,5,Alta,30,0,6751,4021,39.0,-4106,Alto,Bajo,731.49,12.4,0.45,0.236
2025-11-07,FIN-03-L059,FIN-03,Rosa,Explorer,Invernadero,2025-08-12,87,0.24,60438,105,Goteo,Suelo,Cosecha,1560,85000,0.88,22.3,26.5,16.6,86.1,14.1,6.0,0.34,11.8,55.4,23,5,3.5,3.0,92.7,Medio,1,34.1,16.5,16.1,4,PED-00370,2025-10-24,2025-11-10,CLI-015,Retail,Estados Unidos,Spot,2424,271,0.543,0,Media,14,0,521,286,11.2,-2138,Alto,Bajo,92.72,0.0,0.31,0.143
2025-09-03,FIN-04-L049,FIN-04,Rosa,Explorer,Invernadero,2025-06-09,86,0.69,75165,105,Microaspersión,Suelo,Vegetativo,4485,85000,0.88,17.5,23.3,12.0,82.5,17.0,2.6,0.34,12.0,38.9,27,14,8.0,1.5,88.2,Medio,1,18.3,19.4,12.4,14,PED-00371,2025-08-20,2025-09-08,CLI-114,Mayorista,Estados Unidos,Spot,5781,1925,0.37,0,Alta,14,1,3140,1911,33.3,-3870,Alto,Bajo,347.27,21.3,0.31,-0.075
2025-06-26,FIN-01-L041,FIN-01,Clavel,Bizet,Invernadero,2025-04-13,74,1.05,89616,90,Microaspersión,Suelo,Botón,6825,105000,0.88,14.3,23.1,7.8,70.9,20.1,0.0,0.46,12.6,51.4,16,23,11.6,8.6,76.9,Bajo,1,15.6,10.1,9.8,14,PED-00372,2025-06-05,2025-06-27,CLI-031,Broker,Colombia,Spot,5752,4225,0.211,5,Baja,21,1,6879,4803,73.5,-949,Medio,Bajo,334.77,41.7,0.275,-0.043
2025-08-15,FIN-02-L045,FIN-02,Rosa,Mondial,Invernadero,2025-07-02,44,0.59,69537,105,Microaspersión,Cascarilla,Botón,3835,85000,0.88,17.0,21.5,11.8,67.8,15.4,4.8,0.6,12.2,49.5,30,12,7.8,5.3,56.0,Medio,0,20.1,7.2,14.0,4,PED-00373,2025-08-01,2025-08-20,CLI-056,Broker,Colombia,Contrato,7949,821,0.395,2,Media,14,0,1420,932,10.3,-7017,Alto,Bajo,183.33,25.7,0.304,-0.047
2025-12-19,FIN-02-L003,FIN-02,Rosa,Vendela,Invernadero,2025-08-31,110,0.41,58224,105,Microaspersión,Cascarilla,Vegetativo,2665,85000,0.88,14.7,19.3,8.2,89.9,14.4,2.7,0.25,12.5,69.1,28,8,4.7,2.4,94.7,Medio,1,10.8,19.9,10.5,14,PED-00374,2025-11-19,2025-12-20,CLI-074,Broker,Canadá,Contrato,11627,1256,0.531,0,Media,30,0,2043,1355,10.8,-10272,Alto,Bajo,446.7,36.7,0.45,-0.032
2025-01-22,FIN-03-L009,FIN-03,Gypsophila,Million Star,Invernadero,2024-10-15,99,1.55,84508,75,Microaspersión,Cascarilla,Vegetativo,10075,78000,0.88,19.1,27.4,14.1,60.9,17.5,0.0,0.82,12.5,58.9,21,39,15.3,16.2,85.0,Alto,0,18.0,9.3,15.0,3,PED-00375,2025-01-08,2025-01-26,CLI-073,Supermercado,Estados Unidos,Contrato,1917,1917,0.182,10,Media,14,0,6466,4381,100.0,2464,Bajo,Alto,148.37,30.6,0.15,0.091
2025-09-05,FIN-02-L012,FIN-02,Gypsophila,New Love,Invernadero,2025-06-21,76,0.2,85464,75,Goteo,Coco,Cosecha,1300,78000,0.88,16.1,24.2,9.4,78.5,16.3,3.2,0.38,11.9,33.1,38,4,2.6,2.0,58.2,Bajo,0,8.4,6.4,8.7,13,PED-00376,2025-07-22,2025-09-06,CLI-056,Mayorista,Países Bajos,Preventa,751,731,0.206,5,Media,45,0,1243,940,97.3,189,Bajo,Medio,73.01,54.9,0.45,-0.037
2025-01-02,FIN-04-L005,FIN-04,Gypsophila,New Love,Invernadero,2024-10-10,84,0.97,97576,75,Goteo,Cascarilla,Cosecha,6305,78000,0.88,13.9,21.2,9.5,80.2,12.6,0.4,0.3,12.4,57.5,38,18,9.5,8.3,90.3,Medio,1,35.0,1.3,11.1,4,PED-00377,2024-12-19,2025-01-06,CLI-117,Exportador,Países Bajos,Contrato,4841,1903,0.167,8,Media,14,0,3139,2073,39.3,-2768,Alto,Bajo,119.15,28.3,0.286,0.03
2025-05-16,FIN-01-L060,FIN-01,Rosa,Freedom,Invernadero,2025-01-05,131,1.22,75083,105,Microaspersión,Cascarilla,Botón,7930,85000,0.88,15.7,20.1,11.1,81.3,10.2,0.0,0.32,12.2,80.1,21,18,15.0,11.8,89.3,Medio,1,27.6,3.8,10.3,15,PED-00378,2025-04-01,2025-05-20,CLI-104,Retail,Colombia,Contrato,1914,1914,0.428,0,Baja,45,0,3722,2557,100.0,643,Bajo,Medio,434.82,36.4,0.45,-0.083
2025-07-28,FIN-04-L020,FIN-04,Rosa,Freedom,Invernadero,2025-03-10,140,0.2,60075,105,Microaspersión,Cascarilla,Cosecha,1300,85000,0.88,18.3,22.4,11.6,86.4,17.6,0.0,0.27,11.8,46.2,36,4,2.5,2.0,92.4,Medio,0,11.5,7.6,9.5,6,PED-00379,2025-07-14,2025-07-30,CLI-047,Exportador,Canadá,Spot,7448,644,0.385,5,Media,14,1,1049,796,8.6,-6652,Alto,Bajo,115.93,55.6,0.295,-0.016
2025-07-01,FIN-02-L007,FIN-02,Rosa,Mondial,Invernadero,2025-04-27,65,0.27,66344,105,Microaspersión,Suelo,Reposo,1755,85000,0.88,16.3,22.3,11.5,68.0,11.4,0.0,0.57,11.7,60.3,35,5,3.3,2.5,73.5,Medio,1,13.4,23.8,13.2,15,PED-00380,2025-06-17,2025-07-02,CLI-078,Mayorista,Estados Unidos,Contrato,4383,345,0.488,0,Media,14,0,612,357,7.9,-4026,Alto,Bajo,97.71,16.2,0.31,0.01
2025-02-21,FIN-04-L052,FIN-04,Clavel,Dover,Invernadero,2024-12-18,65,0.43,73411,90,Goteo,Suelo,Vegetativo,2795,105000,0.88,16.6,20.7,11.7,59.5,15.2,1.7,0.74,13.0,40.1,24,9,5.5,4.3,82.0,Bajo,1,20.4,15.0,13.3,13,PED-00381,2025-01-22,2025-02-23,CLI-101,Mayorista,España,Contrato,2224,975,0.229,12,Media,30,1,1635,1015,43.8,-1209,Alto,Bajo,87.92,21.5,0.434,0.108
2025-01-09,FIN-04-L051,FIN-04,Rosa,Explorer,Invernadero,2024-09-17,114,0.28,61106,105,Microaspersión,Coco,Botón,1820,85000,0.88,17.1,25.2,11.7,56.0,16.8,1.6,0.83,12.0,44.2,38,4,3.0,1.8,84.7,Alto,0,23.9,13.2,15.5,10,PED-00382,2024-12-19,2025-01-12,CLI-109,Retail,Estados Unidos,Contrato,1512,987,0.561,5,Media,21,1,1677,1020,65.3,-492,Alto,Bajo,337.45,15.4,0.365,-0.063
2025-12-05,FIN-02-L029,FIN-02,Clavel,Dover,Invernadero,2025-08-22,105,1.46,84530,90,Goteo,Coco,Vegetativo,9490,105000,0.88,18.3,22.4,13.4,68.9,12.1,0.0,0.63,12.3,86.9,35,25,14.6,16.0,75.3,Bajo,1,4.2,6.3,6.6,13,PED-00383,2025-11-21,2025-12-09,CLI-061,Supermercado,Estados Unidos,Spot,5152,5152,0.307,2,Media,14,0,8444,6825,100.0,1673,Bajo,Medio,983.41,69.6,0.174,0.011
2025-01-18,FIN-04-L040,FIN-04,Rosa,Mondial,Invernadero,2024-11-01,78,1.46,67955,105,Goteo,Suelo,Vegetativo,9490,85000,0.88,13.8,20.1,7.1,68.0,16.7,0.9,0.49,11.9,35.2,22,31,21.8,9.8,87.9,Medio,0,11.8,9.0,10.7,12,PED-00384,2025-01-04,2025-01-19,CLI-073,Supermercado,Colombia,Preventa,2291,2291,0.513,5,Baja,14,0,7260,5352,100.0,3061,Bajo,Alto,688.18,49.5,0.205,-0.062
2025-01-22,FIN-02-L046,FIN-02,Rosa,Freedom,Invernadero,2024-10-02,112,1.53,67088,105,Goteo,Suelo,Cosecha,9945,85000,0.88,17.3,21.4,10.8,61.8,17.0,6.6,0.73,12.1,36.5,31,33,17.8,15.4,83.4,Medio,1,12.3,17.0,12.4,4,PED-00385,2025-01-08,2025-01-26,CLI-118,Exportador,Países Bajos,Preventa,8897,6629,0.432,0,Alta,14,0,10575,6968,74.5,-1929,Alto,Bajo,1552.65,32.1,0.31,-0.047
2025-09-27,FIN-01-L018,FIN-01,Rosa,Vendela,Invernadero,2025-05-26,124,1.59,61168,105,Goteo,Cascarilla,Botón,10335,85000,0.88,15.9,23.5,11.6,77.1,19.7,5.0,0.4,12.5,46.1,36,33,23.8,15.5,84.0,Bajo,1,4.1,10.5,6.6,12,PED-00386,2025-09-20,2025-10-02,CLI-097,Exportador,Canadá,Preventa,7098,7098,0.474,5,Baja,7,0,10960,8592,100.0,1494,Bajo,Medio,1744.89,65.6,0.135,0.056
2025-02-05,FIN-02-L026,FIN-02,Rosa,Freedom,Invernadero,2024-10-10,118,0.47,63156,105,Microaspersión,Coco,Cosecha,3055,85000,0.88,16.8,20.8,10.3,70.3,18.2,0.2,0.55,11.7,56.1,25,7,5.2,6.6,82.5,Bajo,1,7.7,2.9,7.9,16,PED-00387,2025-01-06,2025-02-07,CLI-025,Exportador,Estados Unidos,Spot,26676,3002,0.632,5,Alta,30,0,3801,3103,11.3,-23573,Alto,Bajo,1206.24,68.9,0.45,0.07
2025-11-12,FIN-02-L048,FIN-02,Clavel,Nelson,Invernadero,2025-08-29,75,0.89,82609,90,Microaspersión,Cascarilla,Reposo,5785,105000,0.88,15.7,21.3,9.1,85.9,13.3,0.2,0.25,11.7,60.7,21,14,11.6,10.0,85.3,Medio,0,9.7,1.9,7.4,9,PED-00388,2025-10-22,2025-11-17,CLI-075,Retail,Estados Unidos,Preventa,970,970,0.302,5,Alta,21,0,6572,5371,100.0,4401,Bajo,Alto,166.7,69.4,0.235,-0.116
2025-03-31,FIN-04-L026,FIN-04,Rosa,Explorer,Invernadero,2024-12-31,90,1.68,71026,105,Microaspersión,Cascarilla,Botón,10920,85000,0.88,19.5,25.2,13.9,61.8,20.2,0.8,0.82,11.8,42.9,36,30,19.0,16.8,94.6,Bajo,1,10.4,29.7,15.1,10,PED-00389,2025-02-14,2025-04-05,CLI-074,Retail,Estados Unidos,Spot,1431,1431,0.498,5,Alta,45,0,6979,3972,100.0,2541,Bajo,Alto,439.35,12.8,0.45,-0.025
2025-08-30,FIN-02-L016,FIN-02,Clavel,Nelson,Invernadero,2025-04-09,143,0.76,79960,90,Goteo,Cascarilla,Reposo,4940,105000,0.88,15.4,22.7,9.7,79.9,14.8,0.6,0.34,11.8,54.1,25,16,10.7,5.0,79.6,Alto,1,16.0,5.2,9.8,2,PED-00390,2025-08-16,2025-08-31,CLI-087,Exportador,Colombia,Marketplace,7655,1803,0.23,2,Media,14,0,2401,1771,23.6,-5884,Alto,Bajo,207.9,49.1,0.304,0.08
2025-12-07,FIN-01-L039,FIN-01,Rosa,Freedom,Invernadero,2025-08-04,125,1.78,64793,105,Goteo,Suelo,Cosecha,11570,85000,0.88,15.0,20.2,9.7,81.9,9.9,1.9,0.3,12.7,59.7,39,35,19.8,14.9,85.4,Medio,1,16.9,30.0,16.1,8,PED-00391,2025-11-07,2025-12-08,CLI-082,Exportador,Chile,Contrato,15954,1562,0.483,5,Baja,30,0,3220,1771,9.8,-14183,Alto,Bajo,394.99,0.0,0.45,-0.191
2025-09-09,FIN-01-L023,FIN-01,Rosa,Explorer,Invernadero,2025-06-06,95,1.04,55569,105,Microaspersión,Coco,Reposo,6760,85000,0.88,14.3,22.9,8.7,80.5,14.4,2.4,0.31,12.2,49.8,23,13,14.4,13.0,73.5,Medio,1,13.4,0.7,6.3,6,PED-00392,2025-08-26,2025-09-11,CLI-035,Retail,Canadá,Contrato,1370,1370,0.37,0,Media,14,0,6989,5572,100.0,4202,Bajo,Alto,244.71,65.3,0.18,-0.075
2025-04-24,FIN-03-L041,FIN-03,Rosa,Vendela,Invernadero,2024-12-28,117,0.54,70307,105,Microaspersión,Suelo,Reposo,3510,85000,0.88,15.3,22.8,8.9,69.3,16.8,0.0,0.52,11.8,36.2,27,11,6.1,6.6,74.7,Medio,0,18.8,5.3,10.6,2,PED-00393,2025-04-03,2025-04-29,CLI-103,Supermercado,Estados Unidos,Spot,2793,2346,0.5,8,Baja,21,0,3433,2444,84.0,-349,Medio,Bajo,602.25,42.1,0.266,-0.106
2025-09-12,FIN-04-L010,FIN-04,Rosa,Freedom,Campo abierto,2025-05-11,124,1.77,67621,105,Goteo,Suelo,Botón,11505,85000,0.88,15.9,20.1,11.6,73.5,16.4,0.0,0.46,12.0,58.7,35,42,17.3,13.2,96.0,Medio,0,5.9,5.9,8.9,4,PED-00394,2025-09-05,2025-09-13,CLI-022,Exportador,Canadá,Spot,10408,8576,0.376,0,Baja,7,0,12729,10346,82.4,-62,Medio,Bajo,1769.4,68.2,0.15,0.063
2025-01-13,FIN-03-L046,FIN-03,Rosa,Freedom,Invernadero,2024-08-14,152,1.3,63475,105,Goteo,Cascarilla,Cosecha,8450,85000,0.88,18.4,25.7,12.7,75.2,20.1,1.1,0.5,12.4,38.2,32,25,13.6,13.4,74.2,Alto,1,29.8,20.7,17.4,11,PED-00395,2025-01-06,2025-01-17,CLI-058,Exportador,Colombia,Preventa,9682,1474,0.411,2,Media,7,0,2777,1527,15.2,-8155,Alto,Bajo,292.14,0.0,0.234,0.033
2025-04-27,FIN-03-L031,FIN-03,Clavel,Nelson,Invernadero,2025-01-30,87,0.19,89420,90,Microaspersión,Coco,Vegetativo,1235,105000,0.88,15.6,22.8,8.9,94.6,21.5,1.4,0.25,12.3,48.4,27,4,2.8,1.8,90.9,Medio,1,9.8,5.8,9.8,10,PED-00396,2025-04-06,2025-05-02,CLI-066,Broker,Países Bajos,Preventa,5050,1656,0.318,0,Baja,21,0,2370,1852,32.8,-3198,Alto,Bajo,359.72,59.7,0.42,0.073
2025-09-14,FIN-04-L041,FIN-04,Rosa,Vendela,Invernadero,2025-06-25,81,0.61,65378,105,Microaspersión,Coco,Cosecha,3965,85000,0.88,15.3,22.9,9.9,93.1,11.4,0.0,0.25,11.9,81.0,25,12,6.5,5.2,90.3,Medio,1,11.3,10.5,8.4,10,PED-00397,2025-08-15,2025-09-15,CLI-063,Mayorista,Estados Unidos,Preventa,4969,1736,0.456,10,Baja,30,0,2185,1616,34.9,-3353,Alto,Bajo,370.54,53.4,0.45,-0.099
2025-02-12,FIN-02-L043,FIN-02,Rosa,Freedom,Campo abierto,2024-09-06,159,1.63,64748,105,Goteo,Suelo,Cosecha,10595,85000,0.88,18.1,27.0,13.5,87.3,19.3,0.6,0.25,11.7,38.1,30,38,18.9,19.7,75.2,Medio,1,18.9,8.2,11.3,2,PED-00398,2025-01-22,2025-02-17,CLI-030,Mayorista,Estados Unidos,Preventa,10646,2974,0.487,5,Media,21,0,5566,3818,27.9,-6828,Alto,Bajo,820.38,36.3,0.365,0.109
2025-10-11,FIN-03-L042,FIN-03,Rosa,Freedom,Invernadero,2025-07-20,83,1.31,55487,105,Goteo,Suelo,Botón,8515,85000,0.88,15.9,22.3,10.3,67.3,10.3,1.0,0.57,11.7,51.6,27,20,18.9,6.3,83.5,Medio,1,4.8,1.6,4.6,5,PED-00399,2025-09-20,2025-10-12,CLI-036,Retail,Canadá,Preventa,1296,1296,0.485,0,Media,21,0,5303,4552,100.0,3256,Bajo,Alto,391.34,82.1,0.25,-0.198
2025-11-01,FIN-02-L043,FIN-02,Rosa,Mondial,Campo abierto,2025-08-08,85,1.71,70521,105,Goteo,Suelo,Cosecha,11115,85000,0.88,16.8,22.6,10.5,66.8,14.6,3.2,0.61,12.0,43.6,20,31,23.3,16.4,89.9,Medio,1,4.9,7.3,10.9,12,PED-00400,2025-10-25,2025-11-06,CLI-108,Exportador,Canadá,Spot,9626,8685,0.391,0,Media,7,0,11480,9109,90.2,-517,Medio,Bajo,1733.3,61.8,0.11,-0.025
2025-02-15,FIN-02-L001,FIN-02,Clavel,Dover,Invernadero,2024-12-06,71,1.8,88498,90,Goteo,Cascarilla,Botón,11700,105000,0.88,20.1,26.9,14.9,71.5,20.0,1.5,0.63,12.2,43.1,31,31,20.7,16.2,97.1,Bajo,0,19.4,3.9,8.5,0,PED-00401,2025-01-01,2025-02-16,CLI-044,Mayorista,Estados Unidos,Spot,5770,5770,0.282,8,Alta,45,1,12543,9413,100.0,3643,Bajo,Alto,857.51,53.4,0.45,0.033
2025-11-19,FIN-04-L006,FIN-04,Rosa,Freedom,Invernadero,2025-08-22,89,0.37,74025,105,Goteo,Coco,Cosecha,2405,85000,0.88,14.8,23.4,9.3,53.9,13.2,0.0,0.75,12.0,58.8,39,6,4.9,2.1,97.4,Bajo,1,5.0,6.7,7.5,3,PED-00402,2025-10-29,2025-11-21,CLI-083,Exportador,Canadá,Preventa,12154,1400,0.55,8,Media,21,0,1855,1518,11.5,-10636,Alto,Bajo,443.88,71.6,0.356,-0.01
2025-04-07,FIN-04-L032,FIN-04,Gypsophila,Xlence,Invernadero,2025-01-27,70,0.2,95346,75,Goteo,Coco,Cosecha,1300,78000,0.88,18.1,23.1,12.3,66.1,17.6,0.0,0.67,12.3,40.4,30,4,2.4,1.5,77.8,Alto,1,4.0,8.5,8.3,9,PED-00403,2025-03-08,2025-04-11,CLI-062,Retail,Países Bajos,Contrato,885,885,0.163,2,Alta,30,0,1653,1301,100.0,416,Bajo,Alto,55.59,63.7,0.334,-0.002
2025-04-16,FIN-02-L031,FIN-02,Rosa,Freedom,Campo abierto,2024-11-25,142,0.71,69927,105,Microaspersión,Coco,Cosecha,4615,85000,0.88,20.1,27.6,14.3,53.2,20.0,0.0,1.03,11.5,41.0,18,15,7.5,7.4,74.3,Medio,0,1.4,3.1,6.4,2,PED-00404,2025-03-26,2025-04-17,CLI-116,Retail,Colombia,Preventa,1576,1576,0.498,8,Media,21,0,4820,4099,100.0,2523,Bajo,Alto,432.82,78.5,0.226,0.036
2025-02-07,FIN-04-L031,FIN-04,Clavel,Nelson,Invernadero,2024-10-24,106,1.62,75547,90,Goteo,Coco,Cosecha,10530,105000,0.88,14.4,20.4,10.0,65.7,18.0,2.7,0.54,11.9,35.8,38,30,16.9,16.1,75.2,Medio,0,3.9,11.4,7.5,8,PED-00405,2025-01-17,2025-02-10,CLI-031,Exportador,Países Bajos,Preventa,10884,9751,0.307,10,Media,21,0,14587,11167,89.6,283,Bajo,Bajo,1544.41,60.5,0.22,0.062
2025-09-01,FIN-04-L053,FIN-04,Rosa,Mondial,Invernadero,2025-05-29,95,0.75,75342,105,Microaspersión,Cascarilla,Reposo,4875,85000,0.88,19.4,27.1,15.3,72.1,12.1,7.8,0.6,12.2,74.4,30,16,11.4,7.2,84.9,Medio,1,7.2,21.6,13.7,7,PED-00406,2025-08-11,2025-09-02,CLI-044,Retail,Estados Unidos,Spot,1112,1112,0.443,0,Baja,21,0,3086,2003,100.0,891,Bajo,Alto,262.6,30.0,0.29,-0.137
2025-03-31,FIN-03-L049,FIN-03,Gypsophila,Million Star,Invernadero,2025-01-18,72,0.68,94639,75,Goteo,Suelo,Vegetativo,4420,78000,0.88,11.5,15.6,7.3,75.6,9.5,2.5,0.31,12.5,79.5,26,9,7.7,8.1,94.8,Medio,0,14.7,17.3,10.9,15,PED-00407,2025-03-10,2025-04-05,CLI-101,Mayorista,Estados Unidos,Contrato,4193,1260,0.213,2,Alta,21,1,1793,1182,30.1,-3011,Alto,Bajo,139.88,34.3,0.374,-0.215
2025-07-31,FIN-03-L034,FIN-03,Rosa,Vendela,Invernadero,2025-04-03,119,1.11,68574,105,Microaspersión,Cascarilla,Reposo,7215,85000,0.88,18.4,24.9,14.3,80.9,21.9,1.7,0.39,11.7,43.5,14,26,15.1,9.0,79.2,Medio,1,22.6,29.2,19.1,6,PED-00408,2025-07-17,2025-08-01,CLI-120,Supermercado,Canadá,Preventa,4739,2408,0.566,8,Media,14,1,4580,2519,50.8,-2220,Alto,Bajo,824.86,0.0,0.286,-0.016
2025-08-29,FIN-04-L054,FIN-04,Rosa,Vendela,Invernadero,2025-05-31,90,1.01,60124,105,Microaspersión,Coco,Reposo,6565,85000,0.88,18.7,25.6,14.6,74.5,23.2,2.9,0.52,12.3,44.2,34,16,12.3,5.5,77.9,Bajo,1,8.6,30.0,14.7,14,PED-00409,2025-08-08,2025-09-03,CLI-029,Exportador,Canadá,Spot,4375,2175,0.47,0,Alta,21,0,4220,2373,49.7,-2002,Alto,Bajo,630.38,11.6,0.38,0.179
2025-03-15,FIN-01-L021,FIN-01,Clavel,Bizet,Campo abierto,2025-01-01,73,1.67,64020,90,Goteo,Suelo,Cosecha,10855,105000,0.88,14.4,21.8,9.1,53.4,20.6,0.0,0.74,12.3,24.4,25,36,21.9,11.6,77.7,Bajo,0,29.0,8.7,15.6,8,PED-00410,2025-02-22,2025-03-18,CLI-091,Exportador,Colombia,Preventa,5850,5416,0.221,2,Baja,21,1,11036,6695,92.6,845,Bajo,Bajo,535.23,13.0,0.284,0.134
2025-08-05,FIN-03-L016,FIN-03,Clavel,Nelson,Invernadero,2025-04-28,99,0.35,83651,90,Goteo,Suelo,Cosecha,2275,105000,0.88,15.6,20.1,10.2,67.4,14.4,0.7,0.56,11.6,41.8,28,6,4.2,1.9,94.2,Bajo,0,27.0,30.0,17.5,3,PED-00411,2025-06-21,2025-08-08,CLI-055,Exportador,Países Bajos,Preventa,5420,577,0.273,8,Alta,45,0,1050,577,10.6,-4843,Alto,Bajo,76.79,0.0,0.45,-0.067
2025-01-16,FIN-02-L003,FIN-02,Clavel,Nelson,Campo abierto,2024-10-19,89,0.43,73356,90,Microaspersión,Cascarilla,Cosecha,2795,105000,0.88,14.4,22.8,8.3,71.6,17.8,0.2,0.45,12.3,43.6,28,8,4.8,3.6,90.5,Medio,1,31.0,17.0,16.3,14,PED-00412,2024-12-26,2025-01-21,CLI-066,Exportador,Estados Unidos,Preventa,4356,1119,0.256,0,Media,21,0,2047,1125,25.7,-3231,Alto,Bajo,160.53,0.0,0.38,-0.006
2025-08-12,FIN-04-L010,FIN-04,Rosa,Vendela,Campo abierto,2025-06-05,68,0.7,66266,105,Goteo,Coco,Vegetativo,4550,85000,0.88,18.0,25.2,12.9,75.6,19.8,0.0,0.48,11.7,43.8,12,11,10.2,6.0,69.2,Medio,0,10.6,20.5,13.3,17,PED-00413,2025-07-13,2025-08-16,CLI-096,Exportador,Países Bajos,Preventa,11621,2153,0.508,12,Media,30,0,3347,2086,18.5,-9535,Alto,Bajo,542.19,23.8,0.434,-0.052
2025-08-15,FIN-01-L013,FIN-01,Rosa,Freedom,Invernadero,2025-04-22,115,0.74,69243,105,Goteo,Suelo,Cosecha,4810,85000,0.88,14.6,23.2,8.3,65.0,15.1,0.2,0.56,12.1,24.7,27,16,9.4,7.8,89.2,Medio,0,3.5,17.5,8.9,6,PED-00414,2025-08-08,2025-08-19,CLI-007,Exportador,Países Bajos,Preventa,12026,2286,0.507,5,Alta,7,0,3916,2849,19.0,-9177,Alto,Bajo,707.49,52.5,0.225,-0.023
2025-08-20,FIN-01-L059,FIN-01,Gypsophila,Xlence,Invernadero,2025-06-11,70,1.19,92072,75,Goteo,Coco,Botón,7735,78000,0.88,19.2,27.5,12.7,66.1,12.4,0.7,0.72,11.7,81.7,23,21,10.9,13.3,86.8,Bajo,1,4.7,8.8,7.0,10,PED-00415,2025-08-13,2025-08-22,CLI-091,Exportador,Países Bajos,Preventa,761,761,0.19,8,Media,7,0,5813,4622,100.0,3861,Bajo,Alto,70.9,67.2,0.086,-0.007
2025-02-18,FIN-03-L052,FIN-03,Clavel,Bizet,Invernadero,2024-11-27,83,0.34,79871,90,Goteo,Suelo,Cosecha,2210,105000,0.88,15.8,20.1,9.7,89.1,21.5,3.6,0.25,12.1,45.6,44,8,3.4,2.5,100.0,Bajo,1,14.6,9.6,10.5,11,PED-00416,2025-02-11,2025-02-20,CLI-093,Retail,Colombia,Spot,1186,1186,0.218,5,Media,7,1,3032,2209,100.0,1023,Bajo,Alto,118.15,48.1,0.095,-0.129
2025-12-28,FIN-04-L053,FIN-04,Gypsophila,New Love,Invernadero,2025-09-27,92,1.34,91109,75,Microaspersión,Suelo,Vegetativo,8710,78000,0.88,17.0,21.8,11.1,64.5,19.6,2.8,0.66,12.4,48.5,19,31,13.7,18.3,78.0,Medio,0,20.8,28.9,19.1,13,PED-00417,2025-12-07,2025-12-30,CLI-087,Exportador,España,Preventa,5518,2125,0.177,2,Alta,21,0,4704,2587,38.5,-2931,Alto,Bajo,191.96,0.0,0.374,0.067
2025-09-02,FIN-01-L005,FIN-01,Clavel,Dover,Campo abierto,2025-06-10,84,0.86,75503,90,Goteo,Coco,Vegetativo,5590,105000,0.88,15.1,23.8,9.8,65.0,16.6,0.0,0.58,11.3,46.6,23,19,13.3,7.2,98.5,Medio,1,8.0,7.7,7.9,14,PED-00418,2025-08-19,2025-09-07,CLI-014,Broker,Colombia,Preventa,5961,4814,0.312,0,Alta,14,0,7547,5979,80.8,18,Bajo,Bajo,962.05,65.3,0.18,-0.007
2025-03-08,FIN-04-L016,FIN-04,Rosa,Explorer,Invernadero,2024-10-19,140,0.58,57823,105,Goteo,Coco,Cosecha,3769,85000,0.88,21.2,30.1,16.6,75.2,11.9,2.2,0.58,11.7,64.2,19,14,8.1,5.9,99.4,Bajo,1,9.0,1.0,7.4,5,PED-00419,2025-02-22,2025-03-11,CLI-001,Supermercado,Países Bajos,Spot,3678,1528,0.508,0,Alta,14,0,1899,1600,41.5,-2078,Alto,Bajo,507.9,75.2,0.31,0.158
2025-07-06,FIN-04-L044,FIN-04,Clavel,Bizet,Invernadero,2025-04-02,95,1.08,78155,90,Microaspersión,Cascarilla,Vegetativo,7020,105000,0.88,16.0,20.5,10.5,86.0,17.7,6.0,0.25,12.3,32.1,31,19,12.6,10.7,85.6,Medio,0,12.4,5.3,9.5,14,PED-00420,2025-06-22,2025-07-11,CLI-021,Exportador,Países Bajos,Spot,7203,7011,0.206,0,Media,14,1,11341,8684,97.3,1481,Bajo,Medio,644.11,56.1,0.18,-0.078
2025-11-12,FIN-03-L010,FIN-03,Gypsophila,New Love,Invernadero,2025-09-01,72,1.55,98899,75,Microaspersión,Coco,Cosecha,10075,78000,0.88,19.3,26.6,14.8,67.9,22.6,1.2,0.68,11.0,11.0,32,37,18.3,16.5,87.0,Medio,0,13.3,18.6,13.6,15,PED-00421,2025-10-13,2025-11-13,CLI-073,Exportador,Estados Unidos,Contrato,3245,3245,0.216,5,Media,30,0,9486,6061,100.0,2816,Bajo,Alto,340.29,26.7,0.325,-0.159
2025-07-21,FIN-04-L035,FIN-04,Clavel,Dover,Invernadero,2025-04-09,103,1.57,74500,90,Goteo,Coco,Reposo,10205,105000,0.88,22.0,28.0,15.5,84.2,11.8,0.0,0.38,12.3,56.0,33,27,23.4,13.1,90.5,Medio,1,8.6,5.0,7.4,9,PED-00422,2025-07-07,2025-07-24,CLI-101,Retail,Estados Unidos,Marketplace,1029,1029,0.312,0,Media,14,1,7392,5945,100.0,4916,Bajo,Alto,202.05,67.5,0.18,0.149
2025-01-12,FIN-03-L036,FIN-03,Rosa,Mondial,Invernadero,2024-08-21,144,1.37,68744,105,Microaspersión,Suelo,Botón,8905,85000,0.88,15.6,21.4,10.1,70.7,13.8,0.0,0.5,11.6,60.7,34,28,19.6,12.1,85.5,Medio,1,5.3,2.5,6.2,9,PED-00423,2024-12-29,2025-01-15,CLI-036,Mayorista,Chile,Marketplace,3908,3908,0.441,0,Media,14,0,6384,5387,100.0,1479,Bajo,Alto,1082.77,77.2,0.18,0.105
2025-05-05,FIN-02-L043,FIN-02,Rosa,Vendela,Invernadero,2025-01-17,108,0.74,69388,105,Microaspersión,Cascarilla,Vegetativo,4810,85000,0.88,16.6,22.6,10.6,61.6,12.4,1.5,0.7,12.1,54.4,17,15,12.2,6.1,100.0,Medio,0,19.4,27.8,18.8,14,PED-00424,2025-04-21,2025-05-07,CLI-051,Exportador,Estados Unidos,Preventa,21003,1067,0.602,10,Alta,14,1,2172,1194,5.1,-19809,Alto,Bajo,372.24,0.0,0.28,0.18
2025-03-04,FIN-04-L046,FIN-04,Rosa,Mondial,Invernadero,2024-12-04,90,0.71,61105,105,Goteo,Coco,Cosecha,4615,85000,0.88,16.1,24.5,10.8,74.3,15.4,2.3,0.46,12.9,63.1,19,17,8.7,5.7,83.5,Bajo,1,11.2,9.9,9.7,14,PED-00425,2025-02-11,2025-03-06,CLI-093,Retail,Estados Unidos,Marketplace,2526,2281,0.465,8,Alta,21,1,3498,2565,90.3,39,Bajo,Bajo,524.88,50.0,0.226,-0.218
2025-08-18,FIN-03-L037,FIN-03,Rosa,Mondial,Campo abierto,2025-04-05,135,0.62,69520,105,Microaspersión,Cascarilla,Reposo,4030,85000,0.88,15.1,20.3,9.6,80.4,21.3,1.6,0.33,11.7,44.5,29,13,6.5,6.6,94.4,Medio,1,33.6,17.4,16.3,13,PED-00426,2025-08-04,2025-08-23,CLI-039,Retail,Colombia,Preventa,1229,782,0.506,5,Baja,14,0,1843,1013,63.6,-216,Medio,Bajo,223.75,0.0,0.205,-0.038
2025-02-11,FIN-01-L052,FIN-01,Rosa,Explorer,Invernadero,2024-11-15,88,1.22,61304,105,Microaspersión,Coco,Vegetativo,7930,85000,0.88,15.8,22.6,10.6,79.4,15.2,0.0,0.36,12.0,58.3,36,22,16.4,12.5,97.0,Medio,0,9.3,3.8,7.4,7,PED-00427,2025-02-04,2025-02-15,CLI-031,Broker,Estados Unidos,Contrato,12125,5237,0.534,10,Alta,7,0,6131,5004,43.2,-7121,Alto,Bajo,1577.44,70.0,0.21,-0.011
2025-10-20,FIN-03-L028,FIN-03,Clavel,Nelson,Invernadero,2025-06-04,138,0.74,78273,90,Goteo,Suelo,Vegetativo,4810,105000,0.88,13.0,20.4,8.3,77.1,19.1,0.0,0.33,12.8,26.4,28,10,6.7,5.4,91.5,Alto,0,30.9,1.1,11.7,6,PED-00428,2025-10-06,2025-10-24,CLI-037,Exportador,Estados Unidos,Preventa,10391,1596,0.292,0,Media,14,1,2704,1853,15.4,-8538,Alto,Bajo,305.41,33.4,0.31,0.111
2025-01-29,FIN-02-L026,FIN-02,Rosa,Freedom,Invernadero,2024-11-04,86,1.19,62337,105,Goteo,Cascarilla,Botón,7735,85000,0.88,13.4,21.7,7.7,61.9,12.4,2.7,0.56,12.4,49.8,20,17,15.8,8.8,89.2,Medio,0,3.6,6.4,6.8,9,PED-00429,2024-12-30,2025-01-30,CLI-058,Exportador,Chile,Contrato,10135,3336,0.42,0,Media,30,0,5166,4257,32.9,-5878,Alto,Bajo,820.61,73.4,0.45,0.131
2025-11-07,FIN-03-L052,FIN-03,Rosa,Mondial,Invernadero,2025-08-02,97,0.8,62601,105,Microaspersión,Cascarilla,Botón,5200,85000,0.88,18.2,22.8,12.4,83.6,14.2,7.0,0.33,11.8,49.6,19,19,11.4,7.5,86.3,Medio,1,5.5,16.9,9.1,15,PED-00430,2025-10-24,2025-11-10,CLI-071,Exportador,Países Bajos,Contrato,7490,2962,0.407,8,Media,14,0,4540,3253,39.5,-4237,Alto,Bajo,537.23,49.4,0.286,0.127
2025-07-18,FIN-04-L029,FIN-04,Rosa,Explorer,Invernadero,2025-04-26,83,0.84,70143,105,Microaspersión,Coco,Vegetativo,5460,85000,0.88,14.5,22.5,7.6,68.7,15.6,5.1,0.5,12.2,48.8,38,16,6.8,11.7,86.4,Medio,1,35.0,15.4,16.1,0,PED-00431,2025-07-04,2025-07-20,CLI-002,Exportador,Países Bajos,Marketplace,8443,904,0.55,8,Alta,14,0,1985,1091,10.7,-7352,Alto,Bajo,274.26,0.0,0.286,-0.024
2025-03-05,FIN-03-L006,FIN-03,Rosa,Freedom,Invernadero,2024-12-16,79,1.64,61853,105,Microaspersión,Suelo,Vegetativo,10660,85000,0.88,16.3,20.6,12.0,83.4,18.4,2.6,0.3,12.2,36.5,19,36,19.9,16.1,89.9,Medio,1,0.8,21.0,14.1,3,PED-00432,2025-02-12,2025-03-08,CLI-006,Mayorista,España,Preventa,5993,5993,0.381,0,Baja,21,1,9340,6497,100.0,504,Bajo,Bajo,1263.34,40.2,0.29,-0.022
2025-11-25,FIN-02-L021,FIN-02,Rosa,Explorer,Invernadero,2025-10-01,55,1.8,57836,105,Goteo,Cascarilla,Cosecha,11700,85000,0.88,17.7,23.6,13.1,45.0,18.3,0.0,1.07,11.9,34.4,28,32,21.9,14.8,87.5,Medio,1,21.0,7.2,10.8,15,PED-00433,2025-11-11,2025-11-29,CLI-004,Retail,Estados Unidos,Preventa,1585,1585,0.488,0,Media,14,0,7112,4947,100.0,3362,Bajo,Alto,484.47,39.0,0.18,0.019
2025-05-05,FIN-01-L025,FIN-01,Rosa,Mondial,Invernadero,2025-01-16,109,1.18,70051,105,Goteo,Cascarilla,Botón,7670,85000,0.88,20.8,26.5,15.7,84.7,11.5,3.9,0.35,11.8,58.0,17,22,13.4,12.1,72.4,Medio,1,12.8,5.0,11.4,17,PED-00434,2025-04-05,2025-05-10,CLI-072,Exportador,Canadá,Preventa,19453,4148,0.464,5,Media,30,0,5371,4001,21.3,-15452,Alto,Bajo,1042.33,48.7,0.45,0.112
2025-02-24,FIN-02-L021,FIN-02,Clavel,Bizet,Invernadero,2024-12-13,73,1.14,81178,90,Goteo,Cascarilla,Cosecha,7409,105000,0.88,18.9,25.8,14.6,70.1,18.0,0.0,0.62,12.1,47.3,44,14,14.6,15.3,81.4,Alto,1,14.5,2.8,8.5,9,PED-00435,2025-02-17,2025-03-01,CLI-093,Retail,Canadá,Spot,1950,1950,0.268,0,Baja,7,1,9436,7294,100.0,5344,Bajo,Alto,321.08,58.0,0.15,0.212
2025-12-07,FIN-03-L031,FIN-03,Rosa,Freedom,Invernadero,2025-08-27,102,0.29,61196,105,Microaspersión,Cascarilla,Botón,1884,85000,0.88,18.2,23.1,12.4,77.5,13.8,0.0,0.45,11.7,65.6,29,4,2.9,2.2,86.1,Medio,0,13.8,11.3,10.0,6,PED-00436,2025-11-30,2025-12-10,CLI-063,Exportador,Estados Unidos,Preventa,17270,1209,0.626,2,Baja,7,0,1722,1219,7.0,-16051,Alto,Bajo,541.31,44.3,0.274,0.139
2025-02-02,FIN-01-L002,FIN-01,Rosa,Freedom,Invernadero,2024-10-14,111,1.78,57568,105,Goteo,Coco,Cosecha,11570,85000,0.88,17.8,22.1,12.4,63.3,15.1,0.0,0.72,11.7,50.2,22,28,21.9,13.5,80.4,Medio,1,23.3,13.9,13.3,12,PED-00437,2025-01-19,2025-02-07,CLI-092,Exportador,Países Bajos,Spot,19185,5869,0.531,0,Alta,14,0,8627,5272,30.6,-13913,Alto,Bajo,2084.48,18.7,0.31,-0.103
2025-06-11,FIN-03-L030,FIN-03,Rosa,Explorer,Invernadero,2025-01-21,141,1.7,68839,105,Microaspersión,Coco,Cosecha,11050,85000,0.88,17.0,23.9,11.2,79.8,9.2,0.9,0.38,12.2,76.5,38,37,19.7,14.6,95.3,Medio,0,20.9,4.3,10.5,6,PED-00438,2025-06-04,2025-06-14,CLI-058,Exportador,Estados Unidos,Contrato,11215,3242,0.479,8,Media,7,1,4618,3364,28.9,-7851,Alto,Bajo,869.18,46.1,0.216,0.071
2025-01-30,FIN-01-L027,FIN-01,Clavel,Dover,Invernadero,2024-11-22,69,1.34,77287,90,Microaspersión,Suelo,Botón,8710,105000,0.88,16.9,21.0,12.2,82.0,24.1,0.0,0.33,11.7,5.0,37,28,16.9,11.1,88.0,Medio,1,11.7,8.9,8.7,5,PED-00439,2025-01-16,2025-02-03,CLI-011,Mayorista,Estados Unidos,Spot,4428,4428,0.23,5,Media,14,0,15356,11467,100.0,7039,Bajo,Alto,462.63,54.0,0.165,-0.046
2025-07-19,FIN-02-L021,FIN-02,Rosa,Explorer,Invernadero,2025-03-10,131,0.33,63192,105,Microaspersión,Coco,Cosecha,2145,85000,0.88,15.3,22.8,11.2,84.6,15.2,0.0,0.26,12.6,59.9,28,4,5.0,3.2,91.5,Alto,0,18.4,20.9,15.0,16,PED-00440,2025-06-28,2025-07-20,CLI-073,Mayorista,Estados Unidos,Preventa,4763,661,0.471,8,Media,21,0,1164,685,13.9,-4078,Alto,Bajo,154.29,14.3,0.356,0.222
2025-03-08,FIN-04-L029,FIN-04,Rosa,Explorer,Invernadero,2024-11-07,121,0.53,67028,105,Microaspersión,Cascarilla,Vegetativo,3445,85000,0.88,17.2,24.1,12.1,74.9,10.7,3.5,0.47,11.6,65.1,32,10,5.8,6.0,87.3,Medio,0,14.6,14.6,9.6,16,PED-00441,2025-02-06,2025-03-12,CLI-070,Exportador,Estados Unidos,Spot,10951,1584,0.45,2,Baja,30,1,2105,1430,14.5,-9521,Alto,Bajo,411.76,39.3,0.45,-0.062
2025-12-07,FIN-04-L032,FIN-04,Gypsophila,New Love,Invernadero,2025-10-02,66,1.13,100843,75,Microaspersión,Coco,Botón,7344,78000,0.88,18.1,25.6,11.5,66.4,11.4,0.0,0.67,11.6,71.7,29,25,12.6,8.6,86.1,Medio,1,26.1,20.0,15.5,3,PED-00442,2025-11-16,2025-12-12,CLI-099,Exportador,Países Bajos,Spot,9066,1279,0.178,0,Media,21,1,2658,1461,14.1,-7605,Alto,Bajo,123.06,2.4,0.38,-0.158
2025-10-24,FIN-03-L026,FIN-03,Rosa,Freedom,Invernadero,2025-07-08,108,1.53,72384,105,Microaspersión,Coco,Reposo,9945,85000,0.88,18.4,23.7,12.5,72.3,19.4,0.7,0.56,12.2,49.2,32,32,14.9,10.5,80.5,Bajo,1,8.2,4.4,5.8,13,PED-00443,2025-10-17,2025-10-25,CLI-077,Mayorista,Chile,Spot,4788,4788,0.394,0,Media,7,1,12954,10465,100.0,5677,Bajo,Alto,1074.58,69.9,0.11,-0.002
2025-04-28,FIN-01-L060,FIN-01,Rosa,Freedom,Invernadero,2024-12-14,135,1.4,66096,105,Microaspersión,Suelo,Reposo,9100,85000,0.88,15.9,22.7,9.1,74.5,17.0,1.9,0.45,12.1,45.8,30,26,12.9,12.5,87.2,Alto,1,35.0,14.2,17.0,15,PED-00444,2025-03-14,2025-04-29,CLI-102,Exportador,Canadá,Marketplace,9564,2925,0.455,5,Baja,45,0,5102,2806,30.6,-6758,Alto,Bajo,723.4,0.0,0.45,0.068
2025-03-13,FIN-01-L024,FIN-01,Clavel,Bizet,Invernadero,2024-12-06,97,0.92,80515,90,Microaspersión,Cascarilla,Cosecha,5980,105000,0.88,17.1,24.9,12.4,47.4,22.6,0.1,0.99,12.1,22.5,28,16,8.1,7.7,76.6,Medio,1,27.0,7.3,13.3,2,PED-00445,2025-03-06,2025-03-14,CLI-056,Broker,Estados Unidos,Preventa,3975,3975,0.269,5,Media,7,0,8593,5482,100.0,1507,Bajo,Alto,564.88,22.5,0.095,0.075
2025-02-27,FIN-02-L047,FIN-02,Rosa,Explorer,Invernadero,2024-10-08,142,1.2,58532,105,Microaspersión,Suelo,Botón,7800,85000,0.88,18.6,23.6,13.8,54.0,8.0,0.0,0.94,12.5,66.4,23,23,18.6,9.2,100.0,Alto,1,18.2,19.0,14.2,13,PED-00446,2025-02-13,2025-02-28,CLI-072,Exportador,Estados Unidos,Contrato,8349,864,0.536,5,Alta,14,0,1593,982,10.3,-7367,Alto,Bajo,296.23,21.2,0.295,-0.02
2025-07-16,FIN-03-L005,FIN-03,Gypsophila,Million Star,Campo abierto,2025-05-30,47,1.51,86718,75,Goteo,Cascarilla,Cosecha,9815,78000,0.88,18.0,22.4,12.9,61.4,12.5,0.0,0.76,12.0,46.6,15,30,14.1,17.3,97.2,Medio,1,5.2,20.4,16.4,10,PED-00447,2025-07-02,2025-07-20,CLI-119,Exportador,Estados Unidos,Spot,5641,2804,0.173,12,Media,14,0,3953,2657,49.7,-2984,Alto,Bajo,193.05,32.0,0.274,0.012
2025-06-10,FIN-04-L043,FIN-04,Rosa,Freedom,Invernadero,2025-02-24,106,0.35,64073,105,Microaspersión,Coco,Vegetativo,2275,85000,0.88,17.4,25.0,11.4,74.9,11.7,0.3,0.48,11.7,52.5,29,6,4.3,3.1,70.9,Medio,1,14.9,9.7,9.4,6,PED-00448,2025-05-27,2025-06-11,CLI-034,Broker,Países Bajos,Preventa,6318,1081,0.474,0,Media,14,0,1731,1213,17.1,-5105,Alto,Bajo,324.58,42.6,0.31,0.121
2025-08-05,FIN-02-L009,FIN-02,Rosa,Freedom,Invernadero,2025-04-25,102,1.75,67493,105,Goteo,Coco,Vegetativo,11375,85000,0.88,15.2,21.7,10.1,62.4,22.1,2.5,0.63,11.8,50.8,26,39,17.2,18.3,79.5,Medio,0,1.9,6.3,10.1,16,PED-00449,2025-07-15,2025-08-10,CLI-095,Mayorista,Chile,Preventa,4511,4511,0.463,5,Media,21,1,20907,16982,100.0,12471,Bajo,Alto,1229.39,66.6,0.235,-0.152
2025-12-05,FIN-03-L025,FIN-03,Gypsophila,Xlence,Invernadero,2025-08-18,109,1.12,91615,75,Goteo,Suelo,Botón,7280,78000,0.88,15.2,20.5,11.0,59.0,12.0,2.0,0.69,12.8,63.5,33,24,13.3,10.3,84.7,Medio,1,9.0,23.4,12.2,14,PED-00450,2025-11-28,2025-12-06,CLI-083,Supermercado,Estados Unidos,Preventa,3898,1143,0.232,2,Alta,7,0,2077,1307,29.3,-2591,Alto,Bajo,151.33,27.9,0.234,-0.013
2025-09-15,FIN-03-L055,FIN-03,Clavel,Nelson,Campo abierto,2025-06-07,100,0.63,77351,90,Goteo,Suelo,Vegetativo,4095,105000,0.88,15.6,24.6,9.8,89.2,15.3,0.0,0.25,11.8,38.2,29,13,7.6,5.3,79.7,Bajo,1,7.1,3.8,6.5,10,PED-00451,2025-08-16,2025-09-20,CLI-069,Exportador,Estados Unidos,Contrato,6696,3515,0.296,0,Media,30,0,5672,4626,52.5,-2070,Alto,Bajo,630.07,70.6,0.45,0.141
2025-03-31,FIN-01-L025,FIN-01,Rosa,Vendela,Invernadero,2024-12-16,105,0.27,70862,105,Goteo,Suelo,Botón,1755,85000,0.88,12.4,18.3,7.5,72.6,20.3,0.0,0.37,11.9,41.7,27,6,3.6,2.8,85.6,Medio,1,18.2,18.4,14.0,12,PED-00452,2025-03-10,2025-04-01,CLI-054,Retail,Colombia,Preventa,1627,965,0.5,2,Alta,21,0,1558,947,59.3,-680,Alto,Bajo,306.43,18.9,0.374,0.09
2025-05-15,FIN-02-L059,FIN-02,Rosa,Mondial,Invernadero,2025-03-05,71,0.39,58866,105,Goteo,Suelo,Vegetativo,2535,85000,0.88,15.3,22.9,9.8,77.5,15.7,1.1,0.38,11.7,49.9,15,7,5.2,3.5,79.7,Medio,1,7.9,17.3,10.5,8,PED-00453,2025-05-08,2025-05-19,CLI-050,Exportador,Países Bajos,Spot,6222,1013,0.553,2,Alta,7,0,1703,1169,16.3,-5053,Alto,Bajo,350.71,40.9,0.234,0.159
2025-03-28,FIN-01-L043,FIN-01,Rosa,Vendela,Invernadero,2024-12-13,105,0.87,69963,105,Goteo,Coco,Botón,5655,85000,0.88,18.0,25.2,12.1,69.1,12.1,0.2,0.61,11.7,54.8,18,13,10.8,9.1,79.7,Alto,0,2.4,7.9,8.6,5,PED-00454,2025-03-21,2025-03-29,CLI-096,Exportador,Estados Unidos,Contrato,10467,5401,0.56,8,Alta,7,0,6237,5006,51.6,-5461,Alto,Bajo,1749.76,66.7,0.216,0.005
2025-01-13,FIN-04-L041,FIN-04,Rosa,Freedom,Invernadero,2024-09-10,125,1.31,60087,105,Goteo,Cascarilla,Cosecha,8515,85000,0.88,15.5,20.7,9.2,71.1,10.8,1.7,0.49,11.9,71.2,36,21,11.8,17.9,84.4,Medio,0,14.0,17.3,11.1,16,PED-00455,2024-12-30,2025-01-15,CLI-115,Retail,Estados Unidos,Preventa,1145,1145,0.476,5,Alta,14,0,3271,2134,100.0,989,Bajo,Alto,328.85,32.2,0.165,-0.048
2025-04-25,FIN-03-L007,FIN-03,Rosa,Vendela,Invernadero,2024-11-21,155,1.21,64416,105,Microaspersión,Coco,Botón,7865,85000,0.88,18.2,25.6,13.7,82.6,12.4,0.0,0.35,11.8,51.9,28,20,13.5,13.9,92.5,Medio,1,1.2,19.2,8.4,4,PED-00456,2025-03-26,2025-04-26,CLI-035,Supermercado,España,Preventa,3420,1626,0.564,8,Baja,30,1,2915,2136,47.5,-1284,Alto,Bajo,517.04,55.0,0.45,0.092
2025-08-15,FIN-03-L018,FIN-03,Gypsophila,New Love,Invernadero,2025-05-29,78,1.41,89377,75,Microaspersión,Coco,Botón,9165,78000,0.88,17.7,23.4,11.8,72.9,18.0,0.0,0.53,12.2,20.1,26,27,20.0,11.1,87.3,Medio,0,2.2,10.4,6.4,5,PED-00457,2025-07-01,2025-08-18,CLI-075,Retail,Estados Unidos,Spot,740,740,0.196,2,Media,45,0,11721,9380,100.0,8640,Bajo,Alto,78.49,69.7,0.45,-0.077
2025-10-29,FIN-03-L016,FIN-03,Rosa,Explorer,Invernadero,2025-06-29,122,1.33,58070,105,Microaspersión,Cascarilla,Botón,8645,85000,0.88,18.8,24.8,13.1,76.5,13.9,0.0,0.49,12.3,70.5,24,32,16.9,10.7,89.5,Medio,1,9.7,4.1,8.2,12,PED-00458,2025-10-15,2025-10-30,CLI-080,Broker,Canadá,Contrato,7606,4208,0.449,2,Media,14,0,6967,5578,55.3,-2028,Alto,Bajo,1146.3,65.4,0.304,-0.121
2025-11-15,FIN-01-L041,FIN-01,Rosa,Freedom,Campo abierto,2025-07-03,135,0.28,60681,105,Microaspersión,Suelo,Botón,1820,85000,0.88,15.7,24.3,9.4,73.5,14.5,0.0,0.46,12.1,61.6,16,5,2.5,2.1,86.8,Medio,0,11.1,0.8,5.4,14,PED-00459,2025-11-01,2025-11-18,CLI-086,Exportador,Canadá,Contrato,11241,1531,0.39,0,Alta,14,1,1699,1405,13.6,-9836,Alto,Bajo,296.33,73.6,0.31,-0.105
2025-01-27,FIN-03-L036,FIN-03,Rosa,Mondial,Campo abierto,2024-10-03,116,0.58,67234,105,Goteo,Suelo,Cosecha,3769,85000,0.88,17.7,26.6,13.2,73.0,25.0,0.0,0.53,12.6,17.4,24,11,7.7,5.6,85.5,Medio,1,1.5,1.2,4.5,11,PED-00460,2025-01-20,2025-02-01,CLI-002,Retail,Estados Unidos,Preventa,1630,1630,0.416,0,Alta,7,0,8809,7786,100.0,6156,Bajo,Alto,360.23,88.0,0.11,0.14
2025-12-29,FIN-03-L021,FIN-03,Rosa,Explorer,Invernadero,2025-09-17,103,0.66,58628,105,Microaspersión,Suelo,Vegetativo,4290,85000,0.88,16.3,24.0,9.8,61.4,10.3,11.7,0.69,12.0,63.7,26,16,8.8,7.2,86.4,Medio,1,2.3,3.6,5.3,17,PED-00461,2025-11-29,2026-01-02,CLI-071,Mayorista,Estados Unidos,Spot,7922,3528,0.439,0,Alta,30,0,3913,3355,44.5,-4567,Alto,Bajo,930.15,81.8,0.45,0.031
2025-12-02,FIN-01-L003,FIN-01,Clavel,Bizet,Invernadero,2025-09-04,89,1.32,71564,90,Goteo,Coco,Reposo,8580,105000,0.88,17.3,22.6,12.8,62.2,11.2,7.0,0.72,11.8,62.7,24,26,18.9,11.9,90.9,Medio,0,8.7,9.5,7.9,15,PED-00462,2025-11-25,2025-12-04,CLI-065,Mayorista,Estados Unidos,Preventa,7264,5844,0.25,2,Baja,7,1,8817,6754,80.5,-510,Medio,Bajo,728.0,59.7,0.144,-0.121
2025-10-28,FIN-01-L005,FIN-01,Rosa,Mondial,Invernadero,2025-08-24,65,1.24,49350,105,Goteo,Suelo,Vegetativo,8060,85000,0.88,16.0,21.7,9.1,87.4,21.3,1.9,0.25,12.1,31.5,21,27,15.6,10.0,78.9,Medio,1,5.3,6.1,6.5,15,PED-00463,2025-10-14,2025-10-30,CLI-049,Exportador,Chile,Preventa,5436,5436,0.4,10,Alta,14,0,7385,5961,100.0,525,Bajo,Bajo,860.5,69.5,0.15,0.158
2025-05-13,FIN-03-L013,FIN-03,Rosa,Explorer,Invernadero,2025-01-16,117,0.3,58554,105,Goteo,Coco,Vegetativo,1950,85000,0.88,16.0,24.5,9.4,80.4,14.1,10.1,0.34,12.1,44.8,36,7,2.8,2.2,79.5,Medio,1,22.1,30.0,17.3,11,PED-00464,2025-04-29,2025-05-14,CLI-074,Broker,Estados Unidos,Spot,6273,396,0.359,5,Media,14,0,838,460,6.3,-5813,Alto,Bajo,66.16,0.0,0.295,-0.031
2025-07-21,FIN-02-L026,FIN-02,Clavel,Bizet,Invernadero,2025-04-18,94,0.8,87408,90,Goteo,Suelo,Reposo,5200,105000,0.88,17.6,25.6,10.7,72.3,18.4,1.5,0.54,11.8,33.6,36,15,9.1,7.6,59.1,Medio,1,0.6,3.1,8.9,7,PED-00465,2025-07-14,2025-07-25,CLI-108,Broker,Estados Unidos,Spot,8687,6901,0.277,5,Media,7,0,10725,8902,79.4,215,Bajo,Bajo,1046.82,70.6,0.095,-0.113
2025-07-07,FIN-03-L014,FIN-03,Rosa,Freedom,Invernadero,2025-04-19,79,1.59,71552,105,Goteo,Cascarilla,Reposo,10335,85000,0.88,13.8,22.0,9.8,62.9,17.4,1.9,0.56,12.3,50.0,19,30,17.8,15.0,94.2,Medio,1,24.7,2.2,10.4,2,PED-00466,2025-06-16,2025-07-12,CLI-047,Exportador,Estados Unidos,Preventa,9069,5902,0.42,8,Media,21,0,7652,5523,65.1,-3546,Alto,Bajo,1066.57,43.8,0.356,0.017
2025-12-11,FIN-04-L037,FIN-04,Rosa,Mondial,Campo abierto,2025-09-26,76,0.46,71472,105,Microaspersión,Suelo,Cosecha,2990,85000,0.88,14.1,19.4,9.1,83.7,16.2,2.4,0.25,12.3,30.2,21,9,5.4,4.6,84.7,Medio,1,5.4,15.2,7.2,14,PED-00467,2025-11-20,2025-12-16,CLI-013,Exportador,Colombia,Marketplace,13184,1487,0.572,8,Media,21,0,2425,1786,11.3,-11398,Alto,Bajo,534.82,55.7,0.356,0.009
2025-12-01,FIN-01-L052,FIN-01,Gypsophila,New Love,Invernadero,2025-09-27,65,0.78,103996,75,Goteo,Suelo,Botón,5070,78000,0.88,18.9,23.6,13.2,68.9,11.6,2.5,0.65,12.1,71.7,30,13,8.8,7.1,82.3,Medio,1,4.5,7.5,6.9,6,PED-00468,2025-11-17,2025-12-05,CLI-062,Exportador,Canadá,Preventa,9812,2835,0.202,8,Alta,14,0,3193,2563,28.9,-7249,Alto,Bajo,239.13,68.5,0.286,0.134
2025-04-21,FIN-04-L014,FIN-04,Rosa,Explorer,Invernadero,2024-12-30,112,1.72,61182,105,Microaspersión,Suelo,Cosecha,11180,85000,0.88,17.4,26.2,12.7,80.8,17.1,1.2,0.37,12.1,49.2,27,41,18.2,14.9,91.6,Bajo,0,12.1,11.4,13.5,8,PED-00469,2025-04-07,2025-04-22,CLI-115,Broker,Países Bajos,Contrato,8955,6829,0.444,5,Alta,14,0,9627,6823,76.3,-2132,Alto,Bajo,1676.0,40.5,0.295,0.186
2025-06-27,FIN-03-L005,FIN-03,Clavel,Bizet,Invernadero,2025-04-21,67,1.38,79069,90,Goteo,Coco,Botón,8970,105000,0.88,15.1,22.3,10.0,62.7,7.6,4.7,0.62,12.2,70.0,23,32,19.8,11.2,82.5,Medio,1,9.0,7.9,10.8,14,PED-00470,2025-06-13,2025-07-01,CLI-077,Exportador,Estados Unidos,Preventa,6546,2182,0.224,5,Media,14,1,3401,2574,33.3,-3972,Alto,Bajo,221.17,53.5,0.295,0.061
2025-11-15,FIN-03-L037,FIN-03,Rosa,Explorer,Invernadero,2025-07-04,134,1.66,67165,105,Microaspersión,Coco,Cosecha,10790,85000,0.88,17.3,21.4,12.0,72.4,17.1,0.0,0.53,12.5,44.0,22,32,22.8,17.3,89.5,Medio,1,17.2,3.8,10.8,9,PED-00471,2025-10-25,2025-11-17,CLI-091,Supermercado,Chile,Marketplace,3955,3955,0.43,5,Alta,21,1,8782,6566,100.0,2611,Bajo,Alto,907.58,49.9,0.235,0.085
2025-01-12,FIN-02-L017,FIN-02,Rosa,Explorer,Invernadero,2024-09-14,120,0.34,67025,105,Microaspersión,Suelo,Cosecha,2210,85000,0.88,15.4,23.5,9.7,73.7,19.0,0.0,0.45,12.0,41.9,36,6,3.7,3.0,75.4,Medio,1,32.7,15.8,14.2,9,PED-00472,2025-01-05,2025-01-16,CLI-029,Exportador,Países Bajos,Preventa,9998,579,0.497,5,Media,7,1,1363,749,5.8,-9249,Alto,Bajo,154.67,0.0,0.225,0.036
2025-05-19,FIN-04-L057,FIN-04,Gypsophila,Million Star,Invernadero,2025-02-20,88,0.57,102690,75,Microaspersión,Suelo,Reposo,3704,78000,0.88,17.9,23.4,11.9,77.4,23.1,4.9,0.44,12.8,22.5,42,13,6.6,6.1,74.9,Bajo,1,0.9,10.2,6.8,14,PED-00473,2025-05-05,2025-05-24,CLI-077,Exportador,Estados Unidos,Contrato,7371,2886,0.186,8,Media,14,1,4327,3442,39.2,-3929,Alto,Bajo,248.19,67.9,0.286,0.019
2025-09-02,FIN-04-L021,FIN-04,Rosa,Freedom,Invernadero,2025-04-06,149,1.65,73956,105,Goteo,Cascarilla,Cosecha,10725,85000,0.88,19.8,28.5,15.3,58.8,10.3,0.0,0.9,12.7,67.2,16,27,20.8,15.8,79.3,Alto,0,5.3,5.4,10.0,13,PED-00474,2025-08-12,2025-09-05,CLI-115,Exportador,España,Preventa,7364,2990,0.512,5,Alta,21,1,4807,3842,40.6,-3522,Alto,Bajo,889.15,63.3,0.365,0.072
2025-03-28,FIN-02-L047,FIN-02,Rosa,Explorer,Invernadero,2024-11-20,128,0.35,77024,105,Microaspersión,Suelo,Reposo,2275,85000,0.88,13.1,17.3,6.9,76.4,15.6,5.2,0.34,12.2,50.6,34,8,2.8,2.1,81.1,Medio,0,7.7,28.1,13.7,8,PED-00475,2025-03-07,2025-03-31,CLI-061,Exportador,Estados Unidos,Marketplace,8740,798,0.467,5,Media,21,0,1225,723,9.1,-8017,Alto,Bajo,189.18,18.6,0.365,-0.049
2025-07-09,FIN-03-L060,FIN-03,Rosa,Mondial,Invernadero,2025-03-22,109,1.36,60202,105,Microaspersión,Suelo,Botón,8840,85000,0.88,14.6,21.6,9.2,67.7,10.9,0.0,0.52,11.8,48.9,30,30,18.5,11.5,78.7,Medio,1,22.7,14.8,10.6,14,PED-00476,2025-06-18,2025-07-14,CLI-020,Mayorista,Estados Unidos,Preventa,3934,2845,0.384,8,Baja,21,0,5164,3184,72.3,-750,Alto,Bajo,450.44,23.4,0.396,0.046
2025-06-13,FIN-03-L045,FIN-03,Rosa,Vendela,Invernadero,2025-03-09,96,0.83,47941,105,Microaspersión,Suelo,Cosecha,5395,85000,0.88,18.8,26.3,13.9,57.7,20.5,2.2,0.87,11.5,26.8,19,17,13.0,6.8,94.0,Medio,0,9.1,3.6,8.1,4,PED-00477,2025-05-30,2025-06-14,CLI-075,Retail,Países Bajos,Spot,1870,1870,0.519,8,Alta,14,0,7525,6119,100.0,4249,Bajo,Alto,584.13,68.4,0.156,0.126
2025-08-23,FIN-01-L001,FIN-01,Clavel,Dover,Invernadero,2025-05-30,85,1.59,88850,90,Microaspersión,Coco,Vegetativo,10335,105000,0.88,15.6,22.1,9.5,85.9,13.0,2.7,0.25,12.5,50.9,39,30,17.5,12.0,95.4,Alto,1,6.3,22.4,11.4,4,PED-00478,2025-07-09,2025-08-28,CLI-042,Mayorista,Canadá,Marketplace,4155,4155,0.221,0,Media,45,1,8886,5934,100.0,1779,Bajo,Alto,502.95,37.5,0.45,0.226
2025-02-01,FIN-04-L024,FIN-04,Clavel,Nelson,Invernadero,2024-11-21,72,1.31,87740,90,Microaspersión,Cascarilla,Cosecha,8515,105000,0.88,13.8,20.2,7.4,67.8,13.9,0.0,0.49,11.9,62.4,33,26,15.8,11.8,99.6,Medio,1,13.9,7.7,9.0,12,PED-00479,2025-01-11,2025-02-05,CLI-106,Mayorista,Chile,Preventa,8115,5092,0.317,2,Media,21,1,7237,5453,62.7,-2662,Alto,Bajo,1058.82,55.0,0.374,0.112
2025-06-13,FIN-04-L010,FIN-04,Gypsophila,Million Star,Invernadero,2025-04-05,69,1.45,89842,75,Microaspersión,Coco,Vegetativo,9425,78000,0.88,13.0,20.3,7.0,77.2,13.2,0.0,0.33,12.1,41.7,25,30,15.0,8.0,79.3,Medio,1,15.6,1.0,6.0,17,PED-00480,2025-06-06,2025-06-17,CLI-059,Retail,Colombia,Spot,758,758,0.195,5,Media,7,0,6713,5294,100.0,4536,Bajo,Alto,77.13,63.9,0.095,-0.008
2025-07-31,FIN-03-L012,FIN-03,Rosa,Explorer,Invernadero,2025-03-16,137,0.99,63307,105,Microaspersión,Coco,Botón,6435,85000,0.88,16.2,22.9,11.2,63.4,19.1,0.0,0.65,12.5,44.8,23,23,8.7,13.2,79.8,Medio,1,13.2,26.8,14.9,4,PED-00481,2025-07-17,2025-08-03,CLI-020,Mayorista,Estados Unidos,Spot,7538,1873,0.365,5,Alta,14,0,3851,2162,24.8,-5376,Alto,Bajo,291.13,10.0,0.295,-0.003
2025-12-07,FIN-04-L009,FIN-04,Rosa,Explorer,Invernadero,2025-08-02,127,1.45,59408,105,Microaspersión,Cascarilla,Botón,9425,85000,0.88,16.1,24.9,11.6,64.9,15.9,4.2,0.62,12.7,43.0,29,32,14.6,13.3,69.7,Alto,0,35.0,9.4,15.1,5,PED-00482,2025-11-30,2025-12-12,CLI-117,Broker,España,Preventa,10521,3178,0.428,0,Alta,7,0,5669,3169,30.2,-7352,Alto,Bajo,793.07,2.6,0.24,-0.023
2025-01-05,FIN-04-L031,FIN-04,Clavel,Bizet,Invernadero,2024-09-10,117,1.07,74019,90,Microaspersión,Suelo,Cosecha,6955,105000,0.88,17.6,25.6,13.2,58.9,22.5,2.9,0.8,12.2,25.0,28,18,9.7,9.0,78.3,Medio,0,7.0,20.1,11.8,4,PED-00483,2024-12-15,2025-01-09,CLI-115,Mayorista,Estados Unidos,Spot,2987,2987,0.234,2,Media,21,0,8420,5584,100.0,2597,Bajo,Alto,360.28,34.8,0.244,0.091
2025-06-02,FIN-01-L017,FIN-01,Rosa,Mondial,Invernadero,2025-02-04,118,0.36,63057,105,Goteo,Suelo,Reposo,2340,85000,0.88,18.0,26.1,13.4,62.7,11.8,0.0,0.74,12.1,56.5,22,8,4.6,3.3,82.5,Bajo,0,17.9,6.4,9.0,2,PED-00484,2025-05-26,2025-06-07,CLI-016,Exportador,Estados Unidos,Contrato,10547,1068,0.357,5,Media,7,0,1409,1018,10.1,-9529,Alto,Bajo,165.13,47.1,0.225,-0.025
2025-04-10,FIN-03-L034,FIN-03,Rosa,Explorer,Invernadero,2024-12-06,125,1.2,53213,105,Microaspersión,Suelo,Cosecha,7800,85000,0.88,21.9,30.3,17.7,76.9,19.7,3.0,0.56,12.8,39.0,16,29,14.5,12.5,86.6,Alto,1,12.5,7.2,10.4,15,PED-00485,2025-03-27,2025-04-15,CLI-025,Broker,Estados Unidos,Contrato,6071,5746,0.464,0,Baja,14,0,7484,5593,94.6,-478,Medio,Bajo,1494.76,51.5,0.22,-0.087
2025-11-18,FIN-03-L029,FIN-03,Rosa,Mondial,Invernadero,2025-07-24,117,1.68,68669,105,Microaspersión,Coco,Cosecha,10920,85000,0.88,17.1,25.9,10.7,67.4,7.0,1.1,0.61,12.3,75.9,26,28,18.4,14.7,87.4,Medio,0,8.6,12.9,8.7,4,PED-00486,2025-11-11,2025-11-23,CLI-059,Exportador,Estados Unidos,Preventa,6463,3237,0.373,5,Alta,7,0,4796,3514,50.1,-2949,Alto,Bajo,562.16,52.2,0.225,-0.074
2025-08-06,FIN-02-L058,FIN-02,Rosa,Mondial,Invernadero,2025-04-06,122,1.39,61532,105,Microaspersión,Cascarilla,Cosecha,9035,85000,0.88,21.0,25.7,16.2,81.8,16.5,2.6,0.42,12.6,50.4,34,31,15.7,12.0,99.2,Alto,1,18.6,11.1,10.1,13,PED-00487,2025-07-23,2025-08-10,CLI-064,Retail,Estados Unidos,Contrato,1540,1540,0.538,10,Baja,14,0,7045,4885,100.0,3345,Bajo,Alto,467.34,40.9,0.19,-0.041
2025-12-04,FIN-01-L038,FIN-01,Clavel,Dover,Invernadero,2025-09-27,68,1.52,73857,90,Microaspersión,Cascarilla,Cosecha,9880,105000,0.88,16.5,21.7,11.5,58.9,18.8,0.0,0.75,11.8,52.2,27,35,22.0,11.3,86.2,Medio,0,4.5,16.0,13.1,6,PED-00488,2025-11-27,2025-12-06,CLI-013,Retail,España,Spot,1677,1677,0.251,12,Alta,7,0,10389,7415,100.0,5738,Bajo,Alto,176.41,43.7,0.074,-0.031
2025-11-30,FIN-04-L047,FIN-04,Rosa,Explorer,Invernadero,2025-07-24,129,0.38,60507,105,Microaspersión,Cascarilla,Reposo,2470,85000,0.88,16.8,20.9,11.8,61.1,17.3,1.1,0.72,11.9,37.8,17,9,4.9,3.0,80.5,Bajo,1,4.6,1.9,4.9,4,PED-00489,2025-11-23,2025-12-04,CLI-111,Mayorista,Países Bajos,Contrato,3522,2333,0.465,12,Alta,7,1,2926,2496,66.2,-1026,Alto,Bajo,511.82,80.5,0.204,0.003
2025-12-02,FIN-02-L040,FIN-02,Rosa,Freedom,Invernadero,2025-08-18,106,0.98,64621,105,Microaspersión,Coco,Cosecha,6370,85000,0.88,16.2,22.1,11.0,68.5,7.0,4.2,0.56,12.4,88.1,32,21,7.2,6.9,62.3,Medio,0,13.4,9.1,11.4,8,PED-00490,2025-11-11,2025-12-05,CLI-051,Mayorista,Estados Unidos,Contrato,10643,2213,0.616,0,Media,21,0,3372,2355,20.8,-8288,Alto,Bajo,1001.73,39.2,0.38,0.003
2025-10-05,FIN-02-L053,FIN-02,Rosa,Mondial,Invernadero,2025-07-16,81,1.35,71251,105,Microaspersión,Coco,Botón,8775,85000,0.88,18.7,27.0,14.4,82.7,17.2,0.0,0.36,12.3,44.5,31,30,12.8,15.1,85.5,Bajo,1,35.0,18.3,16.0,15,PED-00491,2025-09-14,2025-10-10,CLI-053,Broker,Estados Unidos,Preventa,5370,1777,0.434,0,Media,21,1,3319,1825,33.1,-3545,Alto,Bajo,418.69,0.0,0.38,-0.046
2025-03-06,FIN-01-L057,FIN-01,Rosa,Explorer,Campo abierto,2024-11-01,125,1.57,59385,105,Goteo,Coco,Cosecha,10205,85000,0.88,17.1,22.6,12.7,67.7,20.7,4.4,0.61,12.4,43.5,28,32,20.5,15.3,88.2,Medio,0,12.5,8.5,9.7,1,PED-00492,2025-02-27,2025-03-08,CLI-006,Broker,Países Bajos,Preventa,6394,6394,0.533,10,Media,7,0,12292,9113,100.0,2719,Bajo,Alto,1934.99,51.4,0.08,-0.004
2025-09-03,FIN-01-L017,FIN-01,Rosa,Freedom,Invernadero,2025-05-25,101,0.59,64644,105,Goteo,Coco,Botón,3835,85000,0.88,15.4,22.4,9.8,72.9,16.4,5.3,0.46,11.4,52.0,46,14,7.4,4.5,97.5,Bajo,0,15.9,5.7,9.7,10,PED-00493,2025-07-20,2025-09-04,CLI-015,Supermercado,Países Bajos,Spot,2933,2933,0.512,0,Baja,45,0,3593,2704,100.0,-229,Medio,Bajo,903.77,53.2,0.45,0.013
2025-03-06,FIN-04-L047,FIN-04,Rosa,Mondial,Invernadero,2024-10-29,128,0.33,68654,105,Microaspersión,Suelo,Botón,2145,85000,0.88,14.4,21.7,9.8,75.2,12.9,0.0,0.39,12.6,52.1,39,7,3.5,2.9,86.8,Bajo,0,22.0,6.3,10.3,0,PED-00494,2025-02-20,2025-03-07,CLI-016,Exportador,Chile,Preventa,10019,689,0.426,0,Alta,14,0,1083,756,6.9,-9263,Alto,Bajo,163.46,39.8,0.31,0.03
2025-01-03,FIN-01-L048,FIN-01,Clavel,Bizet,Invernadero,2024-10-14,81,0.26,69206,90,Microaspersión,Cascarilla,Botón,1690,105000,0.88,13.0,21.4,8.4,55.9,12.4,1.5,0.63,12.7,73.1,14,4,3.4,1.7,84.8,Alto,0,22.1,0.9,11.1,14,PED-00495,2024-12-13,2025-01-08,CLI-056,Exportador,Estados Unidos,Preventa,7005,827,0.205,5,Media,21,0,1477,1086,11.8,-5919,Alto,Bajo,69.05,45.6,0.365,0.042
2025-11-05,FIN-02-L057,FIN-02,Rosa,Vendela,Invernadero,2025-07-02,126,1.19,75093,105,Goteo,Coco,Cosecha,7735,85000,0.88,16.1,22.7,12.0,69.3,10.0,0.0,0.54,12.3,71.5,14,21,15.7,10.3,90.1,Medio,1,13.5,5.8,9.5,12,PED-00496,2025-10-22,2025-11-08,CLI-012,Supermercado,Canadá,Marketplace,3860,3444,0.407,5,Baja,14,0,4501,3419,89.2,-441,Medio,Bajo,730.31,55.0,0.205,-0.08
2025-02-28,FIN-02-L019,FIN-02,Rosa,Mondial,Invernadero,2025-01-06,53,1.33,64293,105,Goteo,Cascarilla,Botón,8645,85000,0.88,14.7,22.7,10.4,91.7,13.1,1.7,0.25,12.5,51.7,21,26,18.1,12.4,81.8,Medio,0,5.7,3.9,6.2,4,PED-00497,2025-02-21,2025-03-04,CLI-028,Exportador,Países Bajos,Spot,7230,2548,0.449,5,Alta,7,0,3994,3301,35.2,-3929,Alto,Bajo,632.62,73.6,0.225,-0.109
2025-08-25,FIN-02-L027,FIN-02,Rosa,Freedom,Invernadero,2025-04-30,117,1.29,69118,105,Microaspersión,Cascarilla,Vegetativo,8385,85000,0.88,18.2,25.4,11.5,54.0,11.2,0.0,0.92,12.0,72.0,28,23,15.2,8.9,95.2,Medio,0,17.1,3.9,9.3,9,PED-00498,2025-08-11,2025-08-28,CLI-043,Supermercado,España,Preventa,3752,3752,0.546,8,Alta,14,0,6194,4702,100.0,950,Bajo,Medio,1160.93,54.5,0.156,0.001
2025-06-29,FIN-02-L058,FIN-02,Clavel,Dover,Invernadero,2025-04-19,71,0.29,75944,90,Microaspersión,Coco,Cosecha,1884,105000,0.88,15.7,23.6,9.7,75.7,18.1,0.0,0.42,12.4,43.9,24,5,3.6,2.7,77.4,Bajo,1,11.9,11.3,11.7,2,PED-00499,2025-06-15,2025-07-01,CLI-055,Exportador,España,Spot,14824,1173,0.323,0,Media,14,0,2082,1465,7.9,-13359,Alto,Bajo,232.89,41.2,0.31,0.136
2025-10-30,FIN-03-L005,FIN-03,Rosa,Freedom,Invernadero,2025-06-28,124,1.79,66735,105,Goteo,Coco,Botón,11635,85000,0.88,14.8,19.1,9.4,71.6,13.2,0.9,0.46,12.0,61.5,37,33,19.2,15.8,83.2,Medio,1,28.0,3.4,11.6,2,PED-00500,2025-10-23,2025-11-04,CLI-111,Retail,Estados Unidos,Spot,1815,1815,0.486,0,Baja,7,1,7799,5276,100.0,3461,Bajo,Alto,564.43,32.1,0.15,0.044
2025-04-04,FIN-02-L006,FIN-02,Rosa,Mondial,Invernadero,2024-12-28,97,1.29,66746,105,Goteo,Suelo,Botón,8385,85000,0.88,16.0,23.5,11.6,78.8,17.9,0.0,0.37,12.0,64.8,35,28,17.2,14.1,77.0,Medio,1,18.0,30.0,13.4,12,PED-00501,2025-02-18,2025-04-09,CLI-104,Exportador,Estados Unidos,Contrato,4504,2958,0.565,12,Alta,45,0,4890,2689,65.7,-1815,Alto,Bajo,898.95,0.9,0.45,0.177
2025-02-12,FIN-03-L011,FIN-03,Clavel,Dover,Invernadero,2024-11-27,77,0.64,76222,90,Microaspersión,Suelo,Vegetativo,4160,105000,0.88,19.2,27.3,12.2,65.9,15.3,5.4,0.72,12.2,69.6,20,12,7.7,6.0,77.4,Alto,1,16.6,9.7,8.7,7,PED-00502,2025-02-05,2025-02-13,CLI-030,Retail,Chile,Spot,2223,2178,0.263,0,Media,7,0,4068,2849,98.0,626,Bajo,Medio,302.33,43.3,0.11,0.141
2025-05-10,FIN-04-L024,FIN-04,Rosa,Mondial,Invernadero,2025-01-08,122,1.35,66543,105,Microaspersión,Cascarilla,Botón,8775,85000,0.88,20.3,28.8,13.3,74.3,21.6,0.8,0.57,13.1,20.1,9,24,13.7,14.4,99.4,Alto,0,19.0,12.1,15.7,17,PED-00503,2025-04-19,2025-05-12,CLI-026,Mayorista,Estados Unidos,Contrato,11215,6250,0.535,0,Media,21,1,8862,5856,55.7,-5359,Alto,Bajo,2271.54,27.1,0.38,-0.014
2025-11-23,FIN-01-L044,FIN-01,Rosa,Freedom,Invernadero,2025-08-15,100,1.03,70614,105,Goteo,Suelo,Botón,6695,85000,0.88,18.1,23.2,11.9,89.4,10.5,0.2,0.25,12.0,68.9,27,24,12.5,11.6,93.5,Medio,0,21.8,17.5,13.9,6,PED-00504,2025-11-09,2025-11-24,CLI-004,Broker,Colombia,Preventa,6213,1741,0.359,0,Alta,14,1,3449,2076,28.0,-4137,Alto,Bajo,306.04,17.4,0.31,-0.029
2025-06-20,FIN-04-L006,FIN-04,Clavel,Dover,Invernadero,2025-04-14,67,0.7,80817,90,Goteo,Cascarilla,Cosecha,4550,105000,0.88,17.8,22.0,13.5,66.7,26.0,2.1,0.65,12.3,11.9,27,15,8.6,8.5,84.2,Bajo,1,10.8,18.3,11.7,10,PED-00505,2025-06-13,2025-06-22,CLI-060,Supermercado,Estados Unidos,Contrato,2736,2736,0.287,0,Alta,7,0,6135,4056,100.0,1320,Bajo,Alto,470.18,33.9,0.11,-0.296
2025-01-26,FIN-02-L021,FIN-02,Rosa,Freedom,Invernadero,2024-10-11,107,1.28,58087,105,Microaspersión,Cascarilla,Vegetativo,8320,85000,0.88,17.8,23.8,13.0,73.9,17.8,0.0,0.51,12.7,33.0,34,20,20.3,11.6,76.5,Medio,0,12.3,1.0,6.9,13,PED-00506,2025-01-19,2025-01-28,CLI-011,Mayorista,España,Preventa,4708,4708,0.566,5,Alta,7,0,11476,9204,100.0,4496,Bajo,Alto,1608.02,65.9,0.095,0.03
2025-06-16,FIN-02-L036,FIN-02,Rosa,Mondial,Campo abierto,2025-03-26,82,1.53,67234,105,Microaspersión,Suelo,Vegetativo,9945,85000,0.88,16.1,20.8,9.3,67.7,19.7,1.7,0.57,12.4,35.0,25,24,20.0,17.8,100.0,Bajo,1,14.7,1.7,9.6,0,PED-00507,2025-05-17,2025-06-21,CLI-038,Mayorista,Estados Unidos,Contrato,3889,3889,0.414,2,Media,30,0,10447,8303,100.0,4414,Bajo,Alto,834.62,61.7,0.334,0.019
2025-03-17,FIN-02-L006,FIN-02,Rosa,Freedom,Invernadero,2024-12-04,103,0.71,66715,105,Goteo,Cascarilla,Cosecha,4615,85000,0.88,18.2,22.3,13.7,63.2,18.5,0.0,0.74,12.4,39.4,37,10,10.0,6.2,81.9,Medio,0,20.3,3.9,9.9,4,PED-00508,2025-02-24,2025-03-20,CLI-047,Broker,Estados Unidos,Spot,4774,4242,0.392,0,Alta,21,0,5687,4119,88.9,-655,Medio,Bajo,908.79,45.4,0.25,0.017
2025-06-05,FIN-02-L005,FIN-02,Rosa,Vendela,Invernadero,2024-12-30,157,0.33,66717,105,Goteo,Suelo,Cosecha,2145,85000,0.88,17.2,23.4,12.5,63.9,15.5,0.0,0.68,12.1,53.5,34,4,4.6,2.4,89.6,Medio,0,34.9,4.0,12.0,10,PED-00509,2025-05-15,2025-06-07,CLI-021,Broker,Estados Unidos,Preventa,4205,447,0.404,12,Alta,21,0,938,595,10.6,-3610,Alto,Bajo,73.1,22.3,0.344,0.17
2025-11-14,FIN-02-L056,FIN-02,Rosa,Mondial,Invernadero,2025-08-06,100,1.13,69512,105,Goteo,Suelo,Botón,7344,85000,0.88,18.5,25.8,12.7,82.6,8.0,1.2,0.35,11.6,67.4,36,23,13.1,13.9,82.6,Alto,1,8.2,7.7,6.0,10,PED-00510,2025-10-24,2025-11-18,CLI-099,Exportador,España,Preventa,9196,2562,0.48,8,Media,21,1,3777,2956,27.9,-6240,Alto,Bajo,659.82,65.0,0.356,-0.045
2025-08-29,FIN-04-L002,FIN-04,Rosa,Mondial,Invernadero,2025-06-30,60,1.79,59985,105,Goteo,Coco,Botón,11635,85000,0.88,16.7,21.8,10.6,76.7,13.6,0.0,0.43,12.0,63.2,29,35,28.2,9.5,76.7,Medio,0,2.8,16.5,11.8,10,PED-00511,2025-08-08,2025-09-03,CLI-040,Exportador,Estados Unidos,Preventa,4201,3254,0.525,0,Alta,21,0,5931,4244,77.5,43,Bajo,Bajo,1176.59,45.7,0.25,-0.152
2025-04-12,FIN-04-L002,FIN-04,Rosa,Explorer,Invernadero,2024-12-13,120,0.43,64501,105,Microaspersión,Suelo,Reposo,2795,85000,0.88,14.4,19.6,7.6,61.4,10.7,5.7,0.61,12.7,48.0,32,11,4.0,2.9,93.3,Medio,1,8.3,17.6,9.9,7,PED-00512,2025-04-05,2025-04-16,CLI-027,Mayorista,Estados Unidos,Preventa,4317,849,0.524,2,Baja,7,1,1516,1058,19.7,-3259,Alto,Bajo,266.92,44.5,0.274,-0.091
2025-06-13,FIN-01-L041,FIN-01,Rosa,Vendela,Invernadero,2025-04-17,57,1.17,72612,105,Goteo,Coco,Botón,7604,85000,0.88,16.1,24.4,10.0,66.1,23.7,0.0,0.6,12.0,23.4,20,22,14.2,10.5,88.7,Medio,0,16.2,11.1,9.7,6,PED-00513,2025-05-14,2025-06-15,CLI-086,Exportador,Colombia,Spot,9250,3242,0.399,0,Media,30,0,5327,3723,35.0,-5527,Alto,Bajo,657.3,42.5,0.45,0.296
2025-02-13,FIN-04-L024,FIN-04,Rosa,Mondial,Invernadero,2024-11-19,86,0.76,67622,105,Goteo,Cascarilla,Vegetativo,4940,85000,0.88,22.0,30.3,15.2,78.3,13.7,0.2,0.53,12.2,44.8,38,15,9.5,6.5,90.5,Bajo,1,15.3,7.8,9.2,7,PED-00514,2024-12-30,2025-02-16,CLI-053,Retail,Países Bajos,Preventa,4154,1803,0.51,5,Media,45,1,2317,1701,43.4,-2453,Alto,Bajo,523.69,50.2,0.45,0.132
2025-05-10,FIN-02-L003,FIN-02,Clavel,Bizet,Invernadero,2025-02-10,89,1.41,79789,90,Microaspersión,Coco,Vegetativo,9165,105000,0.88,14.6,21.4,9.3,68.3,24.9,1.9,0.51,12.5,12.5,37,31,16.0,15.4,85.7,Alto,0,8.9,8.1,9.6,12,PED-00515,2025-04-19,2025-05-14,CLI-061,Supermercado,Chile,Contrato,4607,4607,0.329,2,Baja,21,0,22039,16839,100.0,12232,Bajo,Alto,930.77,56.7,0.284,0.014
2025-01-20,FIN-02-L060,FIN-02,Clavel,Nelson,Invernadero,2024-10-22,90,1.61,75098,90,Microaspersión,Cascarilla,Reposo,10465,105000,0.88,19.5,25.0,14.3,64.0,16.6,2.4,0.77,11.8,46.9,30,29,19.4,7.1,93.6,Medio,1,3.5,1.7,4.9,10,PED-00516,2024-12-06,2025-01-24,CLI-085,Mayorista,Países Bajos,Preventa,2691,2691,0.309,0,Media,45,1,18591,16255,100.0,13564,Bajo,Alto,521.18,85.7,0.45,0.008
2025-07-20,FIN-04-L034,FIN-04,Clavel,Dover,Invernadero,2025-03-18,124,0.48,86159,90,Goteo,Cascarilla,Cosecha,3120,105000,0.88,18.1,26.1,13.3,82.7,15.2,3.9,0.34,12.3,51.7,24,9,5.5,4.4,68.1,Medio,1,21.1,1.3,7.9,16,PED-00517,2025-07-06,2025-07-25,CLI-003,Mayorista,España,Contrato,3850,1310,0.262,2,Media,14,1,2150,1579,34.0,-2271,Alto,Bajo,173.97,48.9,0.304,-0.016
2025-05-11,FIN-02-L057,FIN-02,Gypsophila,Xlence,Invernadero,2025-01-25,106,1.19,102118,75,Goteo,Coco,Cosecha,7735,78000,0.88,18.0,25.6,11.6,65.6,10.8,1.8,0.68,12.1,71.4,19,18,13.2,8.6,91.5,Medio,1,15.3,7.0,8.1,11,PED-00518,2025-04-27,2025-05-12,CLI-116,Exportador,Estados Unidos,Contrato,9455,1872,0.179,2,Media,14,0,2909,2170,19.8,-7285,Alto,Bajo,158.59,53.9,0.304,0.109
2025-04-13,FIN-04-L007,FIN-04,Rosa,Mondial,Invernadero,2025-01-30,73,0.38,67069,105,Microaspersión,Coco,Cosecha,2470,85000,0.88,15.5,23.9,9.0,75.4,13.9,5.9,0.42,12.3,59.1,36,6,4.7,3.2,87.3,Medio,0,5.3,18.4,10.8,14,PED-00519,2025-03-30,2025-04-17,CLI-076,Retail,Estados Unidos,Marketplace,1805,899,0.519,2,Baja,14,0,1218,852,49.8,-953,Alto,Bajo,272.21,44.1,0.344,0.066
2025-05-28,FIN-01-L041,FIN-01,Rosa,Freedom,Campo abierto,2025-02-18,99,1.34,71063,105,Goteo,Cascarilla,Cosecha,8710,85000,0.88,17.4,25.8,12.8,87.9,14.5,0.0,0.25,12.7,36.4,30,22,17.6,6.1,95.8,Medio,1,16.6,0.0,7.3,0,PED-00520,2025-05-21,2025-05-29,CLI-059,Mayorista,Estados Unidos,Preventa,6570,6570,0.427,0,Baja,7,0,9796,7856,100.0,1286,Bajo,Medio,1616.55,65.4,0.15,-0.125
2025-03-04,FIN-02-L018,FIN-02,Rosa,Explorer,Invernadero,2024-12-01,93,1.09,47625,105,Microaspersión,Suelo,Cosecha,7085,85000,0.88,13.9,18.4,9.0,72.7,18.8,5.9,0.42,12.7,59.8,23,20,13.6,11.7,82.9,Medio,1,35.0,14.2,16.8,13,PED-00521,2025-02-11,2025-03-08,CLI-107,Broker,Países Bajos,Preventa,7368,1873,0.412,5,Media,21,0,4259,2342,25.4,-5026,Alto,Bajo,385.81,0.0,0.365,-0.12
2025-04-02,FIN-04-L051,FIN-04,Rosa,Explorer,Invernadero,2024-12-18,105,0.81,70171,105,Microaspersión,Cascarilla,Cosecha,5265,85000,0.88,16.0,24.2,10.3,68.2,16.3,0.2,0.56,12.5,42.9,29,17,10.2,6.5,76.7,Medio,1,12.6,9.1,9.3,1,PED-00522,2025-03-12,2025-04-06,CLI-078,Exportador,Canadá,Preventa,7479,4480,0.51,0,Media,21,1,6329,4595,59.9,-2884,Alto,Bajo,1447.17,48.4,0.38,0.227
2025-05-02,FIN-02-L029,FIN-02,Rosa,Mondial,Invernadero,2025-02-02,89,0.52,57356,105,Goteo,Cascarilla,Botón,3380,85000,0.88,15.6,20.5,10.7,73.1,19.0,1.5,0.46,12.2,26.3,26,12,6.0,3.5,82.0,Medio,0,1.7,10.5,7.3,5,PED-00523,2025-04-11,2025-05-03,CLI-031,Mayorista,Canadá,Preventa,12269,3181,0.42,0,Media,21,0,4840,3841,25.9,-8428,Alto,Bajo,683.7,67.0,0.38,0.128
2025-01-17,FIN-02-L006,FIN-02,Gypsophila,Xlence,Invernadero,2024-11-05,73,1.01,93469,75,Microaspersión,Cascarilla,Cosecha,6565,78000,0.88,13.6,21.5,7.1,74.1,20.3,0.8,0.39,12.5,30.7,38,19,10.9,6.7,90.3,Bajo,0,7.1,6.0,6.5,0,PED-00524,2024-12-03,2025-01-20,CLI-104,Exportador,Colombia,Spot,3470,3470,0.229,5,Baja,45,0,7126,5762,100.0,2292,Bajo,Alto,406.26,70.0,0.45,-0.115
2025-07-03,FIN-02-L017,FIN-02,Rosa,Vendela,Invernadero,2025-02-27,126,1.22,63481,105,Microaspersión,Cascarilla,Vegetativo,7930,85000,0.88,18.3,22.4,12.8,46.8,17.6,0.4,1.07,12.3,43.1,30,26,10.7,12.6,79.4,Alto,0,10.5,7.6,7.1,12,PED-00525,2025-06-26,2025-07-07,CLI-080,Exportador,Países Bajos,Spot,9932,5921,0.382,2,Media,7,0,7892,6015,59.6,-3917,Alto,Bajo,1150.5,58.8,0.234,0.074
2025-07-03,FIN-02-L025,FIN-02,Rosa,Vendela,Invernadero,2025-04-13,81,1.48,61699,105,Goteo,Suelo,Reposo,9620,85000,0.88,16.7,22.2,10.6,61.4,18.2,0.6,0.71,12.1,39.6,22,31,16.9,12.9,72.9,Bajo,1,6.1,10.5,10.3,5,PED-00526,2025-06-19,2025-07-07,CLI-026,Broker,Estados Unidos,Contrato,4209,4209,0.462,0,Media,14,0,9015,6726,100.0,2517,Bajo,Alto,1248.56,52.3,0.18,0.023
2025-01-31,FIN-03-L031,FIN-03,Rosa,Mondial,Invernadero,2024-11-08,84,0.22,70663,105,Microaspersión,Cascarilla,Cosecha,1430,85000,0.88,18.0,25.5,11.4,69.6,14.5,0.6,0.6,11.4,25.7,26,4,2.5,2.1,81.7,Medio,1,17.2,16.9,13.3,0,PED-00527,2024-12-17,2025-02-01,CLI-001,Exportador,Chile,Contrato,13455,398,0.414,0,Alta,45,1,745,465,3.0,-12990,Alto,Bajo,90.59,23.1,0.45,0.07
2025-07-03,FIN-02-L044,FIN-02,Rosa,Freedom,Invernadero,2025-03-27,98,1.22,64493,105,Goteo,Suelo,Reposo,7930,85000,0.88,15.7,22.2,9.7,72.3,14.2,1.3,0.48,11.5,67.2,31,18,14.8,13.5,75.1,Medio,0,35.0,6.1,14.7,15,PED-00528,2025-06-26,2025-07-06,CLI-063,Exportador,Estados Unidos,Preventa,12040,3258,0.516,0,Media,7,0,5702,3378,27.1,-8662,Alto,Bajo,1014.8,9.8,0.24,0.154
2025-09-16,FIN-01-L055,FIN-01,Rosa,Freedom,Invernadero,2025-05-18,121,1.64,70248,105,Microaspersión,Suelo,Botón,10660,85000,0.88,13.6,17.8,8.4,62.2,13.0,0.0,0.57,12.2,70.9,34,31,29.5,18.8,77.5,Medio,1,7.1,9.9,8.8,11,PED-00529,2025-08-02,2025-09-19,CLI-032,Exportador,Colombia,Contrato,3176,3176,0.465,0,Baja,45,1,7195,5435,100.0,2259,Bajo,Alto,912.96,56.1,0.45,-0.155
2025-10-06,FIN-04-L029,FIN-04,Rosa,Freedom,Invernadero,2025-07-28,70,1.65,66568,105,Goteo,Cascarilla,Cosecha,10725,85000,0.88,18.7,23.0,13.4,73.1,12.8,1.4,0.55,11.8,43.6,13,25,23.6,17.2,91.0,Alto,0,5.3,0.6,10.1,10,PED-00530,2025-09-15,2025-10-08,CLI-117,Broker,Estados Unidos,Contrato,6611,6150,0.509,0,Alta,21,0,6855,5819,93.0,-792,Medio,Bajo,2063.77,73.2,0.25,0.176
2025-01-27,FIN-02-L008,FIN-02,Clavel,Bizet,Campo abierto,2024-11-25,63,0.28,80850,90,Goteo,Coco,Cosecha,1820,105000,0.88,16.4,25.1,11.7,59.3,16.0,0.0,0.73,11.8,30.9,22,5,2.8,2.8,92.3,Medio,1,4.9,27.6,12.2,0,PED-00531,2025-01-13,2025-02-01,CLI-049,Broker,España,Contrato,3626,716,0.274,5,Baja,14,0,1236,776,19.7,-2850,Alto,Bajo,95.87,29.2,0.335,0.102
2025-05-02,FIN-01-L044,FIN-01,Rosa,Vendela,Invernadero,2024-12-23,130,1.51,69568,105,Microaspersión,Cascarilla,Vegetativo,9815,85000,0.88,15.9,24.0,10.8,76.3,15.9,4.7,0.41,12.2,57.9,38,30,18.8,5.8,78.2,Bajo,0,2.4,2.1,5.9,4,PED-00532,2025-04-02,2025-05-05,CLI-061,Exportador,Estados Unidos,Spot,20749,8862,0.546,2,Media,30,0,9353,8028,42.7,-12721,Alto,Bajo,3072.19,80.6,0.45,0.039
2025-09-01,FIN-01-L020,FIN-01,Rosa,Vendela,Invernadero,2025-04-19,135,1.11,60150,105,Microaspersión,Suelo,Cosecha,7215,85000,0.88,19.3,26.4,14.8,69.9,15.9,3.8,0.64,12.8,39.5,51,19,11.1,11.7,93.2,Medio,1,25.3,18.3,13.7,15,PED-00533,2025-08-25,2025-09-06,CLI-103,Mayorista,Estados Unidos,Contrato,6710,1472,0.533,0,Media,7,0,2828,1626,21.9,-5084,Alto,Bajo,492.69,11.7,0.24,0.151
2025-09-29,FIN-04-L005,FIN-04,Rosa,Freedom,Invernadero,2025-07-04,87,0.64,61892,105,Microaspersión,Coco,Botón,4160,85000,0.88,14.0,22.5,8.8,76.3,14.2,2.2,0.36,12.3,54.4,39,10,6.9,5.6,79.2,Alto,1,14.2,12.8,11.6,10,PED-00534,2025-09-15,2025-09-30,CLI-093,Mayorista,Colombia,Marketplace,5014,1651,0.495,2,Baja,14,0,2698,1835,32.9,-3179,Alto,Bajo,493.14,36.4,0.344,-0.009
2025-06-21,FIN-03-L017,FIN-03,Rosa,Freedom,Invernadero,2025-02-10,131,1.22,62202,105,Goteo,Coco,Cosecha,7930,85000,0.88,18.5,23.8,12.8,67.1,19.3,1.2,0.67,12.4,24.8,39,24,17.7,11.0,94.4,Medio,1,19.0,13.8,12.4,15,PED-00535,2025-05-31,2025-06-26,CLI-106,Mayorista,Estados Unidos,Preventa,3866,3549,0.361,0,Media,21,0,6619,4338,91.8,472,Bajo,Bajo,609.71,30.3,0.25,-0.082
2025-09-19,FIN-04-L011,FIN-04,Rosa,Vendela,Invernadero,2025-06-02,109,1.26,73945,105,Microaspersión,Cascarilla,Cosecha,8190,85000,0.88,15.3,23.9,8.5,64.5,13.6,0.6,0.6,11.9,41.5,34,23,18.2,14.5,100.0,Alto,1,13.3,20.8,11.5,13,PED-00536,2025-08-29,2025-09-23,CLI-001,Supermercado,Estados Unidos,Contrato,3698,3698,0.517,5,Alta,21,1,6106,3924,100.0,226,Bajo,Bajo,1055.49,31.0,0.235,0.002
2025-02-10,FIN-01-L040,FIN-01,Rosa,Vendela,Invernadero,2024-10-08,125,1.4,58053,105,Goteo,Cascarilla,Vegetativo,9100,85000,0.88,16.4,24.4,9.7,78.5,11.6,3.0,0.39,12.4,71.6,24,22,15.6,13.8,91.4,Medio,1,10.7,9.3,7.0,16,PED-00537,2025-01-11,2025-02-14,CLI-103,Retail,Estados Unidos,Preventa,3765,3765,0.556,10,Alta,30,1,6207,4716,100.0,951,Bajo,Medio,1180.91,59.2,0.31,-0.012
2025-10-21,FIN-04-L007,FIN-04,Rosa,Freedom,Invernadero,2025-07-17,96,0.82,63124,105,Microaspersión,Coco,Cosecha,5330,85000,0.88,16.1,21.7,11.9,70.9,12.6,5.4,0.52,12.0,55.2,18,18,10.4,6.4,84.5,Medio,1,2.7,17.1,9.3,12,PED-00538,2025-09-21,2025-10-26,CLI-095,Exportador,Canadá,Preventa,12306,2628,0.378,8,Alta,30,0,4221,3078,21.4,-9228,Alto,Bajo,418.02,52.2,0.446,0.055
2025-08-26,FIN-02-L020,FIN-02,Rosa,Mondial,Invernadero,2025-04-21,127,0.9,70701,105,Goteo,Coco,Botón,5850,85000,0.88,16.8,24.9,10.1,69.9,25.6,6.1,0.56,12.0,12.3,26,19,8.6,8.1,85.1,Alto,0,35.0,28.8,18.5,7,PED-00539,2025-08-19,2025-08-28,CLI-091,Mayorista,Estados Unidos,Preventa,6180,1767,0.432,5,Baja,7,1,2870,1578,28.6,-4602,Alto,Bajo,416.41,0.0,0.265,0.192
2025-09-10,FIN-04-L023,FIN-04,Rosa,Mondial,Invernadero,2025-05-16,117,1.51,66390,105,Goteo,Coco,Cosecha,9815,85000,0.88,18.8,24.1,11.9,60.8,14.9,4.3,0.81,11.8,50.8,22,37,17.5,14.9,90.2,Alto,0,18.3,14.4,16.2,14,PED-00540,2025-09-03,2025-09-13,CLI-087,Broker,Estados Unidos,Contrato,6409,4916,0.411,5,Media,7,0,6991,4442,76.7,-1967,Alto,Bajo,1074.87,21.3,0.225,0.19
2025-10-24,FIN-01-L054,FIN-01,Rosa,Explorer,Invernadero,2025-08-08,77,1.51,69751,105,Microaspersión,Coco,Cosecha,9815,85000,0.88,18.6,27.4,13.3,90.2,13.1,0.5,0.25,12.6,50.9,35,32,14.8,14.0,85.6,Bajo,0,15.4,4.6,9.2,11,PED-00541,2025-10-03,2025-10-27,CLI-068,Broker,Colombia,Preventa,8873,5231,0.565,2,Alta,21,1,6435,4855,59.0,-4018,Alto,Bajo,1899.8,53.6,0.374,0.11
2025-02-28,FIN-04-L016,FIN-04,Rosa,Mondial,Invernadero,2024-11-10,110,0.28,58350,105,Goteo,Cascarilla,Vegetativo,1820,85000,0.88,19.5,28.1,15.3,75.7,20.1,0.0,0.52,12.0,35.3,32,5,3.4,2.4,92.6,Alto,1,6.6,16.6,10.4,7,PED-00542,2025-02-07,2025-03-02,CLI-048,Exportador,Canadá,Contrato,12749,1538,0.519,2,Alta,21,0,2432,1735,12.1,-11014,Alto,Bajo,514.52,47.2,0.374,0.123
2025-10-31,FIN-01-L033,FIN-01,Rosa,Vendela,Invernadero,2025-07-22,101,0.48,48840,105,Microaspersión,Coco,Cosecha,3120,85000,0.88,17.3,25.9,12.5,71.9,19.3,0.0,0.53,11.5,48.6,22,9,5.0,4.0,79.9,Medio,1,19.2,4.3,10.1,14,PED-00543,2025-10-01,2025-11-01,CLI-062,Exportador,Colombia,Contrato,9096,2667,0.39,2,Media,30,1,3765,2729,29.3,-6367,Alto,Bajo,541.9,45.4,0.45,0.086
2025-02-13,FIN-01-L049,FIN-01,Rosa,Freedom,Invernadero,2024-11-13,92,0.74,77378,105,Goteo,Coco,Vegetativo,4810,85000,0.88,15.3,21.7,9.0,86.5,20.7,0.0,0.25,12.1,44.0,39,16,10.6,5.8,96.5,Medio,0,14.3,10.0,12.2,16,PED-00544,2025-01-30,2025-02-15,CLI-072,Mayorista,Países Bajos,Preventa,11601,3900,0.458,5,Media,14,0,5269,3777,33.6,-7824,Alto,Bajo,1051.59,43.5,0.295,-0.143
2025-12-09,FIN-03-L021,FIN-03,Rosa,Freedom,Invernadero,2025-08-25,106,0.59,63891,105,Goteo,Coco,Botón,3835,85000,0.88,15.0,21.5,11.0,96.0,7.0,1.5,0.25,12.1,89.7,28,11,6.1,6.1,100.0,Medio,0,4.5,6.1,5.7,3,PED-00545,2025-12-02,2025-12-13,CLI-026,Mayorista,Países Bajos,Preventa,8103,1586,0.566,0,Media,7,1,1894,1584,19.6,-6519,Alto,Bajo,629.58,77.6,0.24,-0.071
2025-03-16,FIN-04-L048,FIN-04,Rosa,Mondial,Invernadero,2024-12-20,86,0.26,66467,105,Microaspersión,Coco,Botón,1690,85000,0.88,16.9,22.3,10.4,64.0,14.0,3.6,0.67,13.1,54.6,28,4,2.9,1.8,96.6,Alto,1,11.4,4.5,8.1,14,PED-00546,2025-02-14,2025-03-17,CLI-102,Broker,Países Bajos,Preventa,6296,1214,0.374,5,Media,30,0,1416,1125,19.3,-5171,Alto,Bajo,203.84,64.4,0.45,0.237
2025-11-29,FIN-01-L024,FIN-01,Rosa,Explorer,Invernadero,2025-07-24,128,1.25,69489,105,Goteo,Coco,Vegetativo,8125,85000,0.88,17.0,23.0,12.7,71.9,14.0,2.0,0.53,12.0,44.5,27,24,16.9,13.1,89.5,Medio,1,9.0,8.9,8.3,6,PED-00547,2025-11-15,2025-12-01,CLI-019,Exportador,Colombia,Spot,11141,6177,0.551,10,Baja,14,0,7546,5780,55.4,-5361,Alto,Bajo,1875.43,59.0,0.32,0.106
2025-11-21,FIN-01-L044,FIN-01,Rosa,Mondial,Invernadero,2025-08-10,103,0.29,78715,105,Microaspersión,Coco,Reposo,1884,85000,0.88,15.7,23.7,11.6,68.5,20.2,1.1,0.54,11.8,54.5,31,6,3.8,2.7,83.8,Alto,1,7.3,18.1,10.3,7,PED-00548,2025-10-22,2025-11-24,CLI-115,Exportador,Canadá,Contrato,10596,1235,0.426,0,Baja,30,0,2306,1588,11.7,-9008,Alto,Bajo,292.16,42.0,0.45,0.193
2025-03-27,FIN-03-L008,FIN-03,Rosa,Explorer,Invernadero,2024-11-07,140,1.7,68396,105,Microaspersión,Suelo,Reposo,11050,85000,0.88,16.0,22.5,9.8,69.7,12.8,2.5,0.53,12.4,57.0,14,36,17.6,14.0,99.1,Alto,1,7.0,16.4,17.0,2,PED-00549,2025-03-20,2025-03-29,CLI-109,Retail,Estados Unidos,Contrato,1453,1453,0.472,8,Media,7,0,6643,4602,100.0,3149,Bajo,Alto,366.05,34.7,0.086,-0.136
2025-08-19,FIN-03-L023,FIN-03,Rosa,Freedom,Invernadero,2025-05-10,101,1.36,57771,105,Goteo,Coco,Cosecha,8840,85000,0.88,15.9,20.9,10.2,83.0,21.7,0.7,0.3,11.3,27.5,25,25,18.4,10.5,92.9,Bajo,1,15.5,9.4,10.3,16,PED-00550,2025-08-05,2025-08-21,CLI-059,Supermercado,Países Bajos,Contrato,4179,4179,0.436,0,Baja,14,1,11237,8073,100.0,3894,Bajo,Alto,1004.38,45.8,0.22,-0.002
2025-03-29,FIN-04-L050,FIN-04,Rosa,Explorer,Invernadero,2025-01-12,76,0.9,67631,105,Microaspersión,Suelo,Cosecha,5850,85000,0.88,11.1,19.6,4.9,77.5,16.9,0.0,0.27,12.2,43.9,34,17,10.0,7.2,74.4,Medio,1,1.2,14.6,10.0,1,PED-00551,2025-02-12,2025-04-02,CLI-038,Supermercado,Países Bajos,Preventa,6359,2462,0.531,0,Alta,45,1,3559,2652,38.7,-3707,Alto,Bajo,806.39,54.0,0.45,-0.01
2025-10-23,FIN-04-L021,FIN-04,Gypsophila,Xlence,Invernadero,2025-08-04,80,0.92,102902,75,Microaspersión,Suelo,Cosecha,5980,78000,0.88,16.0,20.2,11.2,76.8,16.1,0.0,0.41,12.5,49.2,33,24,8.0,9.4,83.5,Alto,1,14.9,20.4,11.6,5,PED-00552,2025-09-23,2025-10-25,CLI-075,Exportador,Países Bajos,Preventa,7888,2111,0.173,2,Alta,30,1,3970,2459,26.8,-5429,Alto,Bajo,172.74,25.1,0.45,0.163
2025-11-17,FIN-03-L049,FIN-03,Rosa,Mondial,Invernadero,2025-09-09,69,1.53,63322,105,Microaspersión,Suelo,Reposo,9945,85000,0.88,15.8,19.9,9.1,60.6,11.3,4.2,0.68,12.0,67.3,29,33,19.7,11.2,100.0,Medio,1,12.0,21.4,12.7,1,PED-00553,2025-11-10,2025-11-18,CLI-059,Exportador,Chile,Contrato,9476,1682,0.474,2,Baja,7,0,3400,2179,17.8,-7297,Alto,Bajo,460.8,29.4,0.274,0.052
2025-12-03,FIN-02-L041,FIN-02,Clavel,Dover,Invernadero,2025-09-19,75,0.57,70626,90,Goteo,Coco,Cosecha,3704,105000,0.88,17.6,23.7,12.8,75.0,16.1,0.0,0.48,12.3,51.8,25,12,4.7,4.2,93.1,Medio,0,12.5,19.2,14.0,0,PED-00554,2025-11-26,2025-12-06,CLI-021,Broker,España,Preventa,6507,1798,0.355,2,Alta,7,0,3439,2212,27.6,-4295,Alto,Bajo,413.44,27.6,0.234,-0.1
2025-10-03,FIN-03-L033,FIN-03,Gypsophila,Million Star,Invernadero,2025-07-07,88,0.25,86174,75,Goteo,Coco,Botón,1625,78000,0.88,17.7,22.6,11.2,69.2,12.7,0.7,0.6,12.0,76.4,33,5,3.4,2.2,96.8,Bajo,1,1.5,8.1,7.6,1,PED-00555,2025-09-26,2025-10-05,CLI-033,Exportador,Países Bajos,Preventa,6171,1018,0.162,2,Alta,7,0,1107,916,16.5,-5255,Alto,Bajo,78.2,74.0,0.234,-0.045
2025-06-27,FIN-04-L042,FIN-04,Rosa,Vendela,Invernadero,2025-03-25,94,0.41,70413,105,Goteo,Suelo,Cosecha,2665,85000,0.88,17.1,24.0,11.3,60.1,22.1,0.8,0.75,11.2,48.5,25,7,4.9,3.0,74.5,Medio,0,35.0,15.0,14.7,4,PED-00556,2025-06-13,2025-06-28,CLI-045,Exportador,Estados Unidos,Preventa,6686,979,0.407,8,Media,14,0,2249,1236,14.6,-5450,Alto,Bajo,198.35,0.0,0.286,0.194
2025-04-21,FIN-02-L035,FIN-02,Rosa,Mondial,Invernadero,2025-01-05,106,1.55,60211,105,Goteo,Coco,Botón,10075,85000,0.88,15.9,20.4,10.2,55.3,15.1,0.2,0.78,12.5,56.7,21,33,21.6,6.5,76.3,Medio,0,9.1,4.7,11.7,8,PED-00557,2025-03-31,2025-04-22,CLI-058,Retail,Canadá,Preventa,1529,1529,0.357,10,Media,21,0,9661,7461,100.0,5932,Bajo,Alto,187.55,54.7,0.22,0.081
2025-01-02,FIN-04-L020,FIN-04,Rosa,Freedom,Invernadero,2024-09-22,102,1.08,56736,105,Microaspersión,Cascarilla,Cosecha,7020,85000,0.88,12.5,18.2,7.9,85.4,20.6,0.9,0.25,12.1,30.5,29,21,12.9,8.3,74.8,Bajo,0,7.0,16.2,11.0,4,PED-00558,2024-12-26,2025-01-06,CLI-014,Retail,Estados Unidos,Marketplace,1174,1174,0.517,10,Media,7,0,6279,4358,100.0,3184,Bajo,Alto,334.62,41.5,0.08,0.17
2025-02-21,FIN-02-L059,FIN-02,Rosa,Vendela,Invernadero,2024-11-02,111,0.79,73362,105,Goteo,Coco,Botón,5135,85000,0.88,16.9,22.1,10.2,65.2,13.1,0.0,0.65,12.0,47.4,31,14,9.3,6.5,92.5,Alto,1,11.6,14.0,11.3,10,PED-00559,2025-02-07,2025-02-25,CLI-048,Mayorista,Países Bajos,Contrato,7062,2833,0.406,12,Media,14,1,4914,3443,40.1,-3619,Alto,Bajo,456.35,42.2,0.274,0.273
2025-03-13,FIN-01-L010,FIN-01,Gypsophila,Xlence,Invernadero,2025-02-11,30,0.56,103657,75,Microaspersión,Coco,Reposo,3640,78000,0.88,18.5,27.3,13.2,78.2,16.5,0.1,0.44,12.5,33.9,16,11,5.4,3.5,87.8,Medio,1,5.6,13.2,8.8,9,PED-00560,2025-02-11,2025-03-14,CLI-017,Mayorista,Estados Unidos,Contrato,3257,939,0.159,8,Alta,30,1,1285,961,28.8,-2296,Alto,Bajo,59.45,55.8,0.446,0.058
2025-06-11,FIN-02-L034,FIN-02,Rosa,Explorer,Invernadero,2025-03-07,96,1.53,68110,105,Microaspersión,Cascarilla,Vegetativo,9945,85000,0.88,19.8,24.2,13.5,78.4,19.9,0.0,0.47,12.6,23.5,38,34,17.9,16.3,81.4,Alto,1,25.2,4.3,10.4,17,PED-00561,2025-05-28,2025-06-13,CLI-024,Exportador,Estados Unidos,Contrato,11329,7500,0.406,5,Baja,14,0,12765,8797,66.2,-2532,Alto,Bajo,1396.69,36.8,0.335,0.021
2025-11-21,FIN-02-L035,FIN-02,Rosa,Freedom,Campo abierto,2025-09-15,67,1.33,65482,105,Goteo,Suelo,Cosecha,8645,85000,0.88,18.9,27.0,12.1,68.3,18.1,0.0,0.66,11.7,48.9,22,25,12.8,12.9,95.8,Medio,0,18.2,5.0,10.8,16,PED-00562,2025-11-14,2025-11-25,CLI-075,Mayorista,Estados Unidos,Spot,4207,4069,0.37,2,Media,7,0,6348,4687,96.7,480,Bajo,Bajo,768.83,48.3,0.104,-0.088
2025-08-31,FIN-04-L034,FIN-04,Rosa,Explorer,Invernadero,2025-05-28,95,0.43,61963,105,Goteo,Cascarilla,Vegetativo,2795,85000,0.88,13.4,18.8,7.3,85.1,16.6,0.0,0.25,12.2,36.0,27,8,5.4,4.4,94.6,Bajo,1,23.9,29.0,16.4,6,PED-00563,2025-08-17,2025-09-01,CLI-029,Retail,Países Bajos,Preventa,1327,671,0.472,0,Media,14,0,1091,600,50.6,-727,Alto,Bajo,198.35,0.0,0.31,0.001
2025-12-08,FIN-03-L048,FIN-03,Clavel,Nelson,Invernadero,2025-09-05,94,1.42,75970,90,Microaspersión,Suelo,Botón,9230,105000,0.88,16.2,20.3,9.5,66.6,17.6,0.0,0.6,12.4,46.7,23,28,19.0,14.4,80.6,Medio,1,34.3,13.3,15.9,0,PED-00564,2025-11-24,2025-12-10,CLI-087,Exportador,Chile,Preventa,12360,3917,0.278,0,Media,14,1,8983,4940,31.7,-7420,Alto,Bajo,620.98,0.0,0.31,0.058
2025-11-27,FIN-03-L014,FIN-03,Rosa,Vendela,Invernadero,2025-08-09,110,0.27,74016,105,Microaspersión,Coco,Cosecha,1755,85000,0.88,15.4,20.4,10.5,68.1,12.6,3.2,0.54,11.8,70.6,35,5,3.6,3.0,78.1,Medio,1,0.7,3.0,4.6,17,PED-00565,2025-10-28,2025-11-28,CLI-049,Exportador,Países Bajos,Preventa,9803,1747,0.422,10,Media,30,0,1814,1571,17.8,-8232,Alto,Bajo,351.51,84.4,0.44,0.117
2025-05-28,FIN-03-L002,FIN-03,Rosa,Explorer,Invernadero,2025-02-12,105,0.54,67324,105,Goteo,Suelo,Cosecha,3510,85000,0.88,17.5,24.6,12.0,70.8,19.6,0.0,0.56,12.7,31.4,39,10,5.0,6.5,95.5,Medio,0,22.2,25.5,14.9,5,PED-00566,2025-05-21,2025-05-29,CLI-075,Retail,Estados Unidos,Preventa,1196,1196,0.456,0,Media,7,0,2491,1370,100.0,174,Bajo,Bajo,350.54,3.3,0.11,0.118
2025-11-02,FIN-04-L059,FIN-04,Gypsophila,Million Star,Invernadero,2025-08-19,75,1.65,102079,75,Goteo,Suelo,Reposo,10725,78000,0.88,16.6,24.3,12.6,69.7,18.6,0.6,0.55,11.9,56.1,25,23,20.1,13.7,73.9,Bajo,1,27.1,13.5,13.7,16,PED-00567,2025-10-12,2025-11-04,CLI-100,Exportador,España,Preventa,5602,3432,0.167,2,Media,21,0,7608,4439,61.3,-1163,Alto,Bajo,221.88,11.5,0.374,-0.026
2025-03-24,FIN-01-L009,FIN-01,Rosa,Freedom,Invernadero,2024-11-25,119,1.44,66645,105,Microaspersión,Cascarilla,Cosecha,9360,85000,0.88,11.7,17.8,5.1,67.3,18.6,11.5,0.42,12.2,51.7,24,20,14.6,7.4,99.5,Medio,1,23.7,17.6,14.4,15,PED-00568,2025-02-07,2025-03-26,CLI-020,Mayorista,Países Bajos,Contrato,7041,2657,0.409,2,Media,45,0,5440,3230,37.7,-3811,Alto,Bajo,559.83,15.1,0.45,-0.134
2025-08-09,FIN-02-L015,FIN-02,Rosa,Vendela,Invernadero,2025-05-06,95,1.04,68825,105,Goteo,Coco,Botón,6760,85000,0.88,16.8,22.3,11.4,79.6,11.0,0.6,0.38,12.2,70.8,28,22,12.3,13.1,64.0,Alto,1,1.4,8.7,8.3,10,PED-00569,2025-07-10,2025-08-11,CLI-099,Supermercado,Colombia,Spot,3895,3420,0.375,0,Media,30,0,5535,4360,87.8,465,Bajo,Bajo,681.08,63.6,0.34,0.098
2025-09-20,FIN-01-L004,FIN-01,Clavel,Nelson,Invernadero,2025-06-30,82,0.76,79699,90,Microaspersión,Cascarilla,Reposo,4940,105000,0.88,13.5,19.8,8.7,70.6,24.3,2.3,0.44,11.7,18.1,23,11,9.8,5.7,87.3,Medio,0,6.1,2.3,6.2,11,PED-00570,2025-09-13,2025-09-22,CLI-041,Mayorista,Estados Unidos,Preventa,4371,4371,0.233,8,Alta,7,0,10028,8448,100.0,4077,Bajo,Alto,476.66,76.8,0.086,-0.116
2025-01-07,FIN-02-L011,FIN-02,Rosa,Vendela,Invernadero,2024-10-12,87,0.45,53820,105,Goteo,Coco,Cosecha,2925,85000,0.88,18.1,22.8,14.0,53.8,15.1,0.1,0.92,12.4,59.1,41,11,4.6,5.1,66.0,Medio,0,13.1,2.6,9.0,5,PED-00571,2024-12-08,2025-01-10,CLI-083,Retail,España,Spot,1955,1955,0.385,5,Media,30,0,2652,2030,100.0,75,Bajo,Bajo,361.15,55.4,0.325,0.024
2025-01-19,FIN-03-L050,FIN-03,Rosa,Vendela,Invernadero,2024-09-24,117,0.5,56808,105,Goteo,Coco,Cosecha,3250,85000,0.88,15.4,21.7,8.7,79.6,19.5,0.0,0.35,11.9,50.3,9,9,7.4,5.7,87.4,Medio,0,35.0,6.3,15.2,8,PED-00572,2024-12-29,2025-01-21,CLI-079,Exportador,España,Preventa,12017,1152,0.442,5,Media,21,0,2487,1495,9.6,-10522,Alto,Bajo,260.67,11.5,0.365,0.111
2025-08-01,FIN-01-L005,FIN-01,Rosa,Freedom,Invernadero,2025-04-23,100,1.68,59476,105,Goteo,Suelo,Botón,10920,85000,0.88,14.7,20.1,9.1,54.5,13.5,0.2,0.74,12.2,63.8,20,26,27.1,14.9,92.3,Medio,1,11.1,18.3,13.2,8,PED-00573,2025-06-17,2025-08-06,CLI-105,Supermercado,Estados Unidos,Preventa,3611,3611,0.56,8,Media,45,0,7293,4824,100.0,1213,Bajo,Medio,1208.25,32.4,0.45,0.004
2025-04-16,FIN-01-L021,FIN-01,Rosa,Vendela,Invernadero,2024-12-26,111,0.2,58893,105,Goteo,Cascarilla,Vegetativo,1300,85000,0.88,16.1,21.7,11.9,71.5,16.0,0.0,0.5,12.4,50.9,16,4,2.3,1.7,93.9,Bajo,0,27.8,12.3,13.8,13,PED-00574,2025-04-02,2025-04-20,CLI-015,Mayorista,Canadá,Preventa,3376,508,0.425,2,Media,14,0,918,558,15.0,-2818,Alto,Bajo,107.74,17.1,0.304,-0.069
2025-09-03,FIN-04-L028,FIN-04,Rosa,Vendela,Invernadero,2025-05-10,116,1.1,63765,105,Goteo,Cascarilla,Reposo,7150,85000,0.88,11.5,16.8,4.8,60.9,14.8,3.7,0.49,11.6,50.5,25,18,12.9,8.7,90.5,Bajo,1,4.2,13.2,9.4,11,PED-00575,2025-08-04,2025-09-07,CLI-090,Broker,Chile,Spot,5467,3524,0.422,0,Media,30,0,4482,3393,64.5,-2074,Alto,Bajo,834.8,57.2,0.45,0.0
2025-05-03,FIN-01-L030,FIN-01,Clavel,Nelson,Campo abierto,2025-02-18,74,0.25,82849,90,Microaspersión,Coco,Botón,1625,105000,0.88,18.0,23.7,13.3,63.0,19.3,1.0,0.73,12.2,38.9,28,6,2.7,1.2,84.0,Medio,1,20.7,2.9,7.4,15,PED-00576,2025-04-19,2025-05-05,CLI-098,Mayorista,Estados Unidos,Contrato,7241,1563,0.23,0,Media,14,0,2199,1631,21.6,-5610,Alto,Bajo,173.7,52.1,0.31,0.113
2025-12-15,FIN-02-L016,FIN-02,Gypsophila,New Love,Invernadero,2025-10-12,64,1.56,99352,75,Microaspersión,Coco,Reposo,10140,78000,0.88,16.3,25.1,10.4,77.7,21.3,0.1,0.4,12.4,19.2,20,29,16.0,19.4,84.2,Medio,1,12.4,10.5,10.2,5,PED-00577,2025-12-08,2025-12-18,CLI-069,Exportador,Chile,Contrato,6501,6501,0.256,0,Alta,7,0,11420,8222,100.0,1721,Bajo,Medio,1052.67,46.5,0.11,0.103
2025-07-12,FIN-04-L036,FIN-04,Clavel,Bizet,Invernadero,2025-03-19,115,0.3,79469,90,Microaspersión,Coco,Cosecha,1950,105000,0.88,17.0,25.9,10.9,59.0,8.9,3.9,0.77,11.5,68.3,36,6,3.7,2.8,90.2,Medio,1,9.7,23.5,11.3,2,PED-00578,2025-07-05,2025-07-15,CLI-002,Exportador,Países Bajos,Contrato,4569,411,0.217,0,Media,7,0,862,546,9.0,-4023,Alto,Bajo,40.75,30.0,0.24,-0.089
2025-06-27,FIN-01-L044,FIN-01,Rosa,Freedom,Invernadero,2025-04-04,84,0.24,65896,105,Goteo,Coco,Cosecha,1560,85000,0.88,20.6,27.6,16.2,68.5,20.4,5.8,0.71,12.3,33.6,29,5,2.9,2.1,79.9,Medio,0,11.2,12.1,10.8,9,PED-00579,2025-06-20,2025-06-28,CLI-011,Exportador,Países Bajos,Spot,11337,748,0.369,0,Alta,7,0,1355,958,6.6,-10379,Alto,Bajo,132.63,43.5,0.24,0.126
2025-05-12,FIN-01-L036,FIN-01,Rosa,Explorer,Invernadero,2025-01-18,114,1.32,63076,105,Microaspersión,Coco,Cosecha,8580,85000,0.88,13.1,19.4,6.7,82.7,15.2,0.0,0.25,11.6,62.3,27,25,13.2,9.6,71.6,Medio,0,11.4,0.2,5.6,12,PED-00580,2025-04-21,2025-05-16,CLI-107,Mayorista,Estados Unidos,Preventa,12823,6428,0.627,0,Media,21,1,8761,7133,50.1,-5690,Alto,Bajo,2861.85,69.9,0.38,0.024
2025-07-08,FIN-02-L053,FIN-02,Clavel,Bizet,Invernadero,2025-03-12,118,0.46,71527,90,Goteo,Suelo,Cosecha,2990,105000,0.88,19.5,25.5,15.2,82.2,21.0,1.7,0.38,12.4,22.8,29,8,6.7,3.4,62.1,Medio,0,7.3,30.0,14.9,4,PED-00581,2025-06-24,2025-07-13,CLI-108,Exportador,España,Spot,9905,1170,0.289,0,Media,14,1,2213,1225,11.8,-8680,Alto,Bajo,207.29,9.0,0.31,-0.008
2025-03-24,FIN-01-L027,FIN-01,Clavel,Dover,Campo abierto,2025-01-13,70,0.8,75991,90,Microaspersión,Cascarilla,Cosecha,5200,105000,0.88,19.4,27.7,12.8,64.6,14.4,0.2,0.76,11.0,44.4,34,15,10.1,9.4,72.6,Medio,0,10.3,16.4,11.5,17,PED-00582,2025-03-03,2025-03-27,CLI-064,Mayorista,Colombia,Preventa,4330,2450,0.228,0,Alta,21,0,3375,2256,56.6,-2074,Alto,Bajo,303.9,35.0,0.38,0.067
2025-08-14,FIN-02-L038,FIN-02,Clavel,Bizet,Invernadero,2025-05-30,76,1.12,87558,90,Goteo,Suelo,Cosecha,7280,105000,0.88,15.9,23.1,10.7,82.1,17.3,2.8,0.31,12.1,37.2,18,14,16.7,13.5,95.1,Medio,1,7.1,3.4,7.2,13,PED-00583,2025-07-15,2025-08-19,CLI-093,Retail,Estados Unidos,Marketplace,1155,1155,0.293,0,Alta,30,0,9398,7814,100.0,6659,Bajo,Alto,192.88,73.6,0.34,0.146
2025-08-21,FIN-01-L060,FIN-01,Gypsophila,Million Star,Invernadero,2025-06-26,56,0.8,100559,75,Microaspersión,Coco,Vegetativo,5200,78000,0.88,18.0,23.9,11.3,75.2,14.0,0.0,0.49,12.2,38.2,31,18,8.8,7.3,71.9,Medio,0,9.4,12.2,8.5,9,PED-00584,2025-07-31,2025-08-24,CLI-070,Supermercado,Estados Unidos,Preventa,1469,1469,0.159,10,Media,21,1,3042,2186,100.0,717,Bajo,Alto,81.45,48.7,0.22,-0.018
2025-04-30,FIN-03-L020,FIN-03,Clavel,Nelson,Invernadero,2025-02-12,77,1.28,77165,90,Microaspersión,Cascarilla,Botón,8320,105000,0.88,15.1,20.5,8.9,68.2,18.6,0.0,0.53,11.8,23.2,29,32,16.7,19.8,89.0,Medio,1,18.9,19.2,14.3,14,PED-00585,2025-04-16,2025-05-02,CLI-022,Retail,Chile,Preventa,1042,1042,0.313,2,Media,14,1,7465,4477,100.0,3435,Bajo,Alto,214.97,17.0,0.174,-0.18
2025-07-17,FIN-02-L056,FIN-02,Clavel,Nelson,Invernadero,2025-04-13,95,0.58,79637,90,Microaspersión,Suelo,Cosecha,3769,105000,0.88,18.7,25.1,14.6,87.4,10.9,0.6,0.26,11.8,68.9,40,10,7.0,4.5,88.7,Medio,0,4.7,14.2,7.6,3,PED-00586,2025-06-02,2025-07-21,CLI-064,Exportador,Estados Unidos,Contrato,10975,1900,0.312,5,Alta,45,1,3243,2437,17.3,-8538,Alto,Bajo,341.48,58.3,0.45,0.137
2025-05-24,FIN-04-L046,FIN-04,Rosa,Freedom,Invernadero,2025-02-05,108,1.54,61846,105,Goteo,Coco,Vegetativo,10010,85000,0.88,17.5,22.9,13.5,49.1,11.6,0.6,0.98,12.5,62.3,47,26,20.2,16.6,82.5,Alto,0,2.2,7.0,5.2,6,PED-00587,2025-05-10,2025-05-28,CLI-058,Exportador,Chile,Marketplace,6895,6895,0.408,10,Media,14,0,10785,8924,100.0,2029,Bajo,Medio,1323.18,76.1,0.15,-0.043
2025-07-03,FIN-03-L025,FIN-03,Rosa,Freedom,Invernadero,2025-03-09,116,0.64,61362,105,Microaspersión,Suelo,Reposo,4160,85000,0.88,18.9,25.8,14.2,79.2,15.0,0.0,0.43,12.4,49.5,26,14,8.3,5.9,69.3,Medio,1,13.8,15.2,12.4,3,PED-00588,2025-06-26,2025-07-07,CLI-105,Broker,Estados Unidos,Marketplace,6511,1815,0.509,8,Alta,7,0,3360,2185,27.9,-4326,Alto,Bajo,494.4,29.2,0.216,-0.044
2025-11-24,FIN-01-L008,FIN-01,Rosa,Freedom,Invernadero,2025-08-20,96,0.75,54327,105,Microaspersión,Coco,Botón,4875,85000,0.88,20.5,28.3,15.3,70.7,11.3,0.0,0.66,11.7,60.3,24,16,6.6,5.6,84.5,Medio,0,6.4,1.4,5.6,2,PED-00589,2025-11-03,2025-11-26,CLI-071,Exportador,Países Bajos,Preventa,9081,2509,0.528,12,Alta,21,1,3394,2876,27.6,-6205,Alto,Bajo,754.71,78.3,0.344,0.055
2025-01-20,FIN-01-L060,FIN-01,Rosa,Mondial,Invernadero,2024-10-03,109,1.49,66065,105,Microaspersión,Suelo,Vegetativo,9685,85000,0.88,16.9,25.2,10.8,78.7,17.9,0.0,0.4,11.8,59.3,32,34,15.6,14.3,87.7,Medio,1,6.6,3.5,8.5,4,PED-00590,2025-01-13,2025-01-25,CLI-107,Exportador,Colombia,Contrato,7456,7456,0.406,0,Alta,7,0,15277,12543,100.0,5087,Bajo,Alto,1682.85,69.6,0.11,-0.06
2025-05-02,FIN-02-L053,FIN-02,Clavel,Dover,Invernadero,2025-03-10,53,0.88,63061,90,Microaspersión,Cascarilla,Botón,5720,105000,0.88,20.2,26.4,15.4,82.0,11.7,3.8,0.4,12.0,69.5,28,18,12.4,8.4,84.0,Medio,0,12.8,2.9,6.2,10,PED-00591,2025-04-25,2025-05-03,CLI-100,Mayorista,Colombia,Marketplace,6886,2086,0.274,10,Media,7,0,2746,2180,30.3,-4706,Alto,Bajo,256.58,65.7,0.21,0.008
2025-11-25,FIN-03-L003,FIN-03,Gypsophila,New Love,Invernadero,2025-09-17,69,0.46,93425,75,Goteo,Coco,Vegetativo,2990,78000,0.88,19.0,27.6,13.8,80.0,8.4,0.0,0.42,12.4,68.6,34,8,4.6,3.0,77.7,Alto,1,9.1,6.7,6.6,10,PED-00592,2025-11-11,2025-11-28,CLI-088,Exportador,Estados Unidos,Contrato,2085,1522,0.168,0,Alta,14,0,1911,1486,73.0,-599,Alto,Bajo,129.17,62.8,0.31,0.166
2025-05-23,FIN-01-L053,FIN-01,Rosa,Mondial,Invernadero,2025-02-21,91,0.91,60771,105,Goteo,Cascarilla,Reposo,5915,85000,0.88,15.5,21.8,8.8,74.9,10.8,0.9,0.43,12.2,73.7,31,20,11.4,10.5,86.5,Alto,1,20.8,11.5,13.2,2,PED-00593,2025-04-23,2025-05-24,CLI-008,Broker,Países Bajos,Preventa,6115,2332,0.487,0,Media,30,0,3463,2257,38.1,-3858,Alto,Bajo,712.6,27.5,0.45,0.122
2025-10-24,FIN-04-L046,FIN-04,Rosa,Explorer,Invernadero,2025-07-31,85,1.48,56058,105,Goteo,Suelo,Reposo,9620,85000,0.88,15.4,23.3,9.3,70.1,23.0,1.7,0.51,12.4,22.2,18,28,15.4,16.9,85.7,Medio,1,18.3,7.7,15.2,15,PED-00594,2025-10-03,2025-10-25,CLI-051,Retail,Colombia,Contrato,1051,1051,0.38,5,Baja,21,0,11679,8040,100.0,6989,Bajo,Alto,179.78,32.3,0.275,-0.126
2025-12-22,FIN-04-L033,FIN-04,Rosa,Vendela,Invernadero,2025-09-14,99,1.23,76629,105,Goteo,Cascarilla,Reposo,7995,85000,0.88,19.8,25.5,13.1,76.2,13.3,3.7,0.52,12.5,48.1,35,20,10.8,11.6,82.0,Medio,1,28.7,16.2,16.5,12,PED-00595,2025-12-08,2025-12-25,CLI-039,Supermercado,Estados Unidos,Preventa,6643,2286,0.435,2,Media,14,0,4203,2311,34.4,-4332,Alto,Bajo,513.53,1.4,0.304,0.076
2025-08-07,FIN-04-L008,FIN-04,Rosa,Mondial,Invernadero,2025-04-13,116,1.78,68650,105,Goteo,Suelo,Cosecha,11570,85000,0.88,13.5,20.5,6.9,65.3,15.1,6.5,0.52,12.3,54.3,24,33,13.6,14.3,100.0,Bajo,1,8.6,18.2,11.8,14,PED-00596,2025-07-24,2025-08-08,CLI-108,Exportador,Chile,Marketplace,7699,5382,0.482,0,Media,14,1,7151,4938,69.9,-2761,Alto,Bajo,1498.7,40.9,0.31,0.053
2025-02-14,FIN-01-L009,FIN-01,Rosa,Explorer,Invernadero,2024-09-25,142,1.44,58803,105,Microaspersión,Coco,Vegetativo,9360,85000,0.88,21.5,26.5,15.7,96.0,20.6,3.4,0.25,12.0,17.8,25,26,18.8,14.6,98.3,Alto,1,28.4,11.9,14.2,8,PED-00597,2025-02-07,2025-02-16,CLI-010,Broker,Estados Unidos,Preventa,16802,3092,0.405,8,Media,7,0,4874,2977,18.4,-13825,Alto,Bajo,624.3,17.1,0.216,0.041
2025-04-25,FIN-02-L058,FIN-02,Rosa,Explorer,Invernadero,2024-11-29,147,1.79,75413,105,Microaspersión,Suelo,Botón,11635,85000,0.88,15.5,20.1,9.2,58.1,20.7,0.0,0.71,12.1,38.0,28,31,22.9,14.6,88.9,Alto,0,12.7,21.0,13.3,13,PED-00598,2025-04-18,2025-04-27,CLI-098,Retail,Chile,Preventa,2311,2311,0.43,5,Media,7,0,7511,4705,100.0,2394,Bajo,Alto,561.18,25.0,0.095,-0.074
2025-09-05,FIN-01-L053,FIN-01,Rosa,Vendela,Invernadero,2025-06-02,95,0.48,74799,105,Microaspersión,Suelo,Cosecha,3120,85000,0.88,15.0,20.9,10.0,62.2,14.6,0.0,0.62,11.9,64.3,23,13,6.6,2.3,97.1,Alto,0,7.4,4.5,7.5,17,PED-00599,2025-08-22,2025-09-07,CLI-076,Supermercado,España,Preventa,3973,3051,0.536,5,Baja,14,0,3323,2730,76.8,-1243,Alto,Bajo,967.15,71.4,0.335,-0.086
2025-11-19,FIN-03-L011,FIN-03,Gypsophila,Xlence,Invernadero,2025-09-25,55,0.41,104388,75,Goteo,Cascarilla,Vegetativo,2665,78000,0.88,15.4,23.4,9.6,73.0,15.2,3.2,0.46,12.6,44.7,33,9,5.7,2.5,94.8,Bajo,0,7.4,5.5,7.6,9,PED-00600,2025-11-05,2025-11-21,CLI-059,Exportador,Países Bajos,Contrato,7510,1253,0.224,0,Baja,14,1,1993,1616,16.7,-5894,Alto,Bajo,165.86,69.1,0.35,0.038
2025-07-17,FIN-02-L049,FIN-02,Rosa,Mondial,Invernadero,2025-02-27,140,1.29,70434,105,Goteo,Cascarilla,Reposo,8385,85000,0.88,12.9,17.9,7.1,66.9,16.8,1.3,0.47,12.2,61.5,39,26,16.7,12.1,90.3,Bajo,0,9.6,11.3,10.3,7,PED-00601,2025-07-10,2025-07-21,CLI-055,Exportador,Estados Unidos,Preventa,7800,2821,0.551,8,Media,7,0,4267,3140,36.2,-4660,Alto,Bajo,939.55,50.6,0.216,-0.133
2025-10-24,FIN-02-L049,FIN-02,Gypsophila,Xlence,Campo abierto,2025-09-03,51,1.57,85182,75,Goteo,Cascarilla,Botón,10205,78000,0.88,14.4,20.3,8.7,54.0,17.4,2.7,0.73,12.1,23.9,27,32,24.9,14.9,70.1,Alto,1,8.6,12.5,11.9,13,PED-00602,2025-10-03,2025-10-27,CLI-006,Supermercado,Colombia,Preventa,2323,2323,0.163,8,Media,21,0,8046,5679,100.0,3356,Bajo,Alto,152.2,41.7,0.226,0.14
2025-10-12,FIN-03-L057,FIN-03,Rosa,Vendela,Campo abierto,2025-07-08,96,1.63,66455,105,Goteo,Suelo,Vegetativo,10595,85000,0.88,16.6,23.7,11.2,81.8,18.8,8.4,0.33,12.7,32.1,29,29,18.2,12.2,70.0,Medio,1,23.5,9.8,14.0,12,PED-00603,2025-10-05,2025-10-17,CLI-057,Mayorista,Colombia,Contrato,4365,4365,0.434,12,Media,7,0,12181,7669,100.0,3304,Bajo,Alto,854.7,20.5,0.074,0.027
2025-05-16,FIN-01-L018,FIN-01,Rosa,Explorer,Invernadero,2025-02-07,98,1.77,76110,105,Goteo,Coco,Cosecha,11505,85000,0.88,16.6,24.1,12.5,76.2,9.3,1.0,0.43,12.1,79.4,19,39,19.2,13.4,90.6,Alto,1,6.8,30.0,17.7,8,PED-00604,2025-05-02,2025-05-18,CLI-115,Mayorista,Estados Unidos,Preventa,2522,2522,0.463,0,Baja,14,0,5005,2872,100.0,350,Bajo,Bajo,689.13,11.0,0.22,0.026
2025-08-29,FIN-02-L005,FIN-02,Rosa,Mondial,Invernadero,2025-05-21,100,1.68,70386,105,Microaspersión,Suelo,Vegetativo,10920,85000,0.88,17.6,23.2,12.8,80.2,12.4,0.9,0.38,12.1,64.3,15,31,19.2,16.0,77.5,Bajo,1,31.3,6.1,18.0,3,PED-00605,2025-08-15,2025-09-02,CLI-041,Exportador,Estados Unidos,Spot,7571,3748,0.493,2,Media,14,1,7473,4512,49.5,-3059,Alto,Bajo,1116.78,8.6,0.304,-0.132
2025-12-31,FIN-04-L020,FIN-04,Gypsophila,New Love,Invernadero,2025-10-10,82,0.55,92136,75,Goteo,Cascarilla,Vegetativo,3575,78000,0.88,14.6,20.5,9.3,61.6,18.5,0.9,0.62,12.3,51.7,28,10,6.9,4.5,94.8,Medio,1,17.7,11.7,10.0,16,PED-00606,2025-12-17,2026-01-04,CLI-068,Exportador,Estados Unidos,Preventa,11923,2058,0.263,2,Media,14,1,3282,2264,17.3,-9659,Alto,Bajo,348.19,40.4,0.304,0.089
2025-10-04,FIN-04-L058,FIN-04,Gypsophila,Xlence,Invernadero,2025-05-20,137,0.57,96269,75,Goteo,Suelo,Reposo,3704,78000,0.88,20.3,28.1,14.7,78.0,25.3,2.3,0.49,12.6,30.6,23,10,7.3,5.3,88.5,Medio,0,4.1,15.4,11.1,3,PED-00607,2025-09-04,2025-10-08,CLI-050,Broker,España,Spot,7434,763,0.206,8,Alta,30,0,1291,944,10.3,-6490,Alto,Bajo,70.89,50.0,0.446,-0.058
2025-09-01,FIN-04-L035,FIN-04,Clavel,Dover,Invernadero,2025-06-30,63,0.89,73767,90,Goteo,Cascarilla,Cosecha,5785,105000,0.88,15.0,21.9,9.5,65.9,12.4,3.7,0.56,12.1,60.9,18,15,13.7,7.3,86.4,Alto,1,18.3,17.8,12.6,1,PED-00608,2025-08-11,2025-09-06,CLI-029,Mayorista,Estados Unidos,Preventa,6473,2144,0.212,0,Media,21,0,3391,2098,33.1,-4375,Alto,Bajo,222.34,22.8,0.38,0.247
2025-02-10,FIN-04-L058,FIN-04,Rosa,Vendela,Invernadero,2024-10-22,111,1.8,76088,105,Goteo,Cascarilla,Botón,11700,85000,0.88,15.7,24.7,9.3,64.3,19.4,0.3,0.62,12.2,57.8,38,38,21.7,16.2,83.2,Medio,0,33.6,8.9,12.3,10,PED-00609,2025-02-03,2025-02-13,CLI-028,Broker,Colombia,Contrato,14977,4621,0.504,10,Media,7,0,10134,6041,30.9,-8936,Alto,Bajo,1213.12,14.6,0.21,0.185
2025-09-03,FIN-04-L008,FIN-04,Rosa,Freedom,Invernadero,2025-04-14,142,1.32,72380,105,Goteo,Coco,Vegetativo,8580,85000,0.88,17.7,25.9,11.8,82.9,14.1,0.0,0.33,12.2,49.0,39,33,23.1,8.3,75.8,Bajo,0,21.0,6.5,11.6,3,PED-00610,2025-08-20,2025-09-07,CLI-108,Exportador,España,Marketplace,10150,2833,0.472,0,Media,14,0,3827,2626,27.9,-7524,Alto,Bajo,873.1,35.4,0.31,0.199
2025-12-07,FIN-03-L047,FIN-03,Rosa,Mondial,Invernadero,2025-07-18,142,0.38,54850,105,Microaspersión,Suelo,Reposo,2470,85000,0.88,18.7,23.9,12.5,56.8,12.2,0.9,0.89,12.3,60.6,29,9,5.2,4.3,64.3,Medio,1,27.9,6.2,15.1,5,PED-00611,2025-11-23,2025-12-09,CLI-097,Mayorista,España,Contrato,9800,530,0.522,5,Media,14,0,857,532,5.4,-9268,Alto,Bajo,174.73,16.0,0.295,0.101
2025-01-18,FIN-02-L053,FIN-02,Clavel,Dover,Invernadero,2024-11-12,67,0.87,74260,90,Microaspersión,Cascarilla,Vegetativo,5655,105000,0.88,15.4,22.5,10.2,61.6,13.3,0.0,0.65,12.6,50.3,23,16,12.4,7.1,90.0,Alto,0,10.4,0.0,5.9,3,PED-00612,2025-01-04,2025-01-23,CLI-078,Supermercado,Estados Unidos,Marketplace,2392,2392,0.255,2,Baja,14,1,5865,4920,100.0,2528,Bajo,Alto,351.81,75.6,0.214,0.089
2025-01-28,FIN-04-L048,FIN-04,Rosa,Explorer,Invernadero,2024-10-28,92,1.48,57148,105,Goteo,Cascarilla,Cosecha,9620,85000,0.88,17.9,25.5,13.3,73.6,12.6,0.8,0.52,12.6,65.5,31,27,15.1,15.7,78.3,Medio,0,12.1,1.0,6.1,6,PED-00613,2025-01-07,2025-01-29,CLI-092,Retail,Estados Unidos,Preventa,1508,1508,0.532,2,Baja,21,0,8756,7077,100.0,5569,Bajo,Alto,542.06,68.3,0.284,0.076
2025-03-16,FIN-02-L045,FIN-02,Clavel,Nelson,Invernadero,2024-12-12,94,1.68,84567,90,Microaspersión,Suelo,Cosecha,10920,105000,0.88,18.0,22.4,12.6,70.5,13.1,4.5,0.58,12.6,80.9,30,37,26.4,11.9,89.5,Medio,1,31.5,7.6,15.1,11,PED-00614,2025-03-02,2025-03-18,CLI-008,Exportador,Estados Unidos,Preventa,8592,5488,0.229,0,Media,14,1,8833,5426,63.9,-3166,Alto,Bajo,654.76,15.2,0.31,0.037
2025-08-15,FIN-03-L056,FIN-03,Rosa,Explorer,Invernadero,2025-05-12,95,1.44,63737,105,Microaspersión,Coco,Vegetativo,9360,85000,0.88,15.3,23.1,9.7,69.4,8.5,1.1,0.51,12.2,52.7,33,32,15.1,6.3,92.8,Alto,1,6.0,0.8,5.3,16,PED-00615,2025-08-08,2025-08-16,CLI-106,Supermercado,España,Preventa,3583,3583,0.519,0,Alta,7,0,6931,5989,100.0,2406,Bajo,Alto,1199.83,82.5,0.11,-0.096
2025-09-06,FIN-03-L051,FIN-03,Rosa,Freedom,Campo abierto,2025-06-11,87,0.55,65753,105,Goteo,Coco,Vegetativo,3575,85000,0.88,16.8,24.6,11.8,65.9,19.1,0.7,0.63,12.4,52.0,23,10,6.5,5.7,83.6,Bajo,0,18.2,14.6,13.1,3,PED-00616,2025-08-07,2025-09-10,CLI-057,Exportador,Estados Unidos,Preventa,10512,1654,0.36,8,Baja,30,1,2434,1558,15.7,-8954,Alto,Bajo,276.82,26.0,0.45,0.162
2025-08-26,FIN-02-L058,FIN-02,Rosa,Mondial,Invernadero,2025-06-15,72,1.76,65687,105,Goteo,Coco,Botón,11440,85000,0.88,16.4,20.5,12.3,58.2,20.8,0.0,0.75,12.1,31.9,20,34,21.0,17.5,100.0,Medio,1,18.9,2.8,12.4,10,PED-00617,2025-08-05,2025-08-30,CLI-034,Mayorista,Colombia,Preventa,5105,5105,0.528,10,Alta,21,0,10834,8121,100.0,3016,Bajo,Alto,1556.52,48.3,0.22,-0.077
2025-10-16,FIN-04-L041,FIN-04,Rosa,Explorer,Invernadero,2025-07-10,98,1.53,65848,105,Microaspersión,Cascarilla,Cosecha,9945,85000,0.88,13.6,20.8,7.2,58.2,19.8,0.0,0.63,13.0,40.8,36,42,18.3,11.4,88.3,Medio,1,35.0,6.5,13.7,4,PED-00618,2025-10-02,2025-10-20,CLI-055,Exportador,Estados Unidos,Spot,9980,3981,0.563,2,Baja,14,0,8392,5089,39.9,-4891,Alto,Bajo,1479.75,14.6,0.344,-0.179
2025-11-23,FIN-03-L021,FIN-03,Rosa,Vendela,Invernadero,2025-06-12,164,0.96,55738,105,Microaspersión,Coco,Botón,6240,85000,0.88,17.5,24.8,13.3,79.4,16.9,0.0,0.4,12.1,55.5,22,21,10.4,8.3,97.8,Medio,1,10.8,2.3,6.4,4,PED-00619,2025-11-09,2025-11-26,CLI-036,Mayorista,España,Preventa,4392,2406,0.379,0,Media,14,1,3409,2809,54.8,-1583,Alto,Bajo,486.29,72.4,0.31,0.023
2025-10-18,FIN-01-L044,FIN-01,Clavel,Bizet,Campo abierto,2025-07-26,84,0.23,89618,90,Goteo,Coco,Cosecha,1495,105000,0.88,19.4,24.0,15.3,66.2,25.6,0.0,0.72,12.1,36.4,36,5,3.1,2.4,87.4,Medio,1,17.2,30.0,16.9,11,PED-00620,2025-10-11,2025-10-20,CLI-053,Broker,Estados Unidos,Preventa,4351,646,0.282,2,Media,7,0,1544,849,14.8,-3502,Alto,Bajo,104.33,0.0,0.234,0.148
2025-09-30,FIN-04-L037,FIN-04,Rosa,Vendela,Invernadero,2025-05-29,124,0.37,66297,105,Goteo,Coco,Cosecha,2405,85000,0.88,19.9,28.2,15.7,54.2,16.1,1.8,1.0,12.2,41.7,34,8,4.1,2.3,91.3,Medio,1,24.9,2.4,10.1,15,PED-00621,2025-09-23,2025-10-02,CLI-104,Exportador,Países Bajos,Preventa,13619,1375,0.443,2,Alta,7,1,1841,1320,10.1,-12299,Alto,Bajo,333.46,43.2,0.234,0.071
2025-08-03,FIN-01-L026,FIN-01,Clavel,Bizet,Invernadero,2025-04-12,113,1.62,76151,90,Goteo,Coco,Vegetativo,10530,105000,0.88,17.2,24.6,12.0,57.9,10.3,1.8,0.8,12.3,64.0,33,39,23.9,12.7,78.3,Alto,0,15.5,13.1,10.7,2,PED-00622,2025-06-19,2025-08-07,CLI-050,Broker,Países Bajos,Preventa,7151,4708,0.315,0,Media,45,1,6349,4270,65.8,-2881,Alto,Bajo,912.55,35.8,0.45,-0.01
2025-01-01,FIN-04-L032,FIN-04,Rosa,Mondial,Campo abierto,2024-08-12,142,1.42,63872,105,Goteo,Suelo,Cosecha,9230,85000,0.88,13.9,21.3,7.0,62.6,19.3,1.0,0.57,12.3,41.9,32,29,12.9,14.2,88.6,Alto,0,2.1,13.8,7.6,13,PED-00623,2024-12-11,2025-01-04,CLI-103,Exportador,España,Contrato,9100,4726,0.533,0,Media,21,1,6819,5251,51.9,-3849,Alto,Bajo,1560.87,62.6,0.38,0.06
2025-09-25,FIN-03-L024,FIN-03,Rosa,Mondial,Invernadero,2025-07-27,60,1.18,65393,105,Microaspersión,Suelo,Vegetativo,7670,85000,0.88,15.1,21.2,10.1,70.9,18.4,9.2,0.48,12.6,39.0,15,18,12.5,12.3,78.2,Medio,0,12.7,3.7,8.9,11,PED-00624,2025-09-11,2025-09-30,CLI-002,Exportador,Estados Unidos,Spot,11974,3005,0.483,10,Alta,14,0,5044,3892,25.1,-8082,Alto,Bajo,746.09,57.5,0.28,-0.266
2025-10-20,FIN-01-L018,FIN-01,Rosa,Vendela,Invernadero,2025-06-13,129,0.87,76075,105,Goteo,Suelo,Vegetativo,5655,85000,0.88,17.4,24.1,11.8,72.2,19.8,9.9,0.53,11.9,23.6,26,13,9.2,10.5,71.0,Medio,0,14.2,11.9,10.7,11,PED-00625,2025-09-20,2025-10-22,CLI-011,Broker,Estados Unidos,Contrato,5444,3897,0.388,0,Media,30,1,5212,3558,71.6,-1886,Alto,Bajo,707.48,37.6,0.45,0.151
2025-09-05,FIN-03-L008,FIN-03,Rosa,Explorer,Invernadero,2025-05-06,122,0.37,52727,105,Microaspersión,Coco,Vegetativo,2405,85000,0.88,12.5,17.8,6.3,69.3,14.2,0.0,0.42,12.3,41.3,36,7,4.9,2.6,79.2,Medio,1,9.3,17.2,10.3,16,PED-00626,2025-08-22,2025-09-10,CLI-095,Mayorista,Canadá,Preventa,5211,976,0.467,0,Alta,14,0,1383,939,18.7,-4272,Alto,Bajo,296.27,39.4,0.31,0.322
2025-06-23,FIN-01-L031,FIN-01,Rosa,Vendela,Invernadero,2025-04-04,80,0.45,57987,105,Microaspersión,Suelo,Cosecha,2925,85000,0.88,19.6,26.7,12.6,81.2,16.0,0.5,0.41,11.8,41.8,38,8,6.6,3.7,91.5,Medio,0,0.8,8.4,6.8,7,PED-00627,2025-06-09,2025-06-24,CLI-020,Broker,Estados Unidos,Contrato,9792,1794,0.359,0,Media,14,0,2651,2193,18.3,-7599,Alto,Bajo,341.93,74.9,0.31,0.062
2025-08-20,FIN-01-L052,FIN-01,Clavel,Bizet,Invernadero,2025-05-19,93,0.88,72913,90,Microaspersión,Suelo,Cosecha,5720,105000,0.88,19.5,26.3,13.9,60.3,18.8,0.8,0.85,11.6,26.8,21,17,8.8,6.6,91.6,Medio,0,3.2,6.3,6.1,2,PED-00628,2025-07-30,2025-08-23,CLI-094,Supermercado,Países Bajos,Spot,823,823,0.244,0,Baja,21,0,9849,8200,100.0,7377,Bajo,Alto,105.0,76.2,0.29,0.129
2025-02-28,FIN-03-L045,FIN-03,Clavel,Dover,Invernadero,2024-11-17,103,1.31,68270,90,Microaspersión,Coco,Cosecha,8515,105000,0.88,16.4,24.8,9.8,63.3,8.4,0.0,0.66,11.4,80.7,23,19,16.0,8.1,87.1,Bajo,1,3.1,6.8,7.0,5,PED-00629,2025-02-07,2025-03-05,CLI-054,Retail,Canadá,Contrato,1571,1571,0.285,5,Media,21,0,5869,4819,100.0,3248,Bajo,Alto,260.29,72.5,0.235,0.071
2025-09-17,FIN-02-L054,FIN-02,Rosa,Mondial,Campo abierto,2025-06-05,104,1.38,58296,105,Goteo,Coco,Botón,8970,85000,0.88,14.4,22.3,9.9,63.4,24.0,0.1,0.58,12.4,31.8,31,29,16.4,14.1,76.0,Medio,1,4.4,3.4,5.3,17,PED-00630,2025-08-27,2025-09-20,CLI-066,Mayorista,Estados Unidos,Contrato,4491,4491,0.546,2,Media,21,1,18173,15196,100.0,10705,Bajo,Alto,1575.3,76.6,0.244,-0.004
2025-06-20,FIN-02-L035,FIN-02,Gypsophila,Million Star,Invernadero,2025-04-16,65,1.0,93865,75,Microaspersión,Cascarilla,Cosecha,6500,78000,0.88,11.9,19.7,7.0,68.6,14.9,0.4,0.41,12.1,71.6,11,17,10.9,7.1,92.1,Alto,0,22.2,18.3,15.8,9,PED-00631,2025-05-21,2025-06-21,CLI-105,Retail,España,Contrato,457,457,0.175,0,Media,30,0,2771,1619,100.0,1162,Bajo,Alto,32.61,11.3,0.34,-0.106
2025-12-20,FIN-04-L014,FIN-04,Rosa,Freedom,Invernadero,2025-08-24,118,1.4,62779,105,Goteo,Suelo,Botón,9100,85000,0.88,15.8,23.0,10.7,66.0,9.5,0.2,0.59,12.2,59.1,35,22,10.1,7.8,85.5,Medio,0,1.9,13.0,6.4,6,PED-00632,2025-12-06,2025-12-24,CLI-018,Exportador,Estados Unidos,Preventa,15500,3952,0.569,0,Alta,14,0,5189,4044,25.5,-11456,Alto,Bajo,1566.64,65.8,0.31,-0.019
2025-07-26,FIN-04-L049,FIN-04,Rosa,Vendela,Invernadero,2025-04-02,115,1.2,64804,105,Goteo,Suelo,Reposo,7800,85000,0.88,19.5,28.1,15.0,72.7,16.1,0.0,0.59,12.6,51.2,31,19,12.1,12.5,90.6,Medio,1,18.7,12.4,12.9,2,PED-00633,2025-07-05,2025-07-29,CLI-013,Supermercado,Canadá,Preventa,1720,1720,0.425,2,Baja,21,0,5388,3570,100.0,1850,Bajo,Alto,437.51,30.8,0.284,0.062
2025-02-19,FIN-02-L028,FIN-02,Rosa,Freedom,Invernadero,2024-12-17,64,0.85,74324,105,Microaspersión,Cascarilla,Reposo,5525,85000,0.88,15.5,21.2,11.5,69.4,8.5,1.7,0.52,11.9,69.2,30,13,8.7,9.9,98.6,Bajo,1,30.8,6.9,12.8,7,PED-00634,2025-02-05,2025-02-24,CLI-001,Retail,Chile,Contrato,1900,685,0.552,5,Media,14,0,1319,847,36.1,-1053,Alto,Bajo,238.53,24.3,0.295,0.18
2025-10-03,FIN-01-L041,FIN-01,Rosa,Explorer,Invernadero,2025-07-24,71,1.25,57697,105,Goteo,Suelo,Botón,8125,85000,0.88,17.1,23.6,11.4,69.1,16.2,0.4,0.58,11.9,44.2,33,31,13.3,6.6,91.8,Medio,1,25.1,0.7,9.8,16,PED-00635,2025-09-03,2025-10-06,CLI-023,Exportador,Países Bajos,Preventa,4470,3662,0.408,2,Media,30,0,6050,4424,81.9,-46,Medio,Bajo,803.41,46.2,0.334,-0.021
2025-12-24,FIN-01-L025,FIN-01,Clavel,Nelson,Invernadero,2025-10-07,78,0.52,80426,90,Goteo,Cascarilla,Botón,3380,105000,0.88,16.9,23.8,12.4,71.5,15.5,2.8,0.53,11.9,44.7,19,10,6.3,4.2,84.5,Medio,1,18.3,19.2,14.0,17,PED-00636,2025-12-17,2025-12-26,CLI-013,Exportador,Estados Unidos,Marketplace,9192,1823,0.242,8,Media,7,1,3075,1845,19.8,-7347,Alto,Bajo,188.11,17.3,0.216,-0.131
2025-03-13,FIN-01-L044,FIN-01,Clavel,Nelson,Invernadero,2024-11-26,107,0.51,83085,90,Goteo,Coco,Cosecha,3315,105000,0.88,13.8,20.3,7.6,79.4,15.6,0.0,0.31,13.0,60.5,13,13,7.5,5.3,87.2,Bajo,0,1.0,1.5,3.7,14,PED-00637,2025-02-20,2025-03-15,CLI-021,Supermercado,Estados Unidos,Preventa,3602,2638,0.209,8,Alta,21,0,3639,3236,73.2,-366,Medio,Bajo,211.67,90.4,0.226,-0.029
2025-02-15,FIN-01-L044,FIN-01,Rosa,Vendela,Invernadero,2024-09-19,149,0.34,48915,105,Microaspersión,Suelo,Cosecha,2210,85000,0.88,18.6,23.6,12.1,87.6,20.9,3.0,0.25,12.1,19.5,23,7,4.0,3.2,78.7,Alto,1,14.7,0.5,8.1,2,PED-00638,2025-02-08,2025-02-19,CLI-055,Retail,Estados Unidos,Contrato,1241,1241,0.456,10,Baja,7,0,2121,1673,100.0,432,Bajo,Medio,304.74,61.3,0.12,0.086
2025-03-03,FIN-03-L046,FIN-03,Rosa,Mondial,Invernadero,2024-12-02,91,1.65,71641,105,Goteo,Suelo,Cosecha,10725,85000,0.88,16.5,21.3,12.0,75.6,12.3,1.7,0.44,12.2,48.4,35,35,22.2,14.6,71.0,Medio,1,11.5,20.3,12.2,14,PED-00639,2025-02-24,2025-03-08,CLI-053,Mayorista,España,Preventa,7477,4822,0.463,8,Media,7,0,7072,4425,64.5,-3052,Alto,Bajo,1168.28,25.6,0.216,0.002
2025-06-22,FIN-02-L043,FIN-02,Rosa,Mondial,Invernadero,2025-02-11,131,1.65,73706,105,Microaspersión,Suelo,Reposo,10725,85000,0.88,15.4,19.6,10.7,85.1,11.3,0.4,0.25,12.1,56.4,24,36,17.5,9.2,71.8,Alto,1,11.0,26.7,17.1,6,PED-00640,2025-06-15,2025-06-24,CLI-107,Retail,Estados Unidos,Spot,1599,1599,0.41,5,Media,7,0,4156,2322,100.0,723,Bajo,Alto,298.41,6.6,0.095,-0.031
2025-10-06,FIN-01-L003,FIN-01,Rosa,Mondial,Invernadero,2025-07-24,74,0.97,74971,105,Microaspersión,Coco,Reposo,6305,85000,0.88,15.2,23.5,8.8,64.1,18.6,2.4,0.6,11.8,55.2,26,16,11.0,6.6,93.1,Medio,1,1.0,26.3,11.0,16,PED-00641,2025-09-29,2025-10-09,CLI-104,Mayorista,Estados Unidos,Spot,4766,2664,0.425,0,Media,7,0,4272,2852,55.9,-1914,Alto,Bajo,649.55,39.3,0.24,-0.048
2025-12-29,FIN-03-L042,FIN-03,Rosa,Explorer,Campo abierto,2025-09-04,116,0.95,58221,105,Goteo,Cascarilla,Vegetativo,6175,85000,0.88,13.6,18.9,8.8,67.8,17.5,7.1,0.48,12.1,55.5,38,15,13.1,11.4,72.5,Bajo,0,35.0,20.6,17.4,9,PED-00642,2025-12-15,2026-01-02,CLI-048,Exportador,Estados Unidos,Contrato,17657,1056,0.52,2,Baja,14,0,2117,1164,6.0,-16493,Alto,Bajo,327.46,0.0,0.344,0.096
2025-11-24,FIN-02-L010,FIN-02,Clavel,Dover,Invernadero,2025-10-13,42,1.38,76757,90,Goteo,Suelo,Botón,8970,105000,0.88,16.8,22.6,11.5,65.4,23.5,0.0,0.64,12.0,24.3,34,28,15.5,11.1,71.9,Bajo,1,15.5,6.9,10.2,17,PED-00643,2025-11-03,2025-11-27,CLI-080,Supermercado,Colombia,Preventa,4840,4840,0.315,0,Media,21,0,8071,5794,100.0,954,Bajo,Medio,967.62,44.5,0.25,0.171
2025-08-14,FIN-03-L031,FIN-03,Clavel,Nelson,Invernadero,2025-05-02,104,1.07,79075,90,Goteo,Coco,Vegetativo,6955,105000,0.88,16.8,23.6,12.8,68.1,18.7,0.0,0.59,12.1,33.4,40,25,13.8,11.4,69.0,Alto,1,0.2,28.8,12.1,11,PED-00644,2025-06-30,2025-08-16,CLI-067,Exportador,España,Spot,8976,5511,0.266,5,Baja,45,1,8534,5325,61.4,-3651,Alto,Bajo,776.3,28.4,0.45,0.176
2025-02-01,FIN-03-L038,FIN-03,Gypsophila,Million Star,Invernadero,2024-11-24,69,0.39,78699,75,Microaspersión,Suelo,Cosecha,2535,78000,0.88,18.8,23.1,12.9,64.7,12.6,3.2,0.73,12.4,63.6,17,8,3.7,3.9,87.1,Alto,1,3.1,10.2,7.3,12,PED-00645,2025-01-18,2025-02-02,CLI-024,Retail,Colombia,Preventa,349,349,0.235,0,Media,14,0,2460,1950,100.0,1601,Bajo,Alto,47.22,66.8,0.18,-0.081
2025-10-07,FIN-01-L024,FIN-01,Rosa,Explorer,Invernadero,2025-07-01,98,0.88,72496,105,Microaspersión,Coco,Botón,5720,85000,0.88,16.2,21.7,11.3,58.9,10.3,0.0,0.73,12.0,58.6,36,13,12.2,5.6,90.5,Medio,1,9.7,15.3,10.8,12,PED-00646,2025-09-23,2025-10-08,CLI-090,Supermercado,España,Preventa,2097,1825,0.548,8,Alta,14,1,3279,2300,87.0,203,Bajo,Bajo,553.76,43.4,0.156,0.181
2025-07-30,FIN-01-L008,FIN-01,Rosa,Vendela,Invernadero,2025-05-19,72,0.89,54909,105,Microaspersión,Coco,Vegetativo,5785,85000,0.88,16.1,21.4,10.1,70.7,15.3,0.0,0.52,12.5,53.7,14,20,12.5,4.5,83.2,Bajo,1,17.1,4.9,9.2,9,PED-00647,2025-07-16,2025-08-01,CLI-044,Supermercado,Chile,Contrato,2940,2364,0.515,0,Media,14,1,4027,2978,80.4,38,Bajo,Bajo,761.34,50.2,0.18,0.038
2025-04-06,FIN-03-L033,FIN-03,Rosa,Freedom,Invernadero,2024-12-19,108,1.44,55198,105,Microaspersión,Cascarilla,Cosecha,9360,85000,0.88,14.4,23.3,8.4,61.9,14.6,0.1,0.6,11.7,52.8,29,27,18.1,11.3,85.4,Bajo,1,8.3,25.0,12.8,7,PED-00648,2025-02-20,2025-04-10,CLI-005,Mayorista,Colombia,Spot,5891,3201,0.381,5,Media,45,1,4975,3081,54.3,-2810,Alto,Bajo,567.63,25.4,0.45,0.115
2025-10-05,FIN-04-L024,FIN-04,Rosa,Freedom,Invernadero,2025-06-15,112,0.54,64057,105,Microaspersión,Suelo,Botón,3510,85000,0.88,18.0,22.7,12.2,69.0,13.2,3.0,0.61,12.1,73.4,30,14,6.3,5.9,96.0,Medio,1,12.5,20.0,12.0,13,PED-00649,2025-09-28,2025-10-07,CLI-074,Supermercado,Chile,Preventa,1960,1723,0.366,2,Media,7,0,2463,1596,87.9,-364,Alto,Bajo,293.22,31.3,0.234,-0.035
2025-05-22,FIN-02-L006,FIN-02,Clavel,Nelson,Campo abierto,2025-02-09,102,0.37,88942,90,Goteo,Suelo,Cosecha,2405,105000,0.88,16.6,22.4,11.7,58.4,18.0,0.0,0.76,12.2,28.0,40,5,4.0,3.3,67.3,Medio,1,2.7,1.1,5.9,7,PED-00650,2025-05-15,2025-05-23,CLI-050,Supermercado,Estados Unidos,Preventa,2904,2662,0.24,0,Media,7,0,3760,3209,91.7,305,Bajo,Bajo,349.86,79.0,0.11,-0.059
2025-07-07,FIN-03-L038,FIN-03,Rosa,Mondial,Invernadero,2025-04-06,92,1.49,70060,105,Goteo,Suelo,Cosecha,9685,85000,0.88,13.9,20.2,8.2,68.7,13.2,4.2,0.48,11.8,67.7,13,31,12.8,7.8,89.7,Bajo,1,3.9,16.2,13.6,5,PED-00651,2025-06-30,2025-07-09,CLI-038,Mayorista,Colombia,Contrato,4047,4047,0.476,8,Alta,7,0,6100,4375,100.0,328,Bajo,Bajo,1045.62,44.1,0.086,-0.048
2025-02-23,FIN-04-L035,FIN-04,Rosa,Vendela,Invernadero,2024-09-29,147,0.91,56793,105,Microaspersión,Coco,Vegetativo,5915,85000,0.88,17.0,25.1,11.0,77.4,17.7,0.0,0.42,11.5,55.3,27,16,8.7,8.9,100.0,Alto,0,6.2,8.4,7.4,10,PED-00652,2025-02-09,2025-02-27,CLI-085,Broker,Estados Unidos,Spot,8135,3654,0.363,5,Alta,14,0,5181,4149,44.9,-3986,Alto,Bajo,659.97,68.2,0.295,0.108
2025-01-04,FIN-04-L045,FIN-04,Rosa,Mondial,Invernadero,2024-10-16,80,0.8,65212,105,Goteo,Cascarilla,Botón,5200,85000,0.88,13.9,21.1,7.2,58.6,23.4,2.0,0.63,11.4,30.2,17,13,10.9,7.5,92.5,Medio,1,5.3,30.0,13.0,3,PED-00653,2024-12-05,2025-01-07,CLI-013,Mayorista,España,Contrato,5911,2797,0.509,5,Alta,30,1,4145,2502,47.3,-3409,Alto,Bajo,878.61,23.4,0.45,-0.092
2025-01-13,FIN-02-L042,FIN-02,Rosa,Freedom,Campo abierto,2024-10-05,100,1.3,68666,105,Microaspersión,Coco,Botón,8450,85000,0.88,15.2,21.6,8.9,66.3,8.0,4.9,0.56,12.6,86.4,19,24,16.3,15.0,75.2,Medio,1,4.5,8.9,8.9,15,PED-00654,2024-12-14,2025-01-17,CLI-093,Supermercado,Estados Unidos,Preventa,5671,3517,0.541,5,Alta,30,0,4592,3565,62.0,-2106,Alto,Bajo,1166.54,60.5,0.45,0.027
2025-10-13,FIN-02-L042,FIN-02,Rosa,Mondial,Invernadero,2025-07-02,103,0.77,62922,105,Microaspersión,Cascarilla,Botón,5005,85000,0.88,14.4,19.5,8.2,74.3,12.4,0.0,0.41,11.9,51.6,37,17,9.0,9.6,99.1,Medio,0,5.6,3.8,7.3,11,PED-00655,2025-09-29,2025-10-17,CLI-106,Exportador,Estados Unidos,Preventa,9724,3406,0.538,5,Media,14,0,4976,4184,35.0,-5540,Alto,Bajo,1088.39,75.9,0.295,0.009
2025-11-13,FIN-03-L036,FIN-03,Rosa,Mondial,Invernadero,2025-06-24,142,1.0,56550,105,Microaspersión,Cascarilla,Vegetativo,6500,85000,0.88,16.4,23.9,10.9,72.7,9.6,0.0,0.49,12.8,65.4,19,22,13.2,6.3,85.2,Medio,1,3.0,8.9,6.8,7,PED-00656,2025-10-14,2025-11-17,CLI-096,Broker,España,Preventa,5863,2262,0.496,12,Baja,30,0,3188,2562,38.6,-3301,Alto,Bajo,546.51,69.5,0.45,0.03
2025-10-31,FIN-03-L020,FIN-03,Rosa,Freedom,Campo abierto,2025-06-25,128,0.51,75671,105,Microaspersión,Coco,Cosecha,3315,85000,0.88,11.6,17.4,4.9,79.2,21.0,1.3,0.27,11.9,30.1,33,9,7.1,5.3,82.3,Medio,0,12.9,16.7,9.8,8,PED-00657,2025-10-10,2025-11-04,CLI-012,Broker,Chile,Preventa,3121,1919,0.521,0,Media,21,0,2790,1861,61.5,-1260,Alto,Bajo,649.04,36.9,0.38,0.016
2025-11-21,FIN-02-L035,FIN-02,Clavel,Dover,Invernadero,2025-07-07,137,0.99,77285,90,Microaspersión,Cascarilla,Cosecha,6435,105000,0.88,16.3,21.3,10.2,60.3,22.0,1.7,0.71,12.0,44.6,25,21,18.5,11.0,84.1,Alto,1,0.6,5.9,6.6,7,PED-00658,2025-11-14,2025-11-22,CLI-037,Exportador,Estados Unidos,Preventa,6913,4199,0.212,0,Media,7,0,6551,5515,60.7,-1398,Alto,Bajo,393.99,77.5,0.24,0.077
2025-01-27,FIN-01-L030,FIN-01,Rosa,Explorer,Campo abierto,2024-11-05,83,1.04,56834,105,Microaspersión,Coco,Botón,6760,85000,0.88,14.0,21.7,9.9,93.5,16.5,2.6,0.25,12.1,48.2,34,25,10.5,8.1,100.0,Bajo,1,6.0,14.5,10.1,17,PED-00659,2024-12-13,2025-01-31,CLI-101,Mayorista,Canadá,Contrato,2805,2805,0.448,0,Baja,45,0,4535,3367,100.0,562,Bajo,Medio,719.71,53.6,0.45,0.02
2025-04-29,FIN-01-L009,FIN-01,Clavel,Bizet,Campo abierto,2025-01-30,89,0.87,78396,90,Microaspersión,Coco,Cosecha,5655,105000,0.88,17.9,22.5,11.9,68.2,12.8,1.2,0.63,11.6,63.4,24,11,7.5,8.0,95.0,Medio,0,28.0,0.2,10.7,11,PED-00660,2025-04-15,2025-05-04,CLI-020,Exportador,Chile,Contrato,10710,3785,0.323,5,Alta,14,0,5704,4093,35.3,-6617,Alto,Bajo,692.35,41.8,0.295,0.04
2025-05-16,FIN-04-L054,FIN-04,Rosa,Explorer,Invernadero,2025-01-21,115,1.43,54325,105,Goteo,Coco,Cosecha,9295,85000,0.88,14.7,23.5,8.1,70.0,10.2,1.7,0.49,11.8,76.6,41,24,15.1,11.6,81.1,Medio,0,35.0,13.4,14.6,12,PED-00661,2025-04-16,2025-05-19,CLI-066,Exportador,Estados Unidos,Preventa,7682,1599,0.508,0,Media,30,1,3744,2059,20.8,-5623,Alto,Bajo,535.0,0.5,0.45,0.18
2025-10-06,FIN-04-L014,FIN-04,Rosa,Vendela,Invernadero,2025-05-25,134,1.21,68494,105,Microaspersión,Coco,Vegetativo,7865,85000,0.88,14.3,20.0,8.4,63.8,12.4,0.5,0.57,11.8,66.3,31,36,11.9,9.4,93.3,Bajo,0,23.2,2.2,10.6,7,PED-00662,2025-09-22,2025-10-08,CLI-012,Exportador,Estados Unidos,Spot,6941,2910,0.371,2,Media,14,1,3692,2691,41.9,-4250,Alto,Bajo,578.7,45.3,0.304,0.022
2025-11-18,FIN-01-L050,FIN-01,Rosa,Mondial,Invernadero,2025-07-11,130,1.29,71616,105,Microaspersión,Coco,Vegetativo,8385,85000,0.88,13.8,19.9,7.4,61.2,15.7,2.4,0.59,11.4,56.9,33,24,12.5,14.0,77.7,Medio,0,2.1,17.5,9.3,12,PED-00663,2025-11-04,2025-11-20,CLI-053,Exportador,Estados Unidos,Spot,7720,2893,0.41,0,Media,14,1,5228,3779,37.5,-3941,Alto,Bajo,688.67,50.7,0.31,0.123
2025-12-04,FIN-01-L041,FIN-01,Clavel,Nelson,Invernadero,2025-09-23,72,0.98,88001,90,Goteo,Coco,Cosecha,6370,105000,0.88,15.4,20.7,10.8,67.3,12.9,5.2,0.55,11.9,58.2,33,16,11.5,8.0,91.2,Medio,0,9.1,6.9,6.2,10,PED-00664,2025-11-13,2025-12-08,CLI-043,Broker,Estados Unidos,Spot,9414,4312,0.351,0,Media,21,1,5212,4125,45.8,-5289,Alto,Bajo,974.5,66.7,0.38,0.04
2025-04-20,FIN-01-L046,FIN-01,Rosa,Explorer,Invernadero,2025-01-02,108,0.51,59556,105,Microaspersión,Suelo,Vegetativo,3315,85000,0.88,20.2,27.6,13.8,60.1,10.0,2.0,0.89,12.0,71.9,18,11,4.5,5.7,90.5,Alto,1,35.0,13.1,15.6,4,PED-00665,2025-03-06,2025-04-22,CLI-054,Supermercado,Canadá,Contrato,4423,626,0.516,5,Baja,45,1,1226,674,14.2,-3749,Alto,Bajo,189.72,1.2,0.45,0.174
2025-11-01,FIN-04-L059,FIN-04,Rosa,Mondial,Invernadero,2025-07-10,114,0.19,55494,105,Goteo,Cascarilla,Botón,1235,85000,0.88,16.6,23.0,12.0,95.3,12.7,0.4,0.25,12.6,67.2,21,4,2.0,1.9,62.9,Medio,1,35.0,21.5,19.8,9,PED-00666,2025-10-02,2025-11-02,CLI-104,Mayorista,Países Bajos,Spot,8970,193,0.465,0,Baja,30,1,396,217,2.2,-8753,Alto,Bajo,52.26,0.0,0.45,0.093
2025-08-15,FIN-03-L058,FIN-03,Rosa,Mondial,Invernadero,2025-05-22,85,0.33,60494,105,Goteo,Cascarilla,Botón,2145,85000,0.88,19.4,27.2,15.4,78.8,21.0,5.1,0.45,12.5,27.8,19,5,3.6,1.8,90.4,Alto,1,1.9,23.3,11.8,17,PED-00667,2025-08-08,2025-08-17,CLI-034,Exportador,Estados Unidos,Marketplace,9505,1210,0.474,5,Media,7,0,1990,1353,12.7,-8152,Alto,Bajo,318.89,40.2,0.225,0.023
2025-08-06,FIN-01-L027,FIN-01,Rosa,Freedom,Invernadero,2025-04-19,109,1.44,69586,105,Microaspersión,Coco,Botón,9360,85000,0.88,17.1,25.2,11.3,71.9,20.0,1.9,0.53,12.5,43.5,31,27,18.0,11.8,80.5,Medio,1,6.4,12.3,9.5,13,PED-00668,2025-07-30,2025-08-09,CLI-085,Supermercado,Estados Unidos,Contrato,3274,3274,0.566,2,Media,7,0,13437,9952,100.0,6678,Bajo,Alto,1142.39,52.8,0.104,-0.063
2025-03-20,FIN-02-L028,FIN-02,Rosa,Vendela,Invernadero,2025-02-18,30,1.21,62354,105,Microaspersión,Suelo,Cosecha,7865,85000,0.88,16.6,23.4,9.7,62.5,10.1,0.5,0.68,11.6,68.6,24,32,17.2,13.6,64.7,Bajo,1,6.4,3.5,9.7,2,PED-00669,2025-02-18,2025-03-24,CLI-036,Mayorista,Colombia,Contrato,5663,1200,0.448,5,Media,30,0,1770,1406,21.2,-4257,Alto,Bajo,278.57,61.6,0.45,0.005
2025-03-09,FIN-03-L032,FIN-03,Rosa,Explorer,Invernadero,2024-12-01,98,1.41,69449,105,Microaspersión,Suelo,Cosecha,9165,85000,0.88,14.4,21.6,8.6,82.3,19.6,0.9,0.28,11.9,38.8,23,28,20.0,11.0,75.7,Medio,1,35.0,4.0,14.8,17,PED-00670,2025-02-23,2025-03-14,CLI-029,Exportador,Canadá,Preventa,8843,4218,0.525,2,Media,14,0,7870,4796,47.7,-4047,Alto,Bajo,1318.51,12.8,0.304,0.111
2025-08-26,FIN-04-L020,FIN-04,Clavel,Nelson,Invernadero,2025-05-03,115,0.8,75238,90,Goteo,Coco,Botón,5200,105000,0.88,19.1,26.3,13.7,71.5,13.2,0.2,0.6,12.7,41.1,23,12,10.2,7.9,84.9,Medio,0,4.9,0.4,5.5,15,PED-00671,2025-08-19,2025-08-28,CLI-001,Mayorista,Países Bajos,Spot,3128,3128,0.251,2,Alta,7,0,4963,4294,100.0,1166,Bajo,Alto,432.06,82.2,0.104,0.045
2025-03-11,FIN-01-L022,FIN-01,Gypsophila,New Love,Invernadero,2024-12-30,71,1.46,96987,75,Microaspersión,Coco,Cosecha,9490,78000,0.88,17.4,23.6,11.4,80.8,17.7,0.4,0.37,11.8,47.9,20,30,20.0,11.0,88.7,Medio,1,1.6,1.7,8.3,15,PED-00672,2025-02-09,2025-03-12,CLI-083,Broker,Estados Unidos,Contrato,5245,5245,0.201,0,Alta,30,1,12949,11230,100.0,5985,Bajo,Alto,622.66,80.0,0.34,0.097
2025-08-17,FIN-04-L006,FIN-04,Clavel,Nelson,Invernadero,2025-06-08,70,1.3,87242,90,Microaspersión,Cascarilla,Botón,8450,105000,0.88,20.9,26.7,16.5,89.7,18.7,0.0,0.25,12.3,28.7,29,28,16.1,14.6,83.4,Alto,1,6.0,4.5,5.5,11,PED-00673,2025-07-27,2025-08-18,CLI-093,Retail,Canadá,Spot,1157,1157,0.227,5,Alta,21,0,11180,9216,100.0,8059,Bajo,Alto,113.47,74.2,0.235,0.169
2025-04-21,FIN-04-L023,FIN-04,Rosa,Explorer,Invernadero,2025-01-18,93,1.0,71944,105,Goteo,Suelo,Vegetativo,6500,85000,0.88,17.5,23.1,11.2,65.1,16.4,0.0,0.67,12.3,42.7,38,14,14.0,6.8,81.9,Medio,1,16.1,18.8,12.0,6,PED-00674,2025-04-14,2025-04-25,CLI-094,Exportador,Estados Unidos,Preventa,10530,2790,0.416,0,Media,7,0,4680,2910,26.5,-7620,Alto,Bajo,651.96,24.5,0.24,0.247
2025-05-01,FIN-01-L034,FIN-01,Rosa,Freedom,Invernadero,2025-01-19,102,0.53,57986,105,Goteo,Cascarilla,Reposo,3445,85000,0.88,19.0,27.2,13.3,66.7,20.9,1.0,0.7,12.2,38.5,26,12,5.9,6.3,81.4,Alto,1,0.4,7.6,5.1,6,PED-00675,2025-04-17,2025-05-03,CLI-046,Supermercado,Estados Unidos,Preventa,9224,4704,0.557,5,Media,14,0,5429,4521,51.0,-4703,Alto,Bajo,1720.56,77.7,0.295,0.035
2025-06-11,FIN-04-L053,FIN-04,Rosa,Vendela,Campo abierto,2025-03-03,100,0.78,74867,105,Goteo,Coco,Cosecha,5070,85000,0.88,9.3,14.8,3.7,76.0,12.7,0.0,0.25,12.0,57.9,36,12,8.7,9.5,79.5,Medio,1,9.7,1.7,5.3,2,PED-00676,2025-06-04,2025-06-16,CLI-067,Mayorista,Estados Unidos,Preventa,4537,2027,0.36,10,Alta,7,0,2798,2298,44.7,-2239,Alto,Bajo,250.77,72.6,0.21,0.085
2025-09-26,FIN-02-L006,FIN-02,Clavel,Nelson,Invernadero,2025-07-02,86,1.42,82763,90,Goteo,Coco,Cosecha,9230,105000,0.88,15.0,20.5,10.8,89.8,10.7,0.0,0.25,11.8,76.1,29,35,19.3,13.1,87.2,Medio,1,22.4,8.7,12.5,15,PED-00677,2025-09-12,2025-09-30,CLI-074,Retail,Canadá,Preventa,1432,1432,0.312,0,Media,14,0,6381,4263,100.0,2831,Bajo,Alto,272.01,31.1,0.18,0.121
2025-12-30,FIN-02-L060,FIN-02,Rosa,Explorer,Invernadero,2025-09-16,105,1.73,65992,105,Goteo,Cascarilla,Vegetativo,11245,85000,0.88,17.1,21.7,11.4,51.8,20.7,1.0,0.91,11.7,24.8,24,32,24.5,15.7,95.0,Alto,1,13.5,7.1,8.8,14,PED-00678,2025-12-23,2026-01-01,CLI-085,Supermercado,Países Bajos,Contrato,5251,5251,0.556,2,Media,7,0,18239,13806,100.0,8555,Bajo,Alto,1893.43,55.7,0.104,0.013
2025-01-26,FIN-03-L004,FIN-03,Rosa,Explorer,Invernadero,2024-10-28,90,0.46,64478,105,Microaspersión,Coco,Cosecha,2990,85000,0.88,18.7,23.8,11.8,77.1,20.7,0.0,0.47,12.2,45.9,36,8,5.8,4.2,91.9,Medio,0,10.0,8.7,10.4,3,PED-00679,2024-12-27,2025-01-31,CLI-104,Retail,Chile,Preventa,908,908,0.526,10,Alta,30,0,3619,2734,100.0,1826,Bajo,Alto,254.93,54.1,0.31,-0.027
2025-05-10,FIN-04-L044,FIN-04,Rosa,Mondial,Invernadero,2025-02-19,80,1.33,61701,105,Goteo,Cascarilla,Botón,8645,85000,0.88,18.6,26.2,14.2,71.5,22.3,0.0,0.58,12.9,29.6,29,25,18.4,7.7,91.2,Alto,1,22.9,2.0,9.4,14,PED-00680,2025-05-03,2025-05-12,CLI-002,Supermercado,Estados Unidos,Contrato,8451,5525,0.495,0,Media,7,0,9187,6754,65.4,-1697,Alto,Bajo,1724.98,48.0,0.24,0.055
2025-05-12,FIN-01-L018,FIN-01,Clavel,Dover,Invernadero,2025-01-14,118,0.29,79783,90,Microaspersión,Suelo,Cosecha,1884,105000,0.88,13.0,18.8,6.2,63.7,11.7,0.0,0.52,12.0,81.4,25,5,3.4,2.4,79.9,Medio,1,1.5,13.5,7.4,16,PED-00681,2025-03-28,2025-05-17,CLI-020,Mayorista,Estados Unidos,Preventa,6748,1004,0.268,5,Alta,45,0,1204,925,14.9,-5823,Alto,Bajo,133.1,62.1,0.45,-0.083
2025-06-19,FIN-02-L048,FIN-02,Rosa,Explorer,Invernadero,2025-03-22,89,1.04,63991,105,Goteo,Coco,Cosecha,6760,85000,0.88,18.1,25.6,11.9,58.3,21.6,2.0,0.83,12.5,25.3,32,19,9.7,8.9,80.9,Medio,1,15.9,30.0,16.0,12,PED-00682,2025-06-05,2025-06-22,CLI-001,Supermercado,Chile,Preventa,4055,2419,0.396,2,Media,14,0,5099,2804,59.7,-1251,Alto,Bajo,440.88,0.0,0.304,0.068
2025-01-29,FIN-04-L005,FIN-04,Rosa,Freedom,Campo abierto,2024-10-20,101,0.66,63398,105,Microaspersión,Suelo,Cosecha,4290,85000,0.88,14.8,19.0,10.5,73.5,13.4,1.0,0.43,11.8,61.2,31,13,8.6,7.0,64.0,Medio,1,10.8,24.4,12.1,3,PED-00683,2024-12-30,2025-02-03,CLI-082,Mayorista,Colombia,Spot,4761,1327,0.404,5,Alta,30,0,2460,1452,27.9,-3309,Alto,Bajo,278.02,18.9,0.45,0.158
2025-12-06,FIN-04-L047,FIN-04,Gypsophila,Million Star,Invernadero,2025-10-20,47,1.07,97729,75,Goteo,Suelo,Vegetativo,6955,78000,0.88,13.9,21.7,7.9,62.8,19.4,1.9,0.57,11.8,31.1,23,20,10.4,10.7,83.3,Medio,1,35.0,10.0,16.3,10,PED-00684,2025-10-22,2025-12-10,CLI-117,Supermercado,Estados Unidos,Spot,3276,1569,0.235,0,Baja,45,0,2851,1605,47.9,-1671,Alto,Bajo,223.72,2.6,0.45,0.092
2025-08-15,FIN-03-L006,FIN-03,Rosa,Freedom,Invernadero,2025-06-23,53,1.21,52803,105,Microaspersión,Coco,Cosecha,7865,85000,0.88,20.1,26.1,15.7,58.6,9.4,0.1,0.92,12.3,77.2,30,21,18.2,12.8,70.3,Medio,1,6.0,9.2,7.3,8,PED-00685,2025-08-01,2025-08-17,CLI-090,Exportador,España,Contrato,11202,1559,0.471,10,Media,14,0,2346,1798,13.9,-9404,Alto,Bajo,339.48,60.0,0.28,-0.033
2025-12-27,FIN-04-L034,FIN-04,Gypsophila,Million Star,Invernadero,2025-10-16,72,1.63,106914,75,Microaspersión,Cascarilla,Cosecha,10595,78000,0.88,15.2,21.9,10.5,82.1,16.2,0.0,0.3,12.0,32.0,27,35,19.9,12.1,81.9,Medio,1,23.9,7.0,11.9,1,PED-00686,2025-11-27,2025-12-30,CLI-003,Mayorista,Canadá,Spot,4984,4984,0.19,0,Media,30,1,10007,6703,100.0,1719,Bajo,Medio,496.7,31.5,0.34,0.18
2025-12-28,FIN-03-L004,FIN-03,Rosa,Vendela,Campo abierto,2025-09-15,104,0.24,64723,105,Goteo,Coco,Cosecha,1560,85000,0.88,19.6,28.3,14.6,77.3,16.4,0.4,0.49,11.5,56.3,31,4,3.0,1.1,90.4,Medio,1,14.8,2.0,7.1,3,PED-00687,2025-12-21,2025-12-30,CLI-049,Mayorista,Estados Unidos,Contrato,9492,1364,0.605,0,Media,7,0,1662,1316,14.4,-8176,Alto,Bajo,596.92,64.0,0.24,0.079
2025-09-09,FIN-04-L046,FIN-04,Clavel,Bizet,Invernadero,2025-06-17,84,1.15,78097,90,Microaspersión,Coco,Botón,7474,105000,0.88,18.8,24.0,12.9,69.3,16.6,3.3,0.63,11.6,45.7,39,21,16.4,11.9,98.9,Alto,1,14.3,4.8,8.1,3,PED-00688,2025-09-02,2025-09-12,CLI-063,Exportador,Colombia,Contrato,8787,7844,0.319,0,Media,7,0,9812,7626,89.3,-1161,Medio,Bajo,1584.1,60.5,0.11,-0.143
2025-07-14,FIN-04-L022,FIN-04,Gypsophila,Million Star,Invernadero,2025-04-05,100,0.76,96301,75,Microaspersión,Coco,Botón,4940,78000,0.88,19.1,24.9,14.9,85.3,13.6,3.0,0.31,11.5,68.5,40,17,10.4,7.7,95.5,Medio,0,11.1,30.0,14.2,3,PED-00689,2025-06-14,2025-07-18,CLI-084,Supermercado,Colombia,Spot,2513,926,0.172,0,Media,30,1,1765,1000,36.8,-1513,Alto,Bajo,75.75,13.5,0.45,0.053
2025-08-25,FIN-01-L042,FIN-01,Rosa,Explorer,Invernadero,2025-05-12,105,0.99,66874,105,Microaspersión,Suelo,Vegetativo,6435,85000,0.88,14.9,19.6,9.3,66.0,14.3,0.0,0.56,12.0,50.2,33,25,6.5,8.5,74.5,Alto,0,7.1,12.3,8.0,12,PED-00690,2025-07-26,2025-08-30,CLI-031,Exportador,Canadá,Preventa,6718,4074,0.457,8,Media,30,0,6641,4891,60.6,-1827,Alto,Bajo,1030.87,53.4,0.446,0.13
2025-11-15,FIN-04-L056,FIN-04,Gypsophila,Xlence,Invernadero,2025-08-21,86,0.82,98925,75,Microaspersión,Coco,Vegetativo,5330,78000,0.88,15.9,21.0,9.4,91.6,11.0,0.0,0.25,11.7,75.2,27,12,7.3,8.1,74.5,Medio,0,34.1,30.0,19.8,12,PED-00691,2025-10-25,2025-11-20,CLI-035,Exportador,Canadá,Preventa,8203,450,0.157,5,Media,21,0,1059,582,5.5,-7621,Alto,Bajo,24.21,0.0,0.365,-0.04
2025-09-23,FIN-03-L032,FIN-03,Clavel,Nelson,Invernadero,2025-06-27,88,0.6,76401,90,Microaspersión,Coco,Cosecha,3900,105000,0.88,17.6,21.7,13.6,66.1,15.3,0.9,0.66,12.0,62.6,25,12,7.6,5.7,97.5,Medio,1,9.9,2.1,6.5,14,PED-00692,2025-09-09,2025-09-28,CLI-042,Mayorista,Estados Unidos,Preventa,5133,3900,0.267,2,Baja,14,0,6132,5091,76.0,-42,Medio,Bajo,610.53,73.7,0.214,-0.226
2025-09-03,FIN-02-L013,FIN-02,Clavel,Bizet,Invernadero,2025-06-09,86,0.33,84717,90,Goteo,Suelo,Botón,2145,105000,0.88,15.6,22.4,10.6,67.0,12.0,7.0,0.57,12.7,44.1,36,5,3.2,4.1,92.8,Alto,0,1.1,30.0,14.1,12,PED-00693,2025-08-27,2025-09-08,CLI-023,Retail,Chile,Marketplace,1856,836,0.276,0,Media,7,1,1766,1103,45.0,-753,Alto,Bajo,139.39,27.0,0.24,-0.047
2025-09-06,FIN-03-L047,FIN-03,Clavel,Nelson,Invernadero,2025-05-08,121,0.85,78645,90,Goteo,Cascarilla,Reposo,5525,105000,0.88,20.0,28.5,15.5,94.6,14.4,3.7,0.25,11.7,74.5,28,21,9.9,6.5,92.5,Alto,1,17.4,4.7,9.1,1,PED-00694,2025-08-16,2025-09-07,CLI-104,Exportador,Canadá,Contrato,7403,2063,0.22,5,Alta,21,0,3586,2686,27.9,-4717,Alto,Bajo,181.08,52.6,0.365,-0.025
2025-05-09,FIN-03-L009,FIN-03,Rosa,Mondial,Invernadero,2025-02-25,73,1.38,62922,105,Goteo,Coco,Vegetativo,8970,85000,0.88,15.5,20.0,9.6,73.8,15.3,2.1,0.45,12.0,67.5,29,25,17.8,12.0,86.5,Bajo,0,9.5,30.0,14.1,9,PED-00695,2025-04-25,2025-05-12,CLI-013,Mayorista,Estados Unidos,Preventa,12949,2236,0.497,12,Media,14,0,3842,2182,17.3,-10767,Alto,Bajo,595.58,13.7,0.274,0.109
2025-04-29,FIN-02-L049,FIN-02,Rosa,Freedom,Invernadero,2025-02-01,87,0.28,57982,105,Goteo,Cascarilla,Botón,1820,85000,0.88,16.3,21.8,11.9,60.5,13.2,0.0,0.71,11.9,70.3,27,4,3.5,2.0,95.4,Medio,1,9.2,7.4,9.5,9,PED-00696,2025-04-08,2025-05-01,CLI-079,Supermercado,Países Bajos,Contrato,4533,1092,0.535,0,Media,21,0,1539,1197,24.1,-3336,Alto,Bajo,359.65,59.9,0.38,0.03
2025-02-19,FIN-03-L028,FIN-03,Gypsophila,Xlence,Invernadero,2024-12-09,72,1.47,88340,75,Microaspersión,Coco,Vegetativo,9555,78000,0.88,18.3,26.9,13.5,90.6,11.4,0.3,0.25,12.3,52.7,42,21,17.8,15.4,76.8,Alto,1,8.3,24.5,14.5,0,PED-00697,2025-02-12,2025-02-20,CLI-105,Exportador,España,Contrato,3320,2462,0.23,0,Alta,7,0,4208,2558,74.2,-762,Alto,Bajo,315.69,20.4,0.24,0.072
2025-12-04,FIN-01-L012,FIN-01,Rosa,Mondial,Invernadero,2025-08-15,111,0.25,76628,105,Goteo,Cascarilla,Cosecha,1625,85000,0.88,12.3,19.8,5.3,63.8,15.4,0.0,0.49,12.2,42.7,14,4,2.7,2.0,64.9,Medio,0,15.4,4.3,10.1,2,PED-00698,2025-11-13,2025-12-05,CLI-092,Exportador,España,Preventa,16747,865,0.598,5,Media,21,1,1294,948,5.2,-15799,Alto,Bajo,326.02,47.0,0.365,-0.012
2025-03-09,FIN-02-L016,FIN-02,Clavel,Bizet,Invernadero,2024-12-04,95,1.01,82347,90,Microaspersión,Suelo,Vegetativo,6565,105000,0.88,14.7,21.4,8.4,66.6,13.7,0.0,0.54,11.6,55.9,22,27,12.1,6.9,78.2,Medio,1,6.7,27.1,14.0,0,PED-00699,2025-02-23,2025-03-10,CLI-036,Exportador,Estados Unidos,Marketplace,8622,2575,0.264,2,Media,14,0,5016,3010,29.9,-5612,Alto,Bajo,350.76,20.1,0.304,0.096
2025-12-15,FIN-01-L044,FIN-01,Clavel,Nelson,Invernadero,2025-09-22,84,0.53,88689,90,Goteo,Coco,Vegetativo,3445,105000,0.88,19.1,24.4,15.1,83.5,7.4,0.0,0.35,12.5,72.4,37,10,3.8,3.9,85.1,Alto,0,8.5,1.2,6.6,11,PED-00700,2025-11-15,2025-12-17,CLI-004,Exportador,Estados Unidos,Preventa,12321,1968,0.244,10,Baja,30,0,2130,1774,16.0,-10547,Alto,Bajo,234.85,73.7,0.45,0.072
2025-03-21,FIN-04-L020,FIN-04,Clavel,Bizet,Campo abierto,2025-01-18,62,0.74,82670,90,Goteo,Coco,Vegetativo,4810,105000,0.88,14.0,22.8,7.1,69.4,12.5,3.4,0.47,11.7,69.0,31,13,8.9,8.5,100.0,Medio,1,7.7,1.7,8.1,9,PED-00701,2025-03-14,2025-03-25,CLI-035,Retail,Estados Unidos,Preventa,1076,1076,0.256,5,Media,7,1,3782,3187,100.0,2111,Bajo,Alto,147.46,74.7,0.095,0.106
2025-07-20,FIN-01-L054,FIN-01,Rosa,Freedom,Invernadero,2025-05-12,69,0.8,66771,105,Microaspersión,Suelo,Reposo,5200,85000,0.88,18.4,27.0,13.3,78.3,16.7,2.2,0.44,12.2,56.1,26,15,9.0,7.5,81.8,Alto,0,6.0,14.0,10.3,2,PED-00702,2025-06-29,2025-07-22,CLI-083,Exportador,Países Bajos,Preventa,7402,3318,0.439,8,Baja,21,0,4074,2964,44.8,-4438,Alto,Bajo,726.75,49.4,0.396,-0.037
2025-06-28,FIN-01-L036,FIN-01,Rosa,Explorer,Campo abierto,2025-03-31,89,1.71,55712,105,Goteo,Suelo,Botón,11115,85000,0.88,19.3,27.3,14.9,63.5,15.0,0.0,0.77,11.9,49.0,42,28,20.9,16.1,77.5,Alto,1,22.9,5.1,8.8,12,PED-00703,2025-06-07,2025-07-01,CLI-019,Broker,Canadá,Contrato,6629,6273,0.419,0,Media,21,0,8532,5964,94.6,-665,Medio,Bajo,1595.98,41.2,0.25,0.061
2025-06-30,FIN-01-L051,FIN-01,Clavel,Nelson,Campo abierto,2025-02-24,126,1.72,81580,90,Goteo,Coco,Vegetativo,11180,105000,0.88,14.9,21.5,10.6,61.9,14.2,2.8,0.62,12.7,54.2,27,31,21.9,23.0,93.5,Medio,0,25.7,1.9,11.6,12,PED-00704,2025-05-31,2025-07-01,CLI-040,Supermercado,Colombia,Preventa,2712,2712,0.285,10,Media,30,0,6929,4938,100.0,2226,Bajo,Alto,389.36,40.2,0.31,0.094
2025-07-22,FIN-02-L024,FIN-02,Rosa,Mondial,Invernadero,2025-03-24,120,1.25,70636,105,Microaspersión,Coco,Vegetativo,8125,85000,0.88,16.8,22.7,12.4,63.7,18.5,0.0,0.67,11.7,31.0,27,22,15.8,9.8,100.0,Medio,1,23.0,10.7,11.9,6,PED-00705,2025-07-08,2025-07-23,CLI-120,Mayorista,Países Bajos,Contrato,4959,4928,0.385,5,Alta,14,1,8669,5754,99.4,795,Bajo,Medio,997.63,31.8,0.165,0.001
2025-10-15,FIN-01-L022,FIN-01,Rosa,Mondial,Invernadero,2025-08-02,74,0.81,62640,105,Microaspersión,Coco,Cosecha,5265,85000,0.88,14.6,19.8,9.8,71.1,15.6,0.0,0.46,12.4,40.9,26,14,8.0,6.5,88.1,Alto,0,3.0,17.5,8.2,10,PED-00706,2025-09-15,2025-10-18,CLI-105,Mayorista,Países Bajos,Preventa,7548,2443,0.386,0,Baja,30,1,3656,2677,32.4,-4871,Alto,Bajo,505.35,54.4,0.45,-0.096
2025-07-31,FIN-02-L020,FIN-02,Gypsophila,New Love,Invernadero,2025-05-04,88,0.69,91075,75,Goteo,Cascarilla,Botón,4485,78000,0.88,13.6,19.0,8.9,74.9,17.6,8.7,0.38,11.8,47.1,22,11,9.2,8.1,89.4,Medio,1,1.9,20.5,10.1,5,PED-00707,2025-07-17,2025-08-01,CLI-028,Exportador,Canadá,Contrato,8615,1813,0.197,8,Media,14,0,3287,2329,21.0,-6286,Alto,Bajo,157.45,47.7,0.286,-0.098
2025-10-27,FIN-02-L060,FIN-02,Clavel,Nelson,Invernadero,2025-08-16,72,1.44,89431,90,Microaspersión,Cascarilla,Reposo,9360,105000,0.88,16.4,24.3,12.1,67.6,19.7,4.6,0.58,12.4,51.4,16,30,19.4,13.5,82.6,Medio,1,12.3,26.3,16.6,2,PED-00708,2025-10-06,2025-10-28,CLI-099,Retail,Estados Unidos,Preventa,1017,1017,0.293,2,Baja,21,0,7641,4332,100.0,3315,Bajo,Alto,181.13,9.1,0.284,0.055
2025-06-22,FIN-01-L005,FIN-01,Rosa,Vendela,Invernadero,2025-02-12,130,1.15,76851,105,Microaspersión,Cascarilla,Vegetativo,7474,85000,0.88,15.8,24.6,9.0,73.8,16.6,6.9,0.46,12.3,50.3,36,28,12.6,7.7,97.3,Medio,0,20.0,5.3,11.1,6,PED-00709,2025-06-08,2025-06-27,CLI-065,Supermercado,Países Bajos,Contrato,3443,3443,0.498,12,Media,14,0,6001,4353,100.0,910,Bajo,Medio,936.49,45.1,0.144,-0.066
2025-11-23,FIN-03-L025,FIN-03,Rosa,Explorer,Invernadero,2025-07-28,118,1.14,58881,105,Goteo,Coco,Vegetativo,7409,85000,0.88,17.4,23.2,11.4,78.3,19.8,0.7,0.42,12.4,37.8,34,21,16.2,12.3,100.0,Alto,1,12.6,7.4,11.2,7,PED-00710,2025-11-02,2025-11-25,CLI-051,Broker,Chile,Spot,9003,6145,0.54,5,Media,21,1,9665,7300,68.3,-1703,Alto,Bajo,2154.19,52.7,0.365,-0.133
2025-08-23,FIN-03-L056,FIN-03,Rosa,Vendela,Invernadero,2025-05-03,112,0.26,61389,105,Goteo,Coco,Vegetativo,1690,85000,0.88,16.6,20.7,11.3,68.3,12.0,0.0,0.58,12.1,67.0,40,5,3.4,3.0,83.3,Medio,1,28.5,1.9,11.7,0,PED-00711,2025-08-09,2025-08-27,CLI-047,Exportador,Estados Unidos,Preventa,9286,845,0.408,0,Media,14,1,1364,934,9.1,-8352,Alto,Bajo,170.73,33.5,0.31,0.097
2025-09-05,FIN-02-L034,FIN-02,Rosa,Vendela,Invernadero,2025-05-15,113,0.25,68737,105,Goteo,Coco,Botón,1625,85000,0.88,16.8,24.7,11.4,83.1,14.7,2.7,0.31,12.6,50.4,17,5,3.5,1.9,80.0,Medio,0,17.5,9.3,10.9,8,PED-00712,2025-08-22,2025-09-09,CLI-074,Mayorista,Estados Unidos,Spot,4030,1156,0.42,2,Alta,14,0,1513,1046,28.7,-2984,Alto,Bajo,256.94,38.7,0.304,-0.01
2025-10-21,FIN-03-L002,FIN-03,Gypsophila,Million Star,Invernadero,2025-08-01,81,0.72,109792,75,Microaspersión,Suelo,Vegetativo,4680,78000,0.88,15.6,21.4,10.2,79.9,17.4,0.0,0.34,11.6,52.2,31,14,5.4,7.2,89.4,Medio,1,19.5,24.7,14.3,6,PED-00713,2025-09-21,2025-10-23,CLI-048,Exportador,Países Bajos,Spot,8366,1324,0.206,8,Alta,30,1,2713,1499,15.8,-6867,Alto,Bajo,124.02,8.0,0.446,0.069
2025-11-18,FIN-01-L025,FIN-01,Rosa,Vendela,Invernadero,2025-08-02,108,0.92,62054,105,Microaspersión,Coco,Cosecha,5980,85000,0.88,16.6,24.0,9.9,74.7,20.5,0.3,0.46,12.4,29.9,30,20,8.1,9.5,84.9,Alto,1,29.8,13.2,12.7,16,PED-00714,2025-10-19,2025-11-19,CLI-094,Retail,Estados Unidos,Preventa,1835,1835,0.487,8,Media,30,0,5617,3284,100.0,1449,Bajo,Alto,516.17,13.0,0.316,0.128
2025-11-03,FIN-02-L046,FIN-02,Rosa,Freedom,Invernadero,2025-06-07,149,1.65,69411,105,Goteo,Suelo,Cosecha,10725,85000,0.88,16.4,24.3,11.5,70.7,23.6,0.4,0.53,12.4,16.6,29,34,13.9,10.7,90.5,Bajo,1,10.8,11.1,10.9,13,PED-00715,2025-10-04,2025-11-04,CLI-025,Exportador,Estados Unidos,Spot,8887,6471,0.414,0,Media,30,0,9597,6989,72.8,-1898,Alto,Bajo,1528.02,48.0,0.45,0.185
2025-08-06,FIN-04-L044,FIN-04,Clavel,Nelson,Invernadero,2025-05-26,72,1.66,83578,90,Microaspersión,Cascarilla,Botón,10790,105000,0.88,15.9,21.3,11.4,78.5,15.9,3.4,0.38,11.5,34.8,37,40,20.3,12.4,81.2,Medio,1,8.4,17.4,10.3,13,PED-00716,2025-07-07,2025-08-07,CLI-062,Exportador,Países Bajos,Contrato,7405,6324,0.245,5,Alta,30,0,10210,6997,85.4,-408,Medio,Bajo,808.91,40.8,0.325,0.036
2025-07-29,FIN-02-L038,FIN-02,Rosa,Explorer,Invernadero,2025-03-03,148,1.54,60944,105,Microaspersión,Cascarilla,Vegetativo,10010,85000,0.88,15.8,22.2,9.3,70.6,19.1,0.0,0.51,12.2,30.1,30,26,17.5,10.7,80.5,Medio,0,12.9,8.7,7.7,17,PED-00717,2025-07-08,2025-08-02,CLI-085,Supermercado,Estados Unidos,Contrato,4277,4277,0.507,12,Alta,21,0,8271,6101,100.0,1824,Bajo,Alto,1176.85,52.8,0.214,-0.035
2025-02-12,FIN-01-L018,FIN-01,Rosa,Freedom,Invernadero,2024-10-09,126,1.38,61294,105,Microaspersión,Coco,Vegetativo,8970,85000,0.88,15.9,24.3,9.2,60.3,18.2,0.5,0.69,12.0,40.5,35,22,18.6,7.7,86.2,Alto,0,18.2,4.0,8.3,0,PED-00718,2025-01-29,2025-02-13,CLI-077,Retail,España,Preventa,3103,3103,0.465,0,Baja,14,0,9003,6723,100.0,3620,Bajo,Alto,852.55,52.6,0.22,-0.156
2025-11-16,FIN-03-L006,FIN-03,Rosa,Vendela,Invernadero,2025-08-14,94,0.48,56090,105,Goteo,Cascarilla,Cosecha,3120,85000,0.88,15.7,24.0,11.4,66.6,19.6,1.6,0.58,12.3,29.4,25,8,4.9,5.5,79.6,Bajo,0,7.1,30.0,13.0,2,PED-00719,2025-11-02,2025-11-19,CLI-066,Broker,Estados Unidos,Contrato,5447,1273,0.436,0,Alta,14,0,2539,1472,23.4,-3975,Alto,Bajo,326.65,17.7,0.31,-0.097
2025-10-28,FIN-02-L033,FIN-02,Rosa,Explorer,Invernadero,2025-07-28,92,0.66,72958,105,Goteo,Suelo,Vegetativo,4290,85000,0.88,13.7,18.3,8.5,72.8,16.3,0.0,0.41,12.4,47.8,15,17,7.9,6.7,84.2,Medio,0,18.6,0.1,8.0,12,PED-00720,2025-10-21,2025-10-31,CLI-032,Mayorista,Colombia,Preventa,3763,3103,0.465,0,Media,7,1,3764,2916,82.5,-847,Alto,Bajo,892.55,58.1,0.24,0.109
2025-12-07,FIN-04-L044,FIN-04,Rosa,Freedom,Invernadero,2025-08-20,109,0.65,71022,105,Goteo,Cascarilla,Cosecha,4225,85000,0.88,22.0,28.7,17.2,71.0,16.6,9.1,0.7,12.2,41.4,33,8,7.2,2.9,79.2,Medio,1,9.2,8.5,7.9,11,PED-00721,2025-11-16,2025-12-10,CLI-010,Retail,Colombia,Contrato,2697,2697,0.502,2,Alta,21,0,3496,2654,100.0,-43,Medio,Bajo,875.65,57.6,0.244,-0.103
2025-10-20,FIN-02-L047,FIN-02,Clavel,Bizet,Invernadero,2025-07-25,87,0.62,81720,90,Goteo,Suelo,Botón,4030,105000,0.88,15.4,20.0,9.0,74.8,14.8,0.6,0.43,11.8,57.2,45,12,6.1,6.4,79.9,Medio,0,32.2,13.0,12.3,2,PED-00722,2025-09-20,2025-10-24,CLI-018,Mayorista,España,Preventa,3386,2109,0.317,8,Baja,30,0,3437,1953,62.3,-1433,Alto,Bajo,401.27,9.6,0.45,0.078
2025-03-09,FIN-01-L011,FIN-01,Clavel,Bizet,Campo abierto,2024-11-25,104,1.39,73904,90,Goteo,Suelo,Cosecha,9035,105000,0.88,12.7,16.8,7.4,74.5,12.6,0.0,0.36,12.2,55.4,29,28,19.1,11.7,67.7,Bajo,0,1.6,7.6,7.1,0,PED-00723,2025-02-23,2025-03-11,CLI-074,Broker,Colombia,Preventa,3968,3968,0.245,12,Alta,14,0,7148,5746,100.0,1778,Bajo,Alto,356.98,68.4,0.144,-0.006
2025-08-02,FIN-03-L004,FIN-03,Clavel,Bizet,Campo abierto,2025-04-19,105,1.18,76434,90,Microaspersión,Cascarilla,Botón,7670,105000,0.88,14.2,22.8,9.2,69.3,19.8,0.9,0.48,11.4,36.0,34,26,13.0,8.7,78.9,Bajo,0,35.0,0.8,11.6,17,PED-00724,2025-07-12,2025-08-04,CLI-115,Mayorista,Colombia,Preventa,3961,3796,0.266,2,Media,21,1,6199,4036,95.8,75,Bajo,Bajo,588.03,25.2,0.244,0.141
2025-06-28,FIN-04-L043,FIN-04,Clavel,Bizet,Invernadero,2025-04-30,59,0.79,87658,90,Microaspersión,Cascarilla,Cosecha,5135,105000,0.88,18.9,26.4,13.2,81.1,16.1,2.2,0.39,11.5,43.3,28,15,8.5,4.4,81.0,Alto,1,9.4,0.9,6.6,4,PED-00725,2025-05-29,2025-07-03,CLI-056,Mayorista,Colombia,Preventa,3700,3700,0.217,10,Media,30,1,5900,4873,100.0,1173,Bajo,Medio,317.94,71.9,0.31,-0.037
2025-11-02,FIN-02-L005,FIN-02,Clavel,Bizet,Campo abierto,2025-08-27,67,1.61,75714,90,Microaspersión,Cascarilla,Cosecha,10465,105000,0.88,16.1,21.7,11.4,77.8,17.1,2.4,0.39,12.3,35.8,26,30,19.8,8.7,73.4,Medio,1,8.8,30.0,15.7,12,PED-00726,2025-10-12,2025-11-07,CLI-029,Retail,Países Bajos,Spot,1063,1063,0.287,0,Baja,21,0,7765,4292,100.0,3229,Bajo,Alto,170.79,8.1,0.29,-0.263
2025-03-20,FIN-01-L023,FIN-01,Rosa,Freedom,Campo abierto,2024-11-16,124,1.13,75680,105,Goteo,Coco,Reposo,7344,85000,0.88,12.5,16.6,5.8,84.1,16.3,0.0,0.25,11.7,36.8,21,19,11.5,10.7,73.2,Medio,1,14.3,9.5,11.0,0,PED-00727,2025-03-06,2025-03-22,CLI-074,Supermercado,Estados Unidos,Preventa,4635,4266,0.458,10,Media,14,0,5621,3948,92.0,-687,Medio,Bajo,1031.14,40.9,0.15,-0.055
2025-07-21,FIN-01-L032,FIN-01,Rosa,Explorer,Invernadero,2025-03-27,116,1.39,62964,105,Microaspersión,Cascarilla,Botón,9035,85000,0.88,15.2,20.7,9.4,84.5,21.3,7.9,0.26,12.6,14.8,21,27,19.4,18.9,86.6,Medio,1,4.8,8.4,10.1,8,PED-00728,2025-06-06,2025-07-26,CLI-119,Supermercado,Estados Unidos,Spot,4508,4508,0.431,5,Media,45,0,14087,11061,100.0,6553,Bajo,Alto,1065.39,61.1,0.45,0.031
2025-09-10,FIN-03-L019,FIN-03,Gypsophila,New Love,Campo abierto,2025-06-19,83,0.23,108080,75,Microaspersión,Cascarilla,Botón,1495,78000,0.88,17.1,24.1,12.7,62.4,21.8,0.0,0.71,12.0,47.4,35,4,2.5,2.5,100.0,Bajo,1,7.7,8.7,9.8,0,PED-00729,2025-08-20,2025-09-13,CLI-048,Exportador,Estados Unidos,Preventa,4448,1127,0.191,10,Baja,21,0,1763,1375,25.3,-3073,Alto,Bajo,88.49,60.6,0.39,-0.043
2025-06-01,FIN-04-L057,FIN-04,Rosa,Explorer,Invernadero,2025-02-16,105,1.24,71655,105,Goteo,Cascarilla,Cosecha,8060,85000,0.88,16.1,22.5,9.2,72.1,16.1,0.5,0.49,11.9,49.6,23,27,14.7,6.5,77.7,Medio,1,7.3,0.1,6.7,1,PED-00730,2025-05-18,2025-06-06,CLI-012,Mayorista,España,Spot,5260,5260,0.527,10,Media,14,0,13205,11109,100.0,5849,Bajo,Alto,1505.18,75.0,0.15,-0.024
2025-09-08,FIN-03-L007,FIN-03,Rosa,Vendela,Invernadero,2025-06-09,91,0.24,59750,105,Goteo,Coco,Cosecha,1560,85000,0.88,11.9,17.5,5.4,91.4,12.4,0.8,0.25,11.9,55.1,8,4,3.3,1.0,82.3,Medio,1,13.0,18.8,10.8,11,PED-00731,2025-09-01,2025-09-13,CLI-112,Exportador,Canadá,Contrato,7958,505,0.515,5,Media,7,0,714,461,6.3,-7497,Alto,Bajo,152.03,31.5,0.225,-0.016
2025-08-28,FIN-03-L055,FIN-03,Rosa,Explorer,Invernadero,2025-04-29,121,0.51,68857,105,Goteo,Suelo,Botón,3315,85000,0.88,13.1,21.1,8.9,65.2,10.5,1.1,0.5,11.6,68.2,14,8,4.8,4.9,70.7,Medio,0,12.1,22.4,13.1,15,PED-00732,2025-08-21,2025-08-30,CLI-032,Exportador,Chile,Preventa,5852,697,0.537,8,Baja,7,0,1376,827,11.9,-5025,Alto,Bajo,223.71,19.6,0.256,-0.005
2025-07-30,FIN-03-L018,FIN-03,Rosa,Mondial,Invernadero,2025-04-16,105,0.88,71876,105,Goteo,Cascarilla,Reposo,5720,85000,0.88,16.6,22.1,11.9,77.7,8.5,0.4,0.41,12.1,85.4,22,18,10.4,10.7,97.4,Bajo,1,1.2,4.3,4.8,7,PED-00733,2025-06-15,2025-08-03,CLI-052,Supermercado,España,Preventa,3748,3103,0.365,2,Alta,45,1,4129,3598,82.8,-150,Medio,Bajo,594.14,86.1,0.45,-0.016
2025-02-06,FIN-02-L021,FIN-02,Rosa,Explorer,Invernadero,2024-11-05,93,0.77,63981,105,Goteo,Suelo,Cosecha,5005,85000,0.88,13.4,21.5,7.1,62.6,16.4,0.0,0.55,12.4,37.2,31,17,8.0,4.8,87.6,Medio,1,25.0,2.3,10.2,9,PED-00734,2025-01-30,2025-02-08,CLI-107,Retail,Estados Unidos,Contrato,3990,2595,0.404,0,Media,7,0,3904,2785,65.0,-1205,Alto,Bajo,611.52,42.0,0.24,-0.014
2025-01-11,FIN-01-L003,FIN-01,Rosa,Freedom,Campo abierto,2024-09-09,124,1.56,68342,105,Microaspersión,Suelo,Cosecha,10140,85000,0.88,15.1,19.9,8.7,59.4,19.1,2.5,0.67,11.9,42.2,29,26,17.9,7.7,82.5,Medio,0,21.3,5.4,10.0,17,PED-00735,2024-12-12,2025-01-14,CLI-059,Broker,Colombia,Spot,3281,3281,0.432,0,Media,30,1,10748,7593,100.0,4312,Bajo,Alto,810.88,41.7,0.34,0.011
2025-01-07,FIN-02-L021,FIN-02,Rosa,Vendela,Invernadero,2024-10-15,84,0.87,66088,105,Microaspersión,Cascarilla,Botón,5655,85000,0.88,14.2,18.9,7.7,67.9,12.4,0.7,0.5,12.0,70.1,34,17,10.6,5.9,82.6,Medio,1,10.5,6.0,7.6,15,PED-00736,2024-12-24,2025-01-10,CLI-085,Exportador,Países Bajos,Contrato,8278,3091,0.42,2,Media,14,0,3880,3011,37.3,-5267,Alto,Bajo,724.45,61.0,0.304,0.013
2025-10-04,FIN-03-L022,FIN-03,Gypsophila,Xlence,Invernadero,2025-07-27,69,0.45,105800,75,Microaspersión,Coco,Cosecha,2925,78000,0.88,17.9,24.3,12.6,61.6,14.1,8.6,0.76,12.2,61.9,35,8,7.4,4.3,68.2,Medio,1,6.7,12.7,9.9,15,PED-00737,2025-09-04,2025-10-05,CLI-098,Broker,Estados Unidos,Marketplace,300,300,0.234,2,Media,30,1,2266,1635,100.0,1335,Bajo,Alto,42.03,47.8,0.334,0.054
2025-03-21,FIN-01-L057,FIN-01,Rosa,Vendela,Invernadero,2024-12-14,97,1.29,65311,105,Goteo,Coco,Reposo,8385,85000,0.88,18.6,23.9,14.1,57.6,18.5,0.0,0.87,12.5,35.9,17,23,13.1,9.8,92.0,Alto,1,35.0,3.3,14.7,16,PED-00738,2025-02-28,2025-03-23,CLI-051,Retail,Estados Unidos,Contrato,2016,2016,0.47,0,Media,21,1,8421,5320,100.0,3304,Bajo,Alto,579.15,18.2,0.25,0.008
2025-05-17,FIN-01-L029,FIN-01,Rosa,Mondial,Invernadero,2025-02-06,100,0.37,60516,105,Goteo,Suelo,Botón,2405,85000,0.88,15.7,22.1,10.9,84.4,22.3,0.9,0.27,12.1,33.0,29,7,5.8,3.6,92.9,Medio,1,22.2,6.0,9.7,4,PED-00739,2025-05-03,2025-05-18,CLI-098,Retail,Colombia,Preventa,2261,2261,0.53,0,Media,14,0,3272,2316,100.0,55,Bajo,Bajo,793.34,42.8,0.18,-0.052
2025-01-27,FIN-03-L035,FIN-03,Clavel,Bizet,Invernadero,2024-10-28,91,1.45,91676,90,Goteo,Cascarilla,Botón,9425,105000,0.88,15.8,24.7,9.0,78.9,11.6,0.0,0.37,11.6,55.9,36,29,11.6,19.0,99.5,Medio,0,7.2,14.5,11.4,11,PED-00740,2024-12-28,2025-01-29,CLI-038,Retail,Canadá,Preventa,322,322,0.286,2,Alta,30,1,8666,6323,100.0,6001,Bajo,Alto,55.76,49.1,0.334,0.072
2025-05-31,FIN-04-L054,FIN-04,Rosa,Vendela,Invernadero,2025-01-26,125,0.89,54010,105,Microaspersión,Cascarilla,Cosecha,5785,85000,0.88,13.5,20.4,8.3,71.8,14.9,3.8,0.42,11.8,54.7,30,16,12.3,6.0,59.7,Alto,0,19.8,30.0,19.4,0,PED-00741,2025-05-01,2025-06-03,CLI-067,Mayorista,Países Bajos,Spot,5488,1028,0.397,0,Baja,30,1,2024,1113,18.7,-4375,Alto,Bajo,235.87,0.0,0.45,0.031
2025-04-23,FIN-02-L032,FIN-02,Rosa,Explorer,Invernadero,2025-01-14,99,0.57,70826,105,Goteo,Suelo,Reposo,3704,85000,0.88,15.8,20.3,11.0,73.5,20.4,0.0,0.46,12.3,45.1,28,11,6.2,5.1,80.2,Medio,1,9.9,4.8,6.7,8,PED-00742,2025-04-16,2025-04-26,CLI-109,Retail,Países Bajos,Contrato,1927,1927,0.472,2,Alta,7,0,5746,4542,100.0,2615,Bajo,Alto,555.25,64.9,0.104,-0.064
2025-04-09,FIN-02-L020,FIN-02,Clavel,Bizet,Invernadero,2024-12-20,110,0.97,82193,90,Goteo,Coco,Cosecha,6305,105000,0.88,15.4,24.0,10.3,71.5,9.4,0.0,0.48,11.7,65.0,38,19,14.5,6.3,95.8,Medio,1,7.3,29.9,14.0,1,PED-00743,2025-02-23,2025-04-13,CLI-077,Exportador,Países Bajos,Contrato,10556,1226,0.304,2,Media,45,1,2363,1398,11.6,-9158,Alto,Bajo,225.78,19.5,0.45,0.07
2025-05-16,FIN-02-L035,FIN-02,Clavel,Nelson,Invernadero,2025-02-11,94,1.69,71347,90,Microaspersión,Coco,Reposo,10985,105000,0.88,15.0,23.9,8.8,82.4,21.0,0.0,0.29,12.3,33.7,30,33,14.9,16.3,85.5,Alto,1,12.1,15.3,11.7,3,PED-00744,2025-04-25,2025-05-18,CLI-030,Supermercado,Colombia,Contrato,4036,4036,0.264,5,Alta,21,0,15667,10633,100.0,6597,Bajo,Alto,546.34,36.9,0.235,0.017
2025-10-17,FIN-01-L060,FIN-01,Gypsophila,New Love,Campo abierto,2025-07-31,78,0.92,98970,75,Goteo,Suelo,Cosecha,5980,78000,0.88,15.2,24.0,9.8,76.2,12.3,0.2,0.4,12.2,61.0,29,14,11.2,6.5,94.1,Bajo,1,2.6,15.1,9.5,2,PED-00745,2025-10-03,2025-10-19,CLI-061,Exportador,Países Bajos,Preventa,854,854,0.21,12,Alta,14,0,4164,3142,100.0,2288,Bajo,Alto,85.03,57.3,0.144,-0.051
2025-09-06,FIN-02-L030,FIN-02,Rosa,Mondial,Campo abierto,2025-04-23,136,1.3,64578,105,Microaspersión,Cascarilla,Reposo,8450,85000,0.88,14.5,18.8,9.6,62.7,18.3,3.7,0.59,11.9,41.5,29,23,15.7,7.3,94.9,Medio,0,3.8,2.0,6.1,17,PED-00746,2025-08-30,2025-09-10,CLI-044,Exportador,Canadá,Spot,6959,6959,0.399,5,Media,7,0,8669,7513,100.0,554,Bajo,Bajo,1357.65,82.6,0.095,0.023
2025-03-20,FIN-01-L001,FIN-01,Rosa,Explorer,Invernadero,2024-11-25,115,0.32,69959,105,Microaspersión,Cascarilla,Cosecha,2080,85000,0.88,14.2,23.1,7.4,68.0,16.7,0.0,0.5,12.0,48.6,32,5,3.0,3.5,92.0,Medio,1,9.8,4.8,6.0,12,PED-00747,2025-03-06,2025-03-24,CLI-083,Retail,Estados Unidos,Marketplace,1509,1509,0.39,2,Media,14,0,2103,1694,100.0,185,Bajo,Bajo,272.36,69.5,0.174,-0.141
2025-12-22,FIN-01-L033,FIN-01,Rosa,Explorer,Campo abierto,2025-10-05,78,0.98,63785,105,Goteo,Coco,Botón,6370,85000,0.88,18.0,23.4,11.9,68.8,16.1,3.6,0.62,12.6,50.0,39,20,9.0,10.3,87.5,Medio,0,7.4,2.6,5.4,5,PED-00748,2025-12-08,2025-12-25,CLI-107,Mayorista,Canadá,Spot,7585,5255,0.413,8,Media,14,1,5858,4895,69.3,-2690,Alto,Bajo,1012.24,76.3,0.286,-0.017
2025-10-15,FIN-03-L056,FIN-03,Rosa,Vendela,Invernadero,2025-08-22,54,0.3,57559,105,Goteo,Coco,Reposo,1950,85000,0.88,15.0,20.5,11.0,80.1,17.2,2.2,0.33,12.4,25.0,43,6,4.2,2.2,77.1,Medio,1,5.4,10.7,8.7,16,PED-00749,2025-09-24,2025-10-16,CLI-052,Mayorista,Chile,Contrato,4797,752,0.522,8,Media,21,0,949,720,15.7,-4077,Alto,Bajo,206.02,57.4,0.356,0.129
2025-12-07,FIN-01-L049,FIN-01,Rosa,Freedom,Invernadero,2025-09-02,96,1.05,71079,105,Microaspersión,Coco,Cosecha,6825,85000,0.88,15.9,22.6,11.5,61.3,13.9,2.4,0.68,12.2,46.8,18,18,10.8,9.5,70.7,Medio,1,2.1,6.7,4.8,4,PED-00750,2025-11-16,2025-12-09,CLI-082,Mayorista,Chile,Contrato,9185,6000,0.41,0,Media,21,0,7253,5949,65.3,-3236,Alto,Bajo,1404.13,74.6,0.38,-0.072
2025-03-25,FIN-04-L040,FIN-04,Rosa,Explorer,Invernadero,2025-01-08,76,0.79,73494,105,Goteo,Suelo,Vegetativo,5135,85000,0.88,16.9,22.8,11.0,69.7,26.0,0.4,0.56,11.6,23.7,20,13,8.9,6.5,91.0,Medio,0,14.4,14.3,10.4,4,PED-00751,2025-03-18,2025-03-29,CLI-012,Broker,Estados Unidos,Spot,7245,3208,0.517,0,Media,7,0,6241,4266,44.3,-2979,Alto,Bajo,1132.76,39.3,0.24,-0.16
2025-08-27,FIN-04-L051,FIN-04,Clavel,Bizet,Campo abierto,2025-03-22,158,0.71,77789,90,Goteo,Coco,Cosecha,4615,105000,0.88,12.2,20.1,6.1,67.6,17.3,2.1,0.43,12.1,36.2,24,14,8.1,4.2,100.0,Medio,0,8.0,15.1,9.5,6,PED-00752,2025-08-13,2025-08-31,CLI-108,Exportador,Canadá,Preventa,8445,872,0.256,10,Media,14,0,1259,916,10.3,-7529,Alto,Bajo,104.68,51.2,0.28,-0.14
2025-07-11,FIN-01-L011,FIN-01,Gypsophila,New Love,Invernadero,2025-06-10,31,1.3,92321,75,Goteo,Coco,Vegetativo,8450,78000,0.88,12.9,21.8,7.3,68.2,16.8,3.0,0.45,12.1,41.3,23,27,14.1,12.3,79.9,Medio,1,11.8,5.3,11.5,15,PED-00753,2025-06-27,2025-07-12,CLI-028,Mayorista,Colombia,Preventa,3531,1926,0.193,8,Media,14,0,2869,2168,54.5,-1363,Alto,Bajo,148.72,51.4,0.286,0.106
2025-06-23,FIN-02-L038,FIN-02,Rosa,Mondial,Invernadero,2025-03-09,106,0.68,70291,105,Microaspersión,Suelo,Cosecha,4420,85000,0.88,14.5,21.5,8.3,79.9,14.8,0.3,0.32,12.3,61.7,10,12,5.7,6.7,79.2,Medio,1,21.8,4.8,10.3,5,PED-00754,2025-06-02,2025-06-25,CLI-021,Retail,Estados Unidos,Preventa,1672,1672,0.442,0,Media,21,1,3802,2675,100.0,1003,Bajo,Alto,415.56,40.4,0.25,-0.026
2025-04-16,FIN-02-L013,FIN-02,Rosa,Mondial,Campo abierto,2024-12-21,116,1.77,62254,105,Goteo,Coco,Cosecha,11505,85000,0.88,14.2,18.6,8.1,59.3,10.5,0.2,0.64,12.1,70.5,20,37,20.7,11.6,73.9,Medio,0,22.9,12.8,16.3,15,PED-00755,2025-04-02,2025-04-18,CLI-040,Exportador,Chile,Spot,7403,2697,0.512,8,Alta,14,0,5025,3034,36.4,-4369,Alto,Bajo,766.64,13.0,0.286,0.164
2025-04-12,FIN-04-L045,FIN-04,Rosa,Vendela,Invernadero,2025-01-27,75,1.23,77075,105,Microaspersión,Coco,Cosecha,7995,85000,0.88,17.3,23.8,10.6,75.8,18.2,0.0,0.46,12.3,51.6,22,26,18.6,7.0,94.2,Medio,0,20.4,3.2,11.0,6,PED-00756,2025-03-22,2025-04-13,CLI-112,Retail,Estados Unidos,Preventa,1405,1405,0.467,10,Alta,21,1,6395,4714,100.0,3309,Bajo,Alto,320.22,47.1,0.22,0.003
2025-04-08,FIN-02-L029,FIN-02,Gypsophila,New Love,Invernadero,2025-01-13,85,0.53,95911,75,Goteo,Suelo,Vegetativo,3445,78000,0.88,16.8,21.3,10.9,74.9,21.5,0.1,0.46,11.7,27.3,22,9,6.8,5.3,89.7,Medio,0,9.0,21.8,11.0,3,PED-00757,2025-03-18,2025-04-11,CLI-002,Supermercado,Estados Unidos,Preventa,2064,2064,0.236,5,Baja,21,1,3762,2453,100.0,389,Bajo,Medio,276.58,34.0,0.275,-0.016
2025-03-08,FIN-01-L045,FIN-01,Gypsophila,Xlence,Invernadero,2024-12-22,76,1.02,105453,75,Goteo,Cascarilla,Vegetativo,6630,78000,0.88,15.6,23.1,10.9,70.1,15.0,0.0,0.51,12.9,43.2,18,12,15.8,5.3,90.3,Medio,1,11.2,6.2,8.9,4,PED-00758,2025-02-22,2025-03-12,CLI-106,Broker,Estados Unidos,Preventa,4548,4548,0.217,12,Alta,14,0,6019,4652,100.0,104,Bajo,Bajo,440.69,58.9,0.144,-0.121
2025-12-19,FIN-04-L039,FIN-04,Rosa,Explorer,Invernadero,2025-08-23,118,0.4,69099,105,Goteo,Suelo,Reposo,2600,85000,0.88,16.2,20.6,12.0,89.6,19.7,5.1,0.25,12.3,47.8,25,7,4.5,4.0,99.3,Medio,1,4.4,22.7,10.9,3,PED-00759,2025-11-19,2025-12-20,CLI-028,Exportador,Canadá,Contrato,14839,1787,0.457,2,Alta,30,1,2547,1738,12.0,-13101,Alto,Bajo,442.2,41.7,0.45,0.094
2025-07-09,FIN-03-L049,FIN-03,Clavel,Dover,Invernadero,2025-04-08,92,0.68,79896,90,Goteo,Cascarilla,Cosecha,4420,105000,0.88,15.4,23.6,10.2,65.4,17.7,1.8,0.59,11.7,36.2,21,16,9.2,5.9,69.3,Medio,1,15.1,23.0,15.1,12,PED-00760,2025-07-02,2025-07-11,CLI-075,Exportador,Países Bajos,Contrato,7240,2834,0.287,0,Media,7,0,4519,2572,39.1,-4668,Alto,Bajo,527.62,10.0,0.24,0.178
2025-03-08,FIN-03-L022,FIN-03,Clavel,Nelson,Invernadero,2024-12-09,89,0.43,67208,90,Goteo,Cascarilla,Vegetativo,2795,105000,0.88,13.9,21.3,7.2,96.0,18.1,0.0,0.25,11.8,39.3,31,9,4.9,2.6,75.1,Medio,1,11.3,24.9,14.8,0,PED-00761,2025-02-06,2025-03-09,CLI-102,Supermercado,Estados Unidos,Contrato,4466,1524,0.226,8,Media,30,0,2795,1632,34.1,-2834,Alto,Bajo,155.09,14.5,0.446,-0.006
2025-04-28,FIN-01-L003,FIN-01,Clavel,Bizet,Invernadero,2025-03-07,52,1.21,78402,90,Microaspersión,Coco,Botón,7865,105000,0.88,12.8,19.7,7.2,72.5,25.0,0.7,0.39,11.9,15.9,19,19,15.0,9.0,73.2,Medio,1,14.3,2.0,9.3,2,PED-00762,2025-03-29,2025-05-02,CLI-004,Mayorista,Estados Unidos,Spot,4314,4314,0.225,2,Alta,30,0,8856,6812,100.0,2498,Bajo,Alto,452.6,55.8,0.334,-0.183
2025-08-24,FIN-04-L019,FIN-04,Clavel,Nelson,Invernadero,2025-04-22,124,0.68,85025,90,Microaspersión,Coco,Cosecha,4420,105000,0.88,16.5,23.1,10.0,63.7,23.3,2.4,0.66,12.4,25.2,22,13,7.7,4.3,80.9,Medio,0,1.8,10.9,7.0,11,PED-00763,2025-08-10,2025-08-26,CLI-095,Exportador,Países Bajos,Preventa,3215,3215,0.265,5,Alta,14,0,6159,4864,100.0,1649,Bajo,Alto,451.36,66.7,0.165,0.082
2025-06-17,FIN-01-L017,FIN-01,Rosa,Explorer,Invernadero,2025-03-08,101,0.38,65322,105,Microaspersión,Cascarilla,Botón,2470,85000,0.88,14.9,23.3,8.3,81.7,16.6,0.0,0.3,12.4,36.8,22,9,5.9,2.5,89.6,Alto,1,12.3,14.2,10.5,4,PED-00764,2025-06-03,2025-06-18,CLI-101,Exportador,Estados Unidos,Contrato,10779,1632,0.416,12,Baja,14,1,2172,1509,15.1,-9270,Alto,Bajo,274.71,41.8,0.314,0.119
2025-10-02,FIN-02-L052,FIN-02,Gypsophila,Million Star,Invernadero,2025-07-22,72,0.63,86378,75,Microaspersión,Cascarilla,Reposo,4095,78000,0.88,15.0,21.2,8.5,69.0,21.0,1.6,0.51,11.9,31.8,37,9,6.7,5.8,84.5,Alto,0,9.3,6.8,8.9,17,PED-00765,2025-09-25,2025-10-05,CLI-014,Supermercado,España,Contrato,772,772,0.157,0,Alta,7,0,5383,4164,100.0,3392,Bajo,Alto,41.56,59.2,0.11,0.097
2025-02-18,FIN-02-L003,FIN-02,Rosa,Freedom,Invernadero,2024-11-25,85,1.27,71710,105,Goteo,Coco,Vegetativo,8255,85000,0.88,17.0,24.9,11.7,64.3,16.1,0.0,0.67,12.5,42.2,27,22,14.3,13.7,85.8,Alto,1,3.0,6.9,5.9,0,PED-00766,2025-01-28,2025-02-22,CLI-069,Exportador,Colombia,Marketplace,7105,6758,0.514,0,Baja,21,0,9145,7535,95.1,430,Bajo,Bajo,2196.31,74.5,0.29,0.005
2025-02-07,FIN-01-L014,FIN-01,Rosa,Vendela,Campo abierto,2024-11-14,85,0.36,66063,105,Goteo,Suelo,Reposo,2340,85000,0.88,16.2,22.0,11.8,71.9,15.9,1.3,0.5,11.6,62.6,31,7,2.6,3.2,100.0,Alto,1,14.5,13.7,10.1,13,PED-00767,2025-01-31,2025-02-08,CLI-044,Broker,España,Preventa,11674,1590,0.481,0,Baja,7,0,2203,1537,13.6,-10137,Alto,Bajo,469.96,42.9,0.28,0.138
2025-07-13,FIN-04-L056,FIN-04,Clavel,Bizet,Invernadero,2025-06-05,38,1.23,65875,90,Microaspersión,Suelo,Vegetativo,7995,105000,0.88,17.2,24.0,10.7,77.0,19.0,0.9,0.44,12.3,29.3,19,27,15.0,9.9,91.4,Medio,1,14.0,4.2,11.9,9,PED-00768,2025-06-13,2025-07-18,CLI-095,Mayorista,Canadá,Preventa,4868,3160,0.311,2,Alta,30,1,4814,3664,64.9,-1204,Alto,Bajo,582.35,52.0,0.45,0.009
2025-06-04,FIN-03-L005,FIN-03,Rosa,Freedom,Invernadero,2025-02-27,97,0.4,68804,105,Goteo,Coco,Cosecha,2600,85000,0.88,17.8,23.0,10.8,68.7,19.5,0.0,0.61,12.0,31.6,19,9,3.8,4.0,92.3,Medio,0,5.8,6.4,6.2,9,PED-00769,2025-05-21,2025-06-07,CLI-106,Exportador,España,Preventa,6711,2669,0.429,12,Baja,14,0,3948,3223,39.8,-3488,Alto,Bajo,500.43,72.3,0.314,0.06
2025-02-13,FIN-04-L012,FIN-04,Gypsophila,New Love,Campo abierto,2024-10-27,109,0.63,93886,75,Microaspersión,Suelo,Vegetativo,4095,78000,0.88,21.1,25.6,14.5,81.5,15.6,3.8,0.43,11.7,55.6,26,13,7.5,4.6,100.0,Medio,1,35.0,0.9,15.4,2,PED-00770,2025-01-14,2025-02-14,CLI-046,Exportador,Países Bajos,Marketplace,9794,593,0.172,0,Baja,30,0,1200,787,6.1,-9007,Alto,Bajo,40.99,22.3,0.45,0.178
2025-03-27,FIN-02-L057,FIN-02,Rosa,Explorer,Invernadero,2024-11-03,144,1.03,56453,105,Goteo,Cascarilla,Cosecha,6695,85000,0.88,12.2,19.8,6.3,76.0,17.8,0.2,0.32,11.9,67.3,34,18,14.9,10.8,91.7,Medio,1,10.1,30.0,12.6,17,PED-00771,2025-03-13,2025-03-30,CLI-007,Mayorista,Países Bajos,Contrato,3637,1250,0.477,0,Media,14,1,2166,1246,34.4,-2391,Alto,Bajo,370.6,17.3,0.31,0.06
2025-09-12,FIN-03-L020,FIN-03,Rosa,Explorer,Campo abierto,2025-06-17,87,0.37,70127,105,Microaspersión,Cascarilla,Botón,2405,85000,0.88,16.6,22.1,9.8,67.2,16.0,0.1,0.6,12.5,52.3,35,6,4.9,5.1,75.7,Medio,1,21.4,7.2,9.7,9,PED-00772,2025-08-29,2025-09-13,CLI-089,Retail,Estados Unidos,Spot,1424,1424,0.507,8,Alta,14,0,2093,1435,100.0,11,Bajo,Bajo,389.73,37.8,0.156,0.017
2025-06-14,FIN-03-L036,FIN-03,Rosa,Explorer,Invernadero,2025-03-10,96,0.89,59721,105,Microaspersión,Cascarilla,Botón,5785,85000,0.88,17.0,22.7,12.8,76.3,12.0,0.0,0.44,12.1,79.7,40,16,10.4,6.9,68.7,Medio,1,32.1,6.8,13.3,3,PED-00773,2025-06-07,2025-06-17,CLI-028,Exportador,Países Bajos,Contrato,7534,2342,0.452,0,Media,7,0,3619,2184,31.1,-5350,Alto,Bajo,577.72,14.1,0.24,0.13
2025-07-08,FIN-01-L023,FIN-01,Clavel,Bizet,Invernadero,2025-05-15,54,0.64,89362,90,Microaspersión,Cascarilla,Cosecha,4160,105000,0.88,19.0,26.5,13.8,78.5,12.9,3.9,0.45,11.8,65.4,22,10,9.0,4.3,84.8,Alto,1,16.2,26.0,13.9,4,PED-00774,2025-06-24,2025-07-11,CLI-106,Exportador,España,Preventa,7578,1000,0.254,10,Alta,14,1,1644,918,13.2,-6660,Alto,Bajo,113.69,10.3,0.28,0.004
2025-03-08,FIN-04-L017,FIN-04,Rosa,Vendela,Invernadero,2024-12-22,76,1.22,79269,105,Microaspersión,Cascarilla,Vegetativo,7930,85000,0.88,15.1,20.9,9.9,49.3,13.9,0.3,0.84,11.9,48.4,29,27,14.4,11.8,100.0,Medio,1,3.5,12.8,9.0,14,PED-00775,2025-02-22,2025-03-12,CLI-079,Exportador,Estados Unidos,Preventa,9237,4081,0.426,0,Media,14,1,4938,3829,44.2,-5408,Alto,Bajo,947.44,62.0,0.31,0.096
2025-11-05,FIN-04-L002,FIN-04,Rosa,Explorer,Invernadero,2025-07-12,116,1.21,61500,105,Goteo,Coco,Botón,7865,85000,0.88,18.7,23.2,12.0,70.0,17.6,0.0,0.62,13.1,34.7,28,20,10.3,12.3,86.4,Medio,1,16.7,2.0,9.9,15,PED-00776,2025-10-06,2025-11-06,CLI-049,Exportador,Países Bajos,Preventa,6842,6842,0.359,10,Media,30,1,9236,7071,100.0,229,Bajo,Bajo,1018.17,54.4,0.31,-0.122
2025-04-07,FIN-03-L057,FIN-03,Rosa,Mondial,Invernadero,2024-12-18,110,0.49,70956,105,Microaspersión,Suelo,Botón,3185,85000,0.88,16.7,20.9,11.6,80.2,16.0,2.8,0.36,12.5,51.6,42,11,5.9,5.0,83.7,Medio,0,12.8,21.1,13.3,9,PED-00777,2025-03-31,2025-04-11,CLI-031,Retail,Estados Unidos,Spot,1219,1219,0.476,5,Baja,7,0,2549,1580,100.0,361,Bajo,Medio,334.31,23.4,0.135,-0.089
2025-04-16,FIN-03-L052,FIN-03,Gypsophila,Million Star,Invernadero,2025-01-10,96,0.72,98272,75,Microaspersión,Coco,Cosecha,4680,78000,0.88,19.0,25.5,14.4,61.8,18.2,0.0,0.8,12.2,75.1,26,11,7.2,6.1,99.7,Medio,1,8.6,4.5,7.8,8,PED-00778,2025-04-02,2025-04-21,CLI-006,Broker,España,Preventa,4629,2610,0.231,8,Media,14,1,4053,3306,56.4,-1323,Alto,Bajo,283.54,69.8,0.286,0.045
2025-01-10,FIN-01-L060,FIN-01,Rosa,Vendela,Invernadero,2024-09-21,111,1.01,57399,105,Goteo,Coco,Vegetativo,6565,85000,0.88,18.4,23.5,13.5,76.0,16.6,1.2,0.49,11.6,29.4,28,22,13.8,9.1,91.6,Medio,1,11.0,19.9,12.1,2,PED-00779,2024-12-27,2025-01-11,CLI-005,Supermercado,España,Preventa,3236,3236,0.559,0,Baja,14,0,6016,3928,100.0,692,Bajo,Medio,1257.4,32.2,0.22,-0.044
2025-12-20,FIN-03-L049,FIN-03,Rosa,Freedom,Campo abierto,2025-08-08,134,0.31,52666,105,Microaspersión,Cascarilla,Vegetativo,2015,85000,0.88,21.3,28.5,14.4,69.1,10.8,4.2,0.72,11.5,63.8,35,5,3.9,3.4,71.4,Medio,1,35.0,7.6,14.6,9,PED-00780,2025-12-06,2025-12-22,CLI-107,Exportador,Canadá,Preventa,19292,325,0.516,0,Media,14,0,642,370,1.7,-18922,Alto,Bajo,114.98,6.8,0.31,-0.08
2025-05-01,FIN-03-L059,FIN-03,Rosa,Explorer,Invernadero,2025-01-26,95,0.78,67161,105,Microaspersión,Cascarilla,Cosecha,5070,85000,0.88,19.4,27.3,13.3,89.2,16.5,1.2,0.25,12.2,38.8,31,16,6.0,7.4,77.1,Medio,1,12.1,5.7,7.7,13,PED-00781,2025-04-24,2025-05-04,CLI-034,Supermercado,Canadá,Spot,8946,4129,0.438,5,Media,7,0,5196,3965,46.2,-4981,Alto,Bajo,1041.23,57.6,0.225,0.115
2025-05-07,FIN-01-L001,FIN-01,Rosa,Freedom,Invernadero,2025-01-28,99,0.39,63188,105,Microaspersión,Coco,Botón,2535,85000,0.88,15.0,20.6,9.5,67.4,7.0,0.8,0.54,12.5,74.8,33,6,3.4,2.9,98.1,Medio,1,11.7,12.5,11.4,13,PED-00782,2025-04-23,2025-05-09,CLI-100,Broker,España,Spot,13345,696,0.583,0,Baja,14,1,1059,759,5.2,-12586,Alto,Bajo,289.99,45.5,0.35,0.151
2025-04-29,FIN-02-L039,FIN-02,Rosa,Mondial,Invernadero,2025-01-29,90,0.84,61075,105,Goteo,Cascarilla,Cosecha,5460,85000,0.88,16.6,20.7,12.0,66.2,15.9,0.0,0.62,12.3,43.2,20,11,9.6,6.4,82.2,Bajo,1,10.5,9.0,9.0,13,PED-00783,2025-04-15,2025-04-30,CLI-117,Mayorista,España,Preventa,5805,3278,0.541,0,Media,14,0,4552,3396,56.5,-2409,Alto,Bajo,1163.9,53.4,0.31,0.024
2025-01-02,FIN-03-L016,FIN-03,Rosa,Mondial,Invernadero,2024-10-04,90,1.45,61925,105,Microaspersión,Cascarilla,Vegetativo,9425,85000,0.88,13.7,22.0,9.1,66.0,15.9,0.1,0.51,12.2,43.6,28,24,20.5,10.7,86.7,Medio,1,11.0,12.1,7.1,5,PED-00784,2024-12-03,2025-01-06,CLI-101,Supermercado,Países Bajos,Spot,4078,4078,0.406,0,Media,30,0,8495,6205,100.0,2127,Bajo,Alto,848.51,53.2,0.34,-0.064
2025-08-15,FIN-02-L036,FIN-02,Rosa,Freedom,Invernadero,2025-06-06,70,0.43,66625,105,Microaspersión,Coco,Cosecha,2795,85000,0.88,15.8,21.9,11.6,69.8,16.5,1.8,0.52,12.4,44.7,30,7,4.8,4.1,83.0,Medio,0,8.7,0.5,5.6,16,PED-00785,2025-08-08,2025-08-17,CLI-074,Broker,Estados Unidos,Preventa,4333,2055,0.546,2,Baja,7,0,2772,2326,47.4,-2007,Alto,Bajo,680.17,76.1,0.274,0.047
2025-08-02,FIN-01-L043,FIN-01,Rosa,Explorer,Invernadero,2025-03-31,124,1.48,63555,105,Microaspersión,Suelo,Cosecha,9620,85000,0.88,16.6,21.6,11.9,67.1,17.9,0.0,0.6,11.8,41.5,13,32,17.6,11.9,72.1,Medio,1,11.6,8.8,14.8,2,PED-00786,2025-07-12,2025-08-05,CLI-039,Exportador,Canadá,Contrato,10239,5666,0.48,5,Media,21,1,9492,6719,55.3,-3520,Alto,Bajo,1470.09,37.5,0.365,-0.014
2025-12-11,FIN-01-L014,FIN-01,Rosa,Mondial,Invernadero,2025-09-09,93,0.95,64970,105,Goteo,Suelo,Reposo,6175,85000,0.88,14.2,18.3,9.7,78.5,8.2,1.5,0.34,11.8,56.5,32,21,14.0,6.7,85.5,Medio,1,14.0,2.3,6.6,10,PED-00787,2025-12-04,2025-12-15,CLI-102,Supermercado,Estados Unidos,Contrato,6156,2049,0.538,2,Alta,7,0,2921,2312,33.3,-3844,Alto,Bajo,661.01,64.5,0.234,0.047
2025-01-04,FIN-04-L002,FIN-04,Rosa,Vendela,Invernadero,2024-10-10,86,1.26,68942,105,Microaspersión,Suelo,Cosecha,8190,85000,0.88,18.4,25.0,12.2,63.2,16.0,0.0,0.74,12.4,40.8,27,30,18.5,9.4,97.5,Medio,1,20.3,2.3,10.8,3,PED-00788,2024-12-05,2025-01-09,CLI-054,Broker,Chile,Spot,5274,4426,0.409,10,Alta,30,1,6124,4587,83.9,-687,Medio,Bajo,812.51,49.8,0.31,0.127
2025-07-07,FIN-02-L017,FIN-02,Rosa,Vendela,Campo abierto,2025-03-14,115,0.4,60242,105,Microaspersión,Suelo,Cosecha,2600,85000,0.88,20.0,26.6,14.3,76.5,12.3,10.3,0.52,11.9,62.2,37,7,4.1,4.5,89.3,Alto,1,18.3,22.0,14.9,11,PED-00789,2025-06-16,2025-07-11,CLI-090,Mayorista,Países Bajos,Spot,3963,647,0.482,12,Alta,21,0,1245,720,16.3,-3243,Alto,Bajo,141.82,12.4,0.344,0.027
2025-09-12,FIN-03-L053,FIN-03,Rosa,Vendela,Invernadero,2025-07-05,69,0.18,65553,105,Goteo,Cascarilla,Vegetativo,1170,85000,0.88,21.4,30.0,15.2,68.6,12.5,1.0,0.74,12.2,39.2,36,4,2.3,1.5,72.0,Bajo,1,8.0,10.2,8.5,5,PED-00790,2025-08-22,2025-09-15,CLI-067,Exportador,Estados Unidos,Contrato,9232,389,0.565,5,Alta,21,0,492,365,4.2,-8867,Alto,Bajo,143.22,53.6,0.365,-0.015
2025-05-09,FIN-04-L019,FIN-04,Gypsophila,Xlence,Invernadero,2025-03-18,52,1.37,95765,75,Goteo,Cascarilla,Botón,8905,78000,0.88,18.1,25.6,13.4,68.4,21.3,2.5,0.63,11.7,35.1,36,23,12.6,8.9,89.6,Alto,1,4.5,4.0,6.9,10,PED-00791,2025-04-18,2025-05-12,CLI-115,Exportador,Canadá,Spot,6405,6405,0.195,5,Media,21,0,10650,8924,100.0,2519,Bajo,Alto,580.77,75.6,0.235,-0.138
2025-01-01,FIN-01-L049,FIN-01,Clavel,Nelson,Invernadero,2024-11-25,37,0.98,73158,90,Microaspersión,Coco,Cosecha,6370,105000,0.88,12.6,17.3,6.9,81.8,9.9,2.4,0.25,12.1,78.0,40,16,13.5,9.6,71.4,Alto,1,1.2,16.7,8.2,12,PED-00792,2024-12-11,2025-01-04,CLI-016,Exportador,Países Bajos,Contrato,7846,873,0.212,5,Media,21,0,1502,1100,11.1,-6746,Alto,Bajo,82.28,53.9,0.365,-0.026
2025-05-25,FIN-01-L043,FIN-01,Rosa,Vendela,Invernadero,2025-02-05,109,1.16,71122,105,Microaspersión,Coco,Botón,7539,85000,0.88,17.6,21.9,12.6,75.7,20.5,0.0,0.47,11.9,47.6,22,19,12.8,9.2,79.5,Bajo,1,27.3,10.1,11.8,17,PED-00793,2025-05-18,2025-05-30,CLI-093,Broker,Países Bajos,Spot,6083,3600,0.411,2,Baja,7,0,7178,4469,59.2,-1614,Alto,Bajo,818.45,21.7,0.274,-0.04
2025-04-07,FIN-04-L007,FIN-04,Clavel,Bizet,Campo abierto,2025-02-28,38,1.39,73256,90,Microaspersión,Suelo,Botón,9035,105000,0.88,18.4,23.7,14.0,83.9,17.4,2.8,0.33,12.5,34.2,25,33,17.7,6.0,93.4,Medio,1,11.0,8.8,10.7,1,PED-00794,2025-03-08,2025-04-10,CLI-070,Exportador,Estados Unidos,Contrato,9006,3778,0.217,10,Alta,30,0,4564,3419,41.9,-5587,Alto,Bajo,281.47,52.3,0.44,0.099
2025-07-08,FIN-02-L020,FIN-02,Rosa,Mondial,Invernadero,2025-02-11,147,1.53,69625,105,Goteo,Suelo,Cosecha,9945,85000,0.88,18.2,25.5,13.2,68.4,16.2,0.9,0.63,12.1,48.0,22,29,21.4,14.1,98.2,Bajo,1,15.5,30.0,16.8,11,PED-00795,2025-06-08,2025-07-13,CLI-042,Mayorista,Estados Unidos,Spot,5485,1805,0.448,0,Media,30,0,3355,1845,32.9,-3640,Alto,Bajo,485.12,2.6,0.45,0.056
2025-05-29,FIN-03-L035,FIN-03,Rosa,Freedom,Invernadero,2025-02-17,101,0.45,68645,105,Goteo,Cascarilla,Botón,2925,85000,0.88,17.3,24.4,13.0,72.0,12.6,3.7,0.53,12.3,51.2,20,11,6.8,3.8,73.4,Medio,0,20.9,12.3,10.5,6,PED-00796,2025-05-22,2025-06-01,CLI-089,Mayorista,Estados Unidos,Contrato,3831,1314,0.514,0,Media,7,1,2371,1523,34.3,-2308,Alto,Bajo,417.0,28.6,0.24,0.023
2025-05-10,FIN-03-L033,FIN-03,Gypsophila,Xlence,Invernadero,2025-03-02,69,0.76,101050,75,Goteo,Coco,Botón,4940,78000,0.88,14.7,22.5,10.3,82.8,13.7,0.4,0.28,11.8,71.0,36,19,8.9,4.0,85.4,Medio,0,5.6,26.3,14.2,15,PED-00797,2025-04-19,2025-05-14,CLI-113,Supermercado,Estados Unidos,Preventa,1294,1294,0.27,8,Media,21,1,2711,1679,100.0,385,Bajo,Medio,206.51,24.2,0.226,-0.013
2025-07-17,FIN-04-L058,FIN-04,Rosa,Mondial,Invernadero,2025-03-29,110,1.55,49522,105,Microaspersión,Coco,Cosecha,10075,85000,0.88,13.4,21.3,6.8,71.6,9.2,7.2,0.42,12.2,80.9,20,32,17.5,10.1,75.3,Medio,0,20.7,9.5,13.5,14,PED-00798,2025-06-02,2025-07-22,CLI-106,Supermercado,Estados Unidos,Contrato,3228,2743,0.368,5,Alta,45,1,5158,3384,85.0,156,Bajo,Bajo,420.87,27.2,0.45,-0.015
2025-06-16,FIN-02-L031,FIN-02,Clavel,Dover,Invernadero,2025-02-24,112,0.22,84835,90,Microaspersión,Coco,Vegetativo,1430,105000,0.88,19.6,28.6,14.4,76.6,12.5,5.2,0.5,12.2,71.3,26,4,2.0,2.7,81.6,Medio,0,1.0,30.0,13.2,9,PED-00799,2025-06-02,2025-06-21,CLI-026,Mayorista,Países Bajos,Preventa,4760,375,0.254,5,Media,14,0,705,435,7.9,-4325,Alto,Bajo,51.78,26.3,0.295,0.149
2025-01-11,FIN-02-L024,FIN-02,Rosa,Freedom,Invernadero,2024-10-26,77,1.77,55729,105,Goteo,Suelo,Botón,11505,85000,0.88,17.0,24.8,10.8,70.7,20.9,1.4,0.55,12.3,38.8,24,27,19.6,11.8,83.6,Alto,0,34.3,2.3,15.2,0,PED-00800,2024-12-21,2025-01-16,CLI-053,Exportador,Países Bajos,Spot,9187,5684,0.475,8,Media,21,0,9704,6148,61.9,-3039,Alto,Bajo,1423.9,17.5,0.356,0.046
2025-02-09,FIN-03-L029,FIN-03,Rosa,Explorer,Invernadero,2024-11-15,86,0.47,57361,105,Microaspersión,Coco,Botón,3055,85000,0.88,16.5,22.8,10.4,63.5,9.9,4.0,0.66,12.4,69.0,33,9,6.2,3.4,75.6,Bajo,1,12.7,1.4,8.0,9,PED-00801,2025-01-10,2025-02-14,CLI-120,Exportador,Canadá,Preventa,20208,1652,0.611,2,Media,30,1,2041,1614,8.2,-18594,Alto,Bajo,707.18,62.2,0.45,0.079
2025-06-29,FIN-01-L056,FIN-01,Gypsophila,Xlence,Invernadero,2025-05-28,32,0.38,106865,75,Microaspersión,Suelo,Vegetativo,2470,78000,0.88,18.5,26.7,12.3,75.9,9.9,1.2,0.49,11.9,71.7,19,7,6.4,4.1,83.9,Medio,1,18.3,29.5,14.9,9,PED-00802,2025-06-08,2025-07-03,CLI-045,Exportador,Estados Unidos,Preventa,6718,153,0.172,10,Media,21,0,296,162,2.3,-6556,Alto,Bajo,10.19,0.0,0.35,0.005
2025-01-01,FIN-04-L048,FIN-04,Rosa,Freedom,Invernadero,2024-08-13,141,0.56,60574,105,Microaspersión,Suelo,Cosecha,3640,85000,0.88,16.7,23.2,10.2,73.9,21.4,0.0,0.48,12.0,50.2,35,10,5.5,6.6,78.7,Medio,1,17.1,14.8,13.3,15,PED-00803,2024-12-02,2025-01-05,CLI-105,Supermercado,Países Bajos,Preventa,3896,1530,0.436,5,Alta,30,0,2745,1755,39.3,-2141,Alto,Bajo,379.95,25.6,0.45,0.048
2025-03-24,FIN-01-L051,FIN-01,Gypsophila,Xlence,Invernadero,2024-12-12,102,0.54,96803,75,Goteo,Suelo,Cosecha,3510,78000,0.88,18.8,26.0,13.1,45.4,14.2,0.7,1.13,11.9,58.8,30,8,5.8,5.6,91.3,Medio,1,9.2,19.9,12.5,11,PED-00804,2025-03-17,2025-03-27,CLI-016,Retail,Estados Unidos,Spot,704,704,0.155,0,Media,7,0,1599,1058,100.0,354,Bajo,Alto,36.23,33.8,0.11,-0.07
2025-06-17,FIN-02-L015,FIN-02,Gypsophila,New Love,Invernadero,2025-04-02,76,0.9,106689,75,Microaspersión,Cascarilla,Vegetativo,5850,78000,0.88,16.9,21.3,10.3,64.9,16.8,0.9,0.65,12.1,30.7,28,16,9.4,7.6,82.9,Medio,1,10.8,24.4,13.3,1,PED-00805,2025-06-03,2025-06-20,CLI-082,Retail,Estados Unidos,Preventa,953,953,0.231,2,Media,14,0,4544,2747,100.0,1794,Bajo,Alto,130.86,21.1,0.174,-0.115
2025-08-04,FIN-04-L059,FIN-04,Rosa,Mondial,Invernadero,2025-05-07,89,0.68,73578,105,Microaspersión,Suelo,Cosecha,4420,85000,0.88,15.3,23.2,10.6,71.2,22.2,1.2,0.48,12.4,37.7,31,14,5.5,5.5,84.0,Medio,1,0.3,27.6,12.3,14,PED-00806,2025-07-28,2025-08-08,CLI-074,Mayorista,Chile,Spot,3779,2835,0.376,8,Alta,7,0,5249,3397,75.0,-382,Medio,Bajo,407.0,33.3,0.086,0.043
2025-07-26,FIN-01-L036,FIN-01,Rosa,Vendela,Campo abierto,2025-04-13,104,0.48,76205,105,Goteo,Suelo,Cosecha,3120,85000,0.88,19.2,27.7,12.3,81.1,13.2,0.6,0.4,12.0,54.0,36,10,5.2,6.1,79.7,Medio,0,33.2,8.6,14.2,7,PED-00807,2025-07-12,2025-07-29,CLI-062,Supermercado,Chile,Preventa,3089,1127,0.386,2,Alta,14,1,1953,1152,36.5,-1937,Alto,Bajo,224.6,10.7,0.304,0.137
2025-07-05,FIN-04-L018,FIN-04,Rosa,Vendela,Invernadero,2025-04-20,76,1.18,69806,105,Microaspersión,Cascarilla,Botón,7670,85000,0.88,15.8,23.6,9.8,68.9,15.5,2.0,0.54,11.8,60.8,23,23,16.2,10.7,90.8,Medio,1,17.4,12.0,11.3,4,PED-00808,2025-06-21,2025-07-08,CLI-059,Exportador,Canadá,Preventa,9086,2954,0.537,0,Media,14,1,4746,3228,32.5,-5858,Alto,Bajo,1040.68,36.6,0.31,-0.085
2025-05-26,FIN-04-L020,FIN-04,Rosa,Mondial,Invernadero,2025-02-17,98,1.79,77923,105,Goteo,Coco,Cosecha,11635,85000,0.88,18.4,22.7,12.3,94.9,18.9,0.0,0.25,12.1,50.9,20,44,17.6,15.9,74.3,Medio,1,20.7,30.0,23.0,6,PED-00809,2025-05-19,2025-05-28,CLI-003,Mayorista,Chile,Preventa,5553,2876,0.496,10,Alta,7,0,6290,3459,51.8,-2094,Alto,Bajo,809.03,0.0,0.21,0.031
2025-03-14,FIN-04-L026,FIN-04,Rosa,Vendela,Invernadero,2024-12-09,95,1.6,81896,105,Microaspersión,Suelo,Botón,10400,85000,0.88,16.4,20.5,11.3,62.5,20.9,0.6,0.68,12.2,42.3,23,21,21.8,11.9,83.0,Medio,1,2.2,30.0,12.5,6,PED-00810,2025-02-21,2025-03-17,CLI-015,Mayorista,Chile,Contrato,5056,5056,0.518,0,Alta,21,0,9753,5996,100.0,940,Bajo,Medio,1578.29,26.4,0.25,0.054
2025-02-07,FIN-03-L050,FIN-03,Rosa,Explorer,Campo abierto,2024-11-04,95,0.75,69879,105,Goteo,Suelo,Cosecha,4875,85000,0.88,18.6,27.6,12.1,66.6,21.2,0.0,0.68,11.9,36.3,36,16,8.7,6.0,68.5,Medio,0,10.1,4.1,7.5,8,PED-00811,2025-01-31,2025-02-10,CLI-004,Broker,Colombia,Spot,15508,4849,0.455,8,Media,7,0,6467,5044,31.3,-10464,Alto,Bajo,1062.31,61.1,0.216,-0.119
2025-03-15,FIN-03-L017,FIN-03,Clavel,Bizet,Invernadero,2025-01-12,62,0.52,80013,90,Goteo,Cascarilla,Cosecha,3380,105000,0.88,16.1,21.2,11.5,63.9,14.4,0.0,0.64,12.3,50.9,36,12,6.6,4.4,91.0,Medio,0,3.9,25.1,12.3,16,PED-00812,2025-02-13,2025-03-16,CLI-048,Mayorista,Estados Unidos,Preventa,4223,1533,0.317,0,Media,30,1,2299,1500,36.3,-2723,Alto,Bajo,297.46,33.8,0.45,0.044
2025-02-13,FIN-03-L035,FIN-03,Clavel,Bizet,Invernadero,2024-11-13,92,0.96,80292,90,Goteo,Coco,Vegetativo,6240,105000,0.88,17.8,25.1,12.8,76.8,14.2,0.0,0.45,12.0,73.2,28,24,8.0,7.4,89.7,Alto,0,11.4,0.2,8.2,1,PED-00813,2025-01-23,2025-02-14,CLI-054,Exportador,España,Preventa,13674,8191,0.346,2,Baja,21,0,10100,8301,59.9,-5373,Alto,Bajo,1951.31,68.9,0.414,0.038
2025-04-03,FIN-01-L054,FIN-01,Rosa,Vendela,Invernadero,2024-11-24,130,0.66,61705,105,Goteo,Coco,Reposo,4290,85000,0.88,16.4,20.9,10.1,71.9,26.0,0.0,0.51,11.4,42.5,38,12,8.8,8.0,90.2,Medio,0,9.5,3.5,6.5,14,PED-00814,2025-02-17,2025-04-05,CLI-071,Exportador,España,Contrato,7251,4505,0.536,12,Alta,45,0,7052,5741,62.1,-1510,Alto,Bajo,1289.29,70.4,0.45,0.031
2025-09-21,FIN-01-L048,FIN-01,Rosa,Mondial,Campo abierto,2025-04-30,144,0.19,65898,105,Microaspersión,Suelo,Cosecha,1235,85000,0.88,17.3,23.1,13.1,86.6,14.7,1.6,0.26,12.3,47.6,26,4,2.9,1.4,100.0,Medio,1,19.7,7.8,8.4,1,PED-00815,2025-08-22,2025-09-25,CLI-074,Exportador,Canadá,Spot,9963,459,0.456,5,Alta,30,1,823,593,4.6,-9370,Alto,Bajo,113.41,48.1,0.45,0.056
2025-08-06,FIN-02-L006,FIN-02,Clavel,Dover,Invernadero,2025-04-05,123,0.69,71686,90,Microaspersión,Cascarilla,Cosecha,4485,105000,0.88,16.8,24.4,9.8,96.0,14.1,0.5,0.25,11.9,67.1,23,13,5.4,9.4,68.1,Medio,1,17.4,7.6,11.5,12,PED-00816,2025-07-30,2025-08-10,CLI-084,Broker,Canadá,Spot,5937,1849,0.277,2,Alta,7,0,3160,2186,31.1,-3751,Alto,Bajo,275.15,37.1,0.234,0.002
2025-08-25,FIN-04-L012,FIN-04,Rosa,Mondial,Invernadero,2025-05-14,103,1.23,69924,105,Goteo,Cascarilla,Cosecha,7995,85000,0.88,17.6,25.0,10.6,64.0,20.2,1.1,0.7,12.0,27.0,21,32,15.7,7.8,94.7,Bajo,1,35.0,1.5,14.5,2,PED-00817,2025-08-04,2025-08-30,CLI-111,Exportador,Estados Unidos,Preventa,10917,4855,0.424,0,Media,21,0,8760,5691,44.5,-5226,Alto,Bajo,1246.05,22.0,0.38,0.035
2025-03-17,FIN-01-L025,FIN-01,Rosa,Explorer,Invernadero,2024-12-30,77,1.45,64971,105,Goteo,Suelo,Botón,9425,85000,0.88,18.9,23.6,12.5,56.6,17.7,0.4,0.9,12.2,51.7,20,35,18.1,12.6,85.9,Medio,1,35.0,1.1,15.3,3,PED-00818,2025-02-15,2025-03-20,CLI-049,Exportador,Estados Unidos,Preventa,11532,4329,0.473,0,Media,30,1,6297,4035,37.5,-7497,Alto,Bajo,1153.74,18.7,0.45,-0.016
2025-12-13,FIN-03-L028,FIN-03,Rosa,Vendela,Invernadero,2025-08-19,116,0.7,75794,105,Microaspersión,Coco,Vegetativo,4550,85000,0.88,12.5,19.6,6.8,70.2,22.2,0.0,0.41,12.3,28.7,22,17,5.3,7.8,83.1,Alto,1,5.9,1.9,4.9,5,PED-00819,2025-12-06,2025-12-18,CLI-037,Retail,Canadá,Contrato,2469,2469,0.47,10,Media,7,0,6938,5882,100.0,3413,Bajo,Alto,543.65,79.4,0.08,0.153
2025-08-25,FIN-04-L043,FIN-04,Clavel,Bizet,Invernadero,2025-06-20,66,0.51,95598,90,Goteo,Coco,Vegetativo,3315,105000,0.88,15.0,20.1,9.6,82.0,18.6,1.7,0.3,12.0,46.1,33,8,6.6,4.8,68.2,Bajo,1,1.8,0.6,6.2,13,PED-00820,2025-07-26,2025-08-29,CLI-053,Mayorista,España,Preventa,5172,3098,0.206,0,Media,30,0,4499,3881,59.9,-1291,Alto,Bajo,315.27,80.6,0.45,0.092
2025-10-02,FIN-02-L027,FIN-02,Gypsophila,Million Star,Invernadero,2025-07-31,63,1.6,93901,75,Microaspersión,Coco,Botón,10400,78000,0.88,16.2,21.4,10.0,72.3,13.3,0.3,0.49,12.4,47.1,28,36,20.4,22.4,80.9,Medio,1,14.3,4.6,11.0,2,PED-00821,2025-09-25,2025-10-07,CLI-009,Retail,Colombia,Spot,1094,1094,0.197,8,Media,7,0,7832,5868,100.0,4774,Bajo,Alto,96.74,50.2,0.086,-0.143
2025-03-27,FIN-04-L012,FIN-04,Gypsophila,Xlence,Invernadero,2025-02-12,43,0.48,92340,75,Microaspersión,Suelo,Cosecha,3120,78000,0.88,16.5,22.2,12.1,51.5,19.4,0.1,0.88,12.1,27.6,35,11,5.4,2.9,83.3,Medio,1,1.0,19.0,9.5,4,PED-00822,2025-03-13,2025-04-01,CLI-021,Mayorista,Estados Unidos,Marketplace,2241,1565,0.234,0,Alta,14,0,2231,1611,69.8,-630,Alto,Bajo,222.03,51.0,0.31,0.142
2025-11-15,FIN-01-L045,FIN-01,Clavel,Nelson,Invernadero,2025-08-04,103,1.22,84510,90,Goteo,Cascarilla,Cosecha,7930,105000,0.88,18.8,26.3,13.1,80.3,10.7,1.3,0.41,12.2,46.5,33,20,17.4,15.8,72.9,Medio,1,6.2,0.9,4.4,9,PED-00823,2025-10-16,2025-11-17,CLI-070,Retail,España,Preventa,1434,1434,0.221,0,Media,30,0,7054,5966,100.0,4532,Bajo,Alto,136.45,79.0,0.34,-0.11
2025-05-22,FIN-01-L060,FIN-01,Rosa,Mondial,Invernadero,2024-12-01,172,0.79,68964,105,Microaspersión,Coco,Botón,5135,85000,0.88,16.9,25.6,12.8,73.5,20.3,0.0,0.49,12.3,24.0,31,13,10.9,8.6,100.0,Medio,0,25.8,10.0,12.8,12,PED-00824,2025-05-01,2025-05-25,CLI-067,Broker,Chile,Preventa,2965,1055,0.548,0,Media,21,0,1589,1031,35.6,-1934,Alto,Bajo,373.68,27.0,0.38,0.145
2025-01-21,FIN-04-L017,FIN-04,Gypsophila,Million Star,Invernadero,2024-11-03,79,0.74,96590,75,Microaspersión,Suelo,Cosecha,4810,78000,0.88,16.4,20.8,11.3,84.5,18.1,0.6,0.28,12.5,48.1,41,17,10.0,7.4,97.1,Medio,1,0.3,30.0,13.0,1,PED-00825,2024-12-22,2025-01-23,CLI-094,Mayorista,Estados Unidos,Contrato,4838,3166,0.208,5,Baja,30,1,4722,3014,65.4,-1824,Alto,Bajo,338.32,31.6,0.45,-0.031
2025-03-06,FIN-03-L020,FIN-03,Rosa,Mondial,Campo abierto,2024-11-29,97,1.05,66759,105,Microaspersión,Cascarilla,Botón,6825,85000,0.88,18.6,27.3,12.2,75.9,13.0,0.0,0.49,12.3,47.1,24,21,12.7,12.1,97.7,Bajo,1,12.2,5.9,8.5,12,PED-00826,2025-02-13,2025-03-10,CLI-061,Supermercado,Estados Unidos,Contrato,4391,3462,0.402,2,Alta,21,1,5232,4072,78.8,-319,Medio,Bajo,797.6,60.6,0.244,-0.169
2025-02-13,FIN-01-L003,FIN-01,Clavel,Bizet,Invernadero,2024-11-27,78,0.34,77696,90,Microaspersión,Cascarilla,Cosecha,2210,105000,0.88,17.8,25.3,12.6,75.2,23.4,1.0,0.49,11.5,26.9,26,6,5.0,3.2,77.2,Medio,1,4.4,3.3,6.4,15,PED-00827,2025-02-06,2025-02-14,CLI-081,Supermercado,Estados Unidos,Preventa,4092,3439,0.336,2,Alta,7,1,4187,3491,84.0,-601,Medio,Bajo,728.17,74.8,0.104,-0.036
2025-11-07,FIN-03-L002,FIN-03,Rosa,Explorer,Invernadero,2025-08-11,88,0.26,72974,105,Goteo,Coco,Botón,1690,85000,0.88,15.2,24.1,9.0,64.8,15.7,1.0,0.59,12.0,37.0,24,5,3.0,3.0,84.9,Medio,1,14.9,26.5,14.8,8,PED-00828,2025-10-24,2025-11-08,CLI-104,Retail,Estados Unidos,Contrato,1935,404,0.565,0,Alta,14,0,874,488,20.9,-1447,Alto,Bajo,153.37,9.5,0.31,0.152
2025-04-21,FIN-01-L048,FIN-01,Clavel,Nelson,Campo abierto,2025-01-21,90,1.26,85682,90,Goteo,Cascarilla,Vegetativo,8190,105000,0.88,16.9,23.5,10.1,84.7,21.9,2.7,0.28,11.8,39.0,22,31,11.7,10.6,83.8,Alto,0,2.9,16.2,13.0,8,PED-00829,2025-04-14,2025-04-24,CLI-020,Mayorista,España,Marketplace,5284,5284,0.25,10,Media,7,0,16124,11606,100.0,6322,Bajo,Alto,546.78,45.3,0.08,-0.015
2025-05-28,FIN-02-L019,FIN-02,Rosa,Freedom,Invernadero,2025-03-20,69,0.28,53281,105,Goteo,Suelo,Reposo,1820,85000,0.88,17.9,26.4,13.4,69.9,18.1,1.8,0.59,12.2,43.6,32,4,3.8,3.5,90.3,Alto,1,19.3,8.4,10.5,12,PED-00830,2025-05-14,2025-06-01,CLI-009,Supermercado,Países Bajos,Contrato,2948,761,0.535,5,Media,14,0,1258,880,25.8,-2068,Alto,Bajo,233.25,40.9,0.295,-0.181
2025-07-25,FIN-03-L012,FIN-03,Gypsophila,New Love,Invernadero,2025-05-30,56,0.29,83841,75,Goteo,Suelo,Cosecha,1884,78000,0.88,13.6,17.8,9.3,77.0,12.3,0.0,0.34,12.3,64.0,15,5,2.5,2.8,79.4,Bajo,1,6.4,5.2,7.3,12,PED-00831,2025-07-04,2025-07-30,CLI-079,Supermercado,Canadá,Preventa,1340,793,0.223,0,Baja,21,1,972,782,59.2,-558,Alto,Bajo,101.32,67.8,0.42,0.052
2025-08-20,FIN-02-L040,FIN-02,Rosa,Explorer,Invernadero,2025-04-03,139,0.48,61720,105,Goteo,Cascarilla,Cosecha,3120,85000,0.88,15.6,24.4,9.6,71.0,10.0,2.0,0.5,12.1,70.9,28,9,4.7,2.9,77.2,Medio,0,2.7,24.2,11.9,7,PED-00832,2025-08-13,2025-08-22,CLI-054,Mayorista,Países Bajos,Contrato,3312,591,0.544,5,Alta,7,0,1145,749,17.8,-2563,Alto,Bajo,183.76,34.2,0.225,-0.079
2025-10-15,FIN-02-L014,FIN-02,Rosa,Freedom,Invernadero,2025-06-06,131,0.36,66321,105,Microaspersión,Coco,Reposo,2340,85000,0.88,16.3,22.1,11.3,73.9,20.0,6.8,0.47,11.7,19.4,30,6,4.0,3.0,66.0,Medio,0,7.9,12.1,9.3,5,PED-00833,2025-09-24,2025-10-19,CLI-096,Exportador,Chile,Preventa,8391,1734,0.552,5,Alta,21,1,2298,1653,20.7,-6738,Alto,Bajo,580.92,47.8,0.365,0.107
2025-03-02,FIN-04-L017,FIN-04,Rosa,Vendela,Invernadero,2024-10-26,127,0.99,67436,105,Goteo,Coco,Botón,6435,85000,0.88,15.8,23.5,8.9,73.0,11.1,0.6,0.47,11.9,48.2,29,15,16.0,11.2,84.6,Alto,1,35.0,2.0,10.5,14,PED-00834,2025-01-16,2025-03-05,CLI-086,Mayorista,España,Preventa,4741,1567,0.487,0,Media,45,0,2923,1904,33.1,-2837,Alto,Bajo,509.19,27.1,0.45,-0.052
2025-01-30,FIN-02-L003,FIN-02,Rosa,Mondial,Invernadero,2024-10-02,120,0.96,65416,105,Goteo,Suelo,Reposo,6240,85000,0.88,15.2,23.9,9.9,68.4,14.5,10.6,0.53,11.3,47.0,15,17,12.0,9.4,87.8,Medio,0,14.2,4.8,9.1,7,PED-00835,2025-01-09,2025-02-02,CLI-037,Mayorista,Colombia,Contrato,6023,3807,0.52,5,Media,21,0,5440,4149,63.2,-1874,Alto,Bajo,1110.99,55.8,0.365,-0.015
2025-04-30,FIN-01-L046,FIN-01,Rosa,Vendela,Invernadero,2024-12-25,126,0.3,65520,105,Microaspersión,Suelo,Botón,1950,85000,0.88,15.2,23.5,10.6,52.0,19.9,0.0,0.8,11.7,43.0,33,6,3.6,2.0,79.6,Medio,0,17.2,0.6,7.0,15,PED-00836,2025-04-09,2025-05-04,CLI-106,Exportador,España,Marketplace,8042,1494,0.51,2,Media,21,0,2206,1717,18.6,-6325,Alto,Bajo,464.16,60.2,0.374,0.052
2025-08-01,FIN-02-L034,FIN-02,Rosa,Vendela,Invernadero,2025-04-21,102,1.08,71270,105,Goteo,Coco,Vegetativo,7020,85000,0.88,16.8,25.2,10.7,68.8,12.3,0.0,0.58,12.1,57.7,16,24,7.1,10.6,90.7,Alto,1,1.6,30.0,14.1,1,PED-00837,2025-06-17,2025-08-02,CLI-008,Broker,Colombia,Preventa,5097,2630,0.429,5,Alta,45,0,5054,3131,51.6,-1966,Alto,Bajo,538.3,25.8,0.45,0.143
2025-01-25,FIN-02-L019,FIN-02,Gypsophila,New Love,Invernadero,2024-11-27,59,1.11,98571,75,Goteo,Suelo,Vegetativo,7215,78000,0.88,14.3,21.1,8.0,64.7,12.4,2.6,0.56,12.2,66.9,20,25,12.0,12.6,71.8,Bajo,1,3.1,5.8,6.0,16,PED-00838,2024-12-26,2025-01-28,CLI-030,Exportador,Países Bajos,Contrato,3359,3359,0.22,5,Media,30,1,4549,3720,100.0,361,Bajo,Bajo,377.9,72.3,0.325,0.029
2025-07-01,FIN-03-L037,FIN-03,Rosa,Mondial,Invernadero,2025-04-21,71,0.75,67593,105,Microaspersión,Suelo,Cosecha,4875,85000,0.88,14.3,18.8,10.2,78.7,15.7,3.3,0.34,12.2,55.3,21,13,7.7,6.5,83.5,Medio,1,19.2,11.9,13.2,8,PED-00839,2025-06-24,2025-07-06,CLI-078,Mayorista,Canadá,Marketplace,3666,1380,0.452,8,Baja,7,0,2539,1663,37.6,-2003,Alto,Bajo,293.11,28.4,0.256,0.14
2025-06-21,FIN-03-L054,FIN-03,Rosa,Vendela,Invernadero,2025-03-20,93,1.28,73299,105,Microaspersión,Cascarilla,Cosecha,8320,85000,0.88,18.7,23.4,13.3,83.3,10.2,1.6,0.34,11.7,64.9,27,24,15.2,17.2,100.0,Alto,1,13.0,4.0,7.8,8,PED-00840,2025-05-22,2025-06-25,CLI-109,Exportador,Estados Unidos,Spot,6187,5019,0.46,8,Media,30,0,6470,5135,81.1,-1052,Medio,Bajo,1251.91,64.4,0.316,-0.04
2025-05-29,FIN-03-L019,FIN-03,Rosa,Mondial,Campo abierto,2025-02-02,116,1.33,64877,105,Goteo,Coco,Cosecha,8645,85000,0.88,18.5,26.3,13.4,84.9,17.5,0.3,0.31,11.7,63.7,30,23,12.9,13.9,80.2,Medio,0,7.6,2.1,6.5,3,PED-00841,2025-04-29,2025-06-01,CLI-097,Mayorista,Países Bajos,Spot,5746,5746,0.399,10,Media,30,0,10975,9074,100.0,3328,Bajo,Alto,1103.05,72.6,0.31,0.021
2025-10-18,FIN-03-L055,FIN-03,Rosa,Freedom,Invernadero,2025-05-21,150,0.7,80063,105,Goteo,Coco,Cosecha,4550,85000,0.88,16.5,22.1,11.5,78.0,15.2,0.0,0.4,12.5,55.6,35,15,7.1,9.0,84.4,Medio,1,13.6,1.9,8.9,3,PED-00842,2025-09-18,2025-10-19,CLI-041,Retail,Estados Unidos,Preventa,1265,1265,0.519,0,Media,30,1,2847,2240,100.0,975,Bajo,Alto,442.12,60.5,0.34,0.034
2025-09-17,FIN-01-L010,FIN-01,Rosa,Explorer,Invernadero,2025-06-17,92,1.13,61885,105,Microaspersión,Suelo,Cosecha,7344,85000,0.88,17.5,22.2,11.5,64.4,17.0,0.2,0.69,12.3,46.2,18,20,13.4,7.2,88.8,Medio,0,31.0,28.3,19.9,10,PED-00843,2025-09-03,2025-09-21,CLI-057,Mayorista,Estados Unidos,Preventa,7912,1394,0.4,5,Alta,14,0,3346,1840,17.6,-6072,Alto,Bajo,273.56,0.0,0.295,-0.116
2025-07-14,FIN-04-L020,FIN-04,Rosa,Explorer,Invernadero,2025-03-03,133,1.41,67102,105,Goteo,Suelo,Vegetativo,9165,85000,0.88,19.4,27.9,14.7,65.0,15.1,2.5,0.75,12.3,65.4,19,27,15.7,13.6,65.6,Medio,0,19.1,13.8,14.5,8,PED-00844,2025-07-07,2025-07-15,CLI-108,Retail,Canadá,Contrato,1953,1953,0.456,5,Baja,7,0,5401,3335,100.0,1382,Bajo,Alto,483.89,18.5,0.135,0.093
2025-02-13,FIN-03-L011,FIN-03,Rosa,Freedom,Invernadero,2024-10-12,124,1.28,71041,105,Microaspersión,Coco,Cosecha,8320,85000,0.88,17.0,21.1,12.2,75.3,15.8,0.0,0.46,12.1,50.9,29,29,8.7,12.2,88.4,Medio,1,34.3,5.1,14.0,16,PED-00845,2025-01-23,2025-02-17,CLI-087,Retail,Estados Unidos,Contrato,4132,3141,0.573,0,Media,21,0,5905,3665,76.0,-467,Medio,Bajo,1180.23,17.0,0.25,0.058
2025-11-16,FIN-03-L014,FIN-03,Rosa,Explorer,Invernadero,2025-09-23,54,1.35,64908,105,Microaspersión,Coco,Cosecha,8775,85000,0.88,15.6,23.6,9.1,70.2,14.6,0.9,0.51,12.3,65.7,21,21,14.7,10.2,78.6,Medio,1,18.9,9.1,10.4,0,PED-00846,2025-11-09,2025-11-21,CLI-112,Mayorista,Canadá,Spot,2551,2159,0.525,0,Baja,7,0,3605,2472,84.6,-79,Medio,Bajo,739.94,37.7,0.15,0.012
2025-10-19,FIN-01-L005,FIN-01,Rosa,Vendela,Campo abierto,2025-07-20,91,1.32,60144,105,Goteo,Suelo,Vegetativo,8580,85000,0.88,20.3,27.3,13.4,70.4,9.1,3.8,0.66,11.4,71.1,29,23,20.1,13.4,89.5,Bajo,1,13.0,12.1,10.0,3,PED-00847,2025-10-12,2025-10-22,CLI-057,Supermercado,Chile,Marketplace,4974,2334,0.552,0,Alta,7,0,3846,2729,46.9,-2245,Alto,Bajo,830.92,45.0,0.24,0.034
2025-06-20,FIN-01-L012,FIN-01,Rosa,Freedom,Invernadero,2025-03-16,96,1.34,62293,105,Microaspersión,Cascarilla,Vegetativo,8710,85000,0.88,16.1,21.3,11.6,75.5,24.0,1.4,0.43,12.0,20.7,28,18,12.1,14.0,89.5,Alto,0,11.3,8.0,7.5,11,PED-00848,2025-06-06,2025-06-23,CLI-032,Supermercado,España,Contrato,6378,6378,0.547,8,Baja,14,0,14568,11111,100.0,4733,Bajo,Alto,1935.31,58.8,0.196,-0.002
2025-12-26,FIN-03-L060,FIN-03,Rosa,Mondial,Invernadero,2025-09-04,113,1.24,59988,105,Goteo,Cascarilla,Botón,8060,85000,0.88,19.0,27.9,14.0,85.2,15.5,0.0,0.31,12.3,45.5,24,23,16.1,7.9,84.3,Bajo,1,9.1,30.0,16.1,16,PED-00849,2025-12-19,2025-12-31,CLI-062,Supermercado,Estados Unidos,Contrato,6853,2352,0.423,8,Alta,7,1,4281,2398,34.3,-4455,Alto,Bajo,445.7,9.5,0.216,0.114
2025-06-02,FIN-04-L048,FIN-04,Rosa,Explorer,Invernadero,2025-04-02,61,1.34,62496,105,Microaspersión,Suelo,Vegetativo,8710,85000,0.88,17.4,23.1,12.2,61.2,11.8,1.8,0.74,12.3,78.0,30,23,14.2,11.1,79.5,Alto,0,14.5,19.1,14.4,4,PED-00850,2025-05-19,2025-06-06,CLI-032,Retail,Canadá,Contrato,1123,1123,0.467,8,Media,14,0,3055,1885,100.0,762,Bajo,Alto,277.86,20.7,0.156,-0.025
2025-05-03,FIN-02-L044,FIN-02,Clavel,Bizet,Invernadero,2025-02-11,81,1.48,70586,90,Goteo,Suelo,Botón,9620,105000,0.88,16.7,22.3,11.2,68.0,14.5,0.5,0.59,11.9,62.4,35,31,21.4,8.4,100.0,Medio,0,5.1,30.0,11.7,14,PED-00851,2025-04-03,2025-05-04,CLI-056,Exportador,Estados Unidos,Preventa,10506,5580,0.329,2,Media,30,1,9551,5898,53.1,-4608,Alto,Bajo,1131.06,28.3,0.45,-0.038
2025-09-06,FIN-04-L057,FIN-04,Rosa,Freedom,Campo abierto,2025-06-12,86,0.37,67068,105,Goteo,Suelo,Botón,2405,85000,0.88,16.0,22.7,10.2,81.7,13.2,0.7,0.32,12.2,46.8,39,6,3.3,3.5,95.0,Medio,0,13.9,3.9,8.0,6,PED-00852,2025-08-30,2025-09-10,CLI-059,Supermercado,Estados Unidos,Preventa,3064,1445,0.403,0,Media,7,0,1709,1338,47.2,-1726,Alto,Bajo,335.7,61.6,0.24,0.108
2025-01-20,FIN-02-L015,FIN-02,Gypsophila,New Love,Invernadero,2024-11-04,77,1.66,92050,75,Goteo,Suelo,Cosecha,10790,78000,0.88,14.1,18.6,8.8,65.2,9.2,0.0,0.54,12.9,54.9,30,34,17.9,17.1,78.5,Alto,1,15.6,2.0,9.3,5,PED-00853,2025-01-06,2025-01-21,CLI-093,Exportador,Estados Unidos,Contrato,4877,4877,0.164,10,Baja,14,1,6164,4725,100.0,-152,Medio,Bajo,273.04,55.3,0.19,0.0
2025-08-06,FIN-02-L028,FIN-02,Gypsophila,Million Star,Invernadero,2025-06-10,57,1.47,97647,75,Goteo,Cascarilla,Botón,9555,78000,0.88,19.8,26.9,14.1,80.3,15.2,2.1,0.43,12.0,54.3,31,37,11.5,13.1,100.0,Medio,0,1.4,28.3,11.4,17,PED-00854,2025-07-23,2025-08-08,CLI-081,Exportador,Chile,Preventa,5644,2854,0.206,5,Media,14,1,4823,3157,50.6,-2487,Alto,Bajo,307.47,36.7,0.295,0.133
2025-09-21,FIN-03-L011,FIN-03,Gypsophila,Million Star,Invernadero,2025-08-17,35,1.31,98774,75,Goteo,Suelo,Cosecha,8515,78000,0.88,20.9,29.2,14.6,67.0,16.5,2.0,0.76,12.7,57.7,23,29,15.2,11.7,77.3,Medio,1,27.5,27.3,18.5,15,PED-00855,2025-09-07,2025-09-22,CLI-087,Mayorista,Chile,Preventa,2590,630,0.168,0,Media,14,0,1491,820,24.3,-1770,Alto,Bajo,46.91,0.0,0.31,0.075
2025-01-03,FIN-03-L012,FIN-03,Rosa,Vendela,Invernadero,2024-10-21,74,0.26,59129,105,Microaspersión,Cascarilla,Vegetativo,1690,85000,0.88,16.6,20.7,10.6,65.2,13.9,2.4,0.64,11.9,54.3,27,6,3.9,2.5,82.0,Medio,0,23.8,7.3,12.0,9,PED-00856,2024-12-27,2025-01-04,CLI-063,Mayorista,Colombia,Preventa,4842,686,0.377,8,Alta,7,0,962,642,14.2,-4200,Alto,Bajo,101.09,31.0,0.216,0.05
2025-10-12,FIN-04-L052,FIN-04,Gypsophila,New Love,Invernadero,2025-06-23,111,1.63,91271,75,Microaspersión,Suelo,Reposo,10595,78000,0.88,17.6,23.6,10.9,70.8,19.2,2.4,0.57,11.7,43.3,28,35,18.8,13.7,78.6,Medio,1,16.4,25.8,18.5,0,PED-00857,2025-10-05,2025-10-14,CLI-115,Mayorista,Estados Unidos,Contrato,3142,2141,0.213,0,Media,7,0,3670,2018,68.1,-1124,Alto,Bajo,262.06,0.0,0.24,-0.007
2025-11-06,FIN-04-L028,FIN-04,Rosa,Vendela,Invernadero,2025-07-16,113,0.49,63337,105,Microaspersión,Cascarilla,Cosecha,3185,85000,0.88,16.5,21.3,9.6,51.6,17.9,0.0,0.88,11.9,43.7,26,7,6.9,5.1,93.3,Medio,0,13.7,8.1,9.4,1,PED-00858,2025-10-23,2025-11-07,CLI-053,Supermercado,Chile,Contrato,2742,2427,0.387,8,Alta,14,0,4121,3064,88.5,322,Bajo,Bajo,432.11,52.3,0.156,-0.01
2025-01-01,FIN-01-L039,FIN-01,Gypsophila,Million Star,Invernadero,2024-12-02,30,1.32,85903,75,Goteo,Cascarilla,Botón,8580,78000,0.88,16.5,21.8,11.7,59.7,16.9,1.4,0.73,12.3,29.1,23,23,15.3,9.0,90.1,Medio,0,14.8,16.4,10.7,8,PED-00859,2024-12-25,2025-01-04,CLI-025,Exportador,España,Spot,7360,1341,0.215,8,Media,7,0,2676,1772,18.2,-5588,Alto,Bajo,135.14,34.7,0.216,0.211
2025-02-23,FIN-03-L050,FIN-03,Rosa,Freedom,Invernadero,2024-11-02,113,0.23,66649,105,Goteo,Coco,Botón,1495,85000,0.88,14.0,19.4,9.9,75.5,21.5,3.6,0.38,12.5,16.5,27,4,3.6,2.0,93.8,Alto,1,6.0,11.4,7.3,4,PED-00860,2025-02-09,2025-02-25,CLI-073,Supermercado,España,Preventa,2957,1569,0.386,0,Baja,14,0,2039,1574,53.1,-1383,Alto,Bajo,328.87,62.6,0.35,-0.034
2025-07-05,FIN-03-L038,FIN-03,Rosa,Freedom,Invernadero,2025-03-14,113,1.74,70227,105,Microaspersión,Suelo,Cosecha,11310,85000,0.88,20.2,25.3,15.0,61.1,15.9,0.5,0.86,12.7,34.3,30,37,13.7,14.2,81.8,Medio,1,9.8,2.8,8.4,10,PED-00861,2025-06-21,2025-07-07,CLI-005,Exportador,Canadá,Spot,9886,9886,0.564,2,Baja,14,1,12895,10341,100.0,455,Bajo,Bajo,3454.67,64.9,0.214,-0.0
2025-10-10,FIN-04-L035,FIN-04,Rosa,Vendela,Invernadero,2025-06-08,124,1.47,67051,105,Microaspersión,Coco,Cosecha,9555,85000,0.88,13.7,18.2,7.1,65.2,21.8,1.8,0.52,11.9,34.3,28,28,18.8,11.8,69.9,Bajo,1,4.6,2.9,6.8,2,PED-00862,2025-09-10,2025-10-12,CLI-064,Supermercado,España,Spot,4477,4477,0.46,0,Media,30,1,12329,10194,100.0,5717,Bajo,Alto,1240.69,72.4,0.34,0.019
2025-10-26,FIN-03-L025,FIN-03,Clavel,Dover,Invernadero,2025-07-31,87,0.36,85692,90,Goteo,Coco,Vegetativo,2340,105000,0.88,14.6,20.5,10.4,69.8,11.1,0.8,0.49,12.1,58.5,12,8,4.0,3.2,84.2,Medio,0,12.7,11.6,9.5,8,PED-00863,2025-10-12,2025-10-28,CLI-081,Mayorista,Países Bajos,Spot,5655,1453,0.229,10,Media,14,0,1985,1413,25.7,-4242,Alto,Bajo,143.0,45.9,0.28,0.179
2025-06-09,FIN-04-L006,FIN-04,Clavel,Nelson,Invernadero,2025-03-24,77,1.39,69489,90,Microaspersión,Coco,Reposo,9035,105000,0.88,18.5,25.4,11.9,76.8,13.9,0.0,0.47,11.8,50.2,28,25,17.8,11.6,72.0,Medio,0,0.0,10.8,8.7,12,PED-00864,2025-05-10,2025-06-14,CLI-041,Supermercado,España,Spot,2503,2503,0.23,2,Alta,30,0,10914,8576,100.0,6073,Bajo,Alto,299.84,63.5,0.334,0.149
2025-03-06,FIN-02-L006,FIN-02,Gypsophila,Million Star,Invernadero,2025-01-03,62,1.34,104289,75,Goteo,Cascarilla,Botón,8710,78000,0.88,16.7,25.7,11.0,45.0,14.2,0.1,1.01,12.7,78.9,26,28,17.4,11.0,90.0,Bajo,1,23.7,1.9,10.9,13,PED-00865,2025-02-04,2025-03-11,CLI-096,Broker,Estados Unidos,Preventa,882,882,0.213,0,Media,30,1,6094,4412,100.0,3530,Bajo,Alto,106.55,43.6,0.34,-0.137
2025-08-12,FIN-03-L022,FIN-03,Clavel,Bizet,Invernadero,2025-04-29,105,0.97,74503,90,Goteo,Coco,Vegetativo,6305,105000,0.88,18.4,23.5,13.7,87.3,20.4,2.0,0.26,12.3,36.2,30,24,10.5,10.4,89.8,Medio,0,6.7,3.4,7.1,0,PED-00866,2025-07-22,2025-08-15,CLI-057,Mayorista,Estados Unidos,Contrato,5372,5372,0.274,8,Media,21,1,11737,9729,100.0,4357,Bajo,Alto,742.24,73.1,0.226,-0.059
2025-12-05,FIN-04-L058,FIN-04,Rosa,Vendela,Invernadero,2025-09-08,88,0.3,68028,105,Microaspersión,Coco,Vegetativo,1950,85000,0.88,15.9,23.8,11.8,71.8,22.1,0.0,0.49,11.8,11.4,8,7,3.5,2.9,79.8,Medio,0,3.0,9.3,6.9,4,PED-00867,2025-11-05,2025-12-07,CLI-005,Exportador,Chile,Contrato,13903,2707,0.615,5,Media,30,0,3104,2467,19.5,-11436,Alto,Bajo,1045.38,67.3,0.45,0.103
2025-12-03,FIN-04-L029,FIN-04,Rosa,Vendela,Campo abierto,2025-09-01,93,0.85,57660,105,Microaspersión,Suelo,Botón,5525,85000,0.88,18.5,22.8,12.9,65.4,15.1,0.6,0.7,12.4,41.2,26,17,8.7,4.2,75.6,Medio,0,13.6,6.3,10.5,11,PED-00868,2025-11-19,2025-12-04,CLI-118,Retail,Estados Unidos,Preventa,3181,2779,0.565,0,Media,14,0,4984,3671,87.4,490,Bajo,Medio,1008.49,48.4,0.18,-0.037
2025-02-18,FIN-02-L003,FIN-02,Rosa,Freedom,Invernadero,2024-10-08,133,0.28,75319,105,Goteo,Suelo,Cosecha,1820,85000,0.88,17.0,25.5,11.4,65.8,14.7,0.0,0.64,12.4,63.3,30,6,3.6,2.5,69.0,Bajo,1,28.7,23.0,19.0,2,PED-00869,2025-01-28,2025-02-20,CLI-070,Exportador,Estados Unidos,Spot,7320,369,0.434,2,Media,21,0,667,366,5.0,-6954,Alto,Bajo,85.57,0.0,0.374,-0.081
2025-05-25,FIN-01-L052,FIN-01,Rosa,Vendela,Invernadero,2025-01-14,131,0.69,65658,105,Microaspersión,Cascarilla,Botón,4485,85000,0.88,15.1,22.6,8.2,66.1,15.6,0.6,0.56,12.5,45.8,22,13,8.0,7.2,96.9,Bajo,0,23.2,1.5,8.9,8,PED-00870,2025-04-25,2025-05-26,CLI-011,Supermercado,Estados Unidos,Contrato,4981,1954,0.522,0,Media,30,0,2795,2082,39.2,-2899,Alto,Bajo,652.91,50.8,0.45,-0.041
2025-05-11,FIN-03-L037,FIN-03,Gypsophila,Xlence,Invernadero,2025-03-11,61,1.49,101124,75,Goteo,Suelo,Cosecha,9685,78000,0.88,15.3,21.6,10.7,66.0,12.8,0.8,0.57,12.0,53.8,25,39,15.0,13.1,71.7,Alto,0,6.9,8.5,12.4,13,PED-00871,2025-04-27,2025-05-12,CLI-116,Mayorista,Colombia,Preventa,7047,3992,0.259,0,Media,14,1,6671,4987,56.6,-2060,Alto,Bajo,659.6,49.5,0.31,0.08
2025-08-08,FIN-04-L056,FIN-04,Clavel,Bizet,Campo abierto,2025-05-25,75,0.56,86846,90,Goteo,Cascarilla,Botón,3640,105000,0.88,14.1,19.9,9.6,54.9,20.4,0.0,0.7,11.7,33.3,27,10,5.0,4.3,80.3,Medio,1,17.0,0.7,7.3,9,PED-00872,2025-08-01,2025-08-11,CLI-011,Retail,Estados Unidos,Marketplace,827,827,0.262,0,Baja,7,0,4777,3718,100.0,2891,Bajo,Alto,124.58,59.9,0.15,-0.149
2025-07-24,FIN-03-L009,FIN-03,Rosa,Explorer,Invernadero,2025-04-13,102,1.47,80716,105,Microaspersión,Suelo,Cosecha,9555,85000,0.88,15.3,19.6,10.4,66.5,17.5,0.0,0.56,12.6,39.1,22,23,20.7,18.7,74.9,Medio,0,28.1,9.9,12.1,12,PED-00873,2025-07-17,2025-07-26,CLI-044,Supermercado,Estados Unidos,Contrato,3805,3805,0.508,0,Media,7,1,8697,5337,100.0,1532,Bajo,Alto,1153.12,19.1,0.11,0.045
2025-01-09,FIN-01-L037,FIN-01,Rosa,Freedom,Invernadero,2024-09-21,110,0.87,55072,105,Microaspersión,Coco,Cosecha,5655,85000,0.88,15.9,23.2,9.3,76.2,13.4,1.6,0.42,12.2,48.4,23,19,10.3,4.4,81.7,Medio,1,19.3,3.1,8.5,11,PED-00874,2024-12-19,2025-01-13,CLI-095,Exportador,Estados Unidos,Preventa,5647,3165,0.452,10,Media,21,0,5152,3823,56.0,-1824,Alto,Bajo,726.04,50.9,0.35,0.266
2025-03-03,FIN-01-L010,FIN-01,Rosa,Freedom,Invernadero,2024-11-15,108,1.34,67417,105,Microaspersión,Cascarilla,Cosecha,8710,85000,0.88,16.1,21.0,9.7,77.0,13.2,0.2,0.41,11.7,55.6,21,24,16.8,14.0,88.3,Alto,1,15.8,4.7,8.9,3,PED-00875,2025-01-17,2025-03-06,CLI-056,Exportador,Estados Unidos,Preventa,12493,5506,0.464,0,Alta,45,1,8403,6346,44.1,-6147,Alto,Bajo,1627.76,54.2,0.45,0.104
2025-10-18,FIN-03-L055,FIN-03,Rosa,Freedom,Invernadero,2025-07-13,97,0.74,63939,105,Goteo,Cascarilla,Cosecha,4810,85000,0.88,15.6,20.6,8.9,82.5,12.2,0.0,0.3,12.0,64.4,33,12,7.8,3.5,67.5,Medio,0,4.8,9.8,8.9,11,PED-00876,2025-10-04,2025-10-21,CLI-119,Broker,Colombia,Preventa,3239,3239,0.451,2,Media,14,0,4264,3239,100.0,0,Bajo,Bajo,867.36,56.8,0.174,0.071
2025-10-14,FIN-02-L001,FIN-02,Gypsophila,Million Star,Invernadero,2025-08-05,70,0.98,91712,75,Microaspersión,Cascarilla,Vegetativo,6370,78000,0.88,17.8,26.2,11.4,78.6,14.8,0.0,0.42,12.3,64.9,23,21,16.3,8.5,75.1,Alto,1,31.8,7.6,12.5,5,PED-00877,2025-09-14,2025-10-19,CLI-084,Exportador,Estados Unidos,Preventa,3507,3154,0.187,0,Alta,30,1,4691,2854,89.9,-653,Alto,Bajo,277.83,16.6,0.45,0.035
2025-09-27,FIN-01-L007,FIN-01,Rosa,Vendela,Invernadero,2025-05-31,119,0.64,59390,105,Microaspersión,Coco,Cosecha,4160,85000,0.88,14.1,19.1,7.4,93.6,24.1,0.0,0.25,12.0,21.5,12,12,8.6,5.3,82.5,Medio,1,35.0,4.4,12.9,2,PED-00878,2025-09-20,2025-09-29,CLI-024,Retail,Colombia,Preventa,1169,1169,0.498,8,Baja,7,0,4519,2804,100.0,1635,Bajo,Alto,302.82,17.9,0.126,0.026
2025-11-01,FIN-02-L050,FIN-02,Rosa,Vendela,Invernadero,2025-07-29,95,1.55,72012,105,Microaspersión,Coco,Cosecha,10075,85000,0.88,15.6,23.2,10.3,66.2,22.7,0.8,0.58,11.9,16.8,28,28,21.6,13.6,73.2,Bajo,1,11.5,11.8,9.1,11,PED-00879,2025-10-25,2025-11-02,CLI-067,Retail,Colombia,Preventa,2079,2079,0.382,2,Alta,7,0,11451,8111,100.0,6032,Bajo,Alto,417.15,45.4,0.104,0.019
2025-07-17,FIN-03-L029,FIN-03,Rosa,Vendela,Invernadero,2025-05-12,66,1.64,64907,105,Goteo,Cascarilla,Botón,10660,85000,0.88,13.3,17.6,9.1,90.0,21.5,0.3,0.25,11.9,22.7,24,33,19.4,18.5,67.6,Medio,1,11.6,7.1,8.7,4,PED-00880,2025-07-03,2025-07-21,CLI-045,Mayorista,Estados Unidos,Preventa,5563,4020,0.566,5,Media,14,0,6262,4642,72.3,-921,Medio,Bajo,1425.73,51.7,0.165,0.051
2025-05-11,FIN-04-L058,FIN-04,Rosa,Vendela,Invernadero,2025-02-13,87,1.0,58741,105,Goteo,Suelo,Cosecha,6500,85000,0.88,21.7,28.7,15.0,71.5,7.5,0.0,0.68,12.4,76.0,30,19,14.2,7.5,83.2,Alto,0,8.3,0.9,6.3,0,PED-00881,2025-04-27,2025-05-15,CLI-056,Supermercado,Estados Unidos,Preventa,8632,2375,0.463,0,Media,14,1,2994,2502,27.5,-6130,Alto,Bajo,666.52,74.6,0.31,0.05
2025-08-17,FIN-03-L044,FIN-03,Clavel,Bizet,Invernadero,2025-06-25,53,1.42,90587,90,Microaspersión,Suelo,Vegetativo,9230,105000,0.88,20.0,24.4,14.0,87.8,21.0,0.0,0.27,12.4,25.7,31,27,18.0,15.6,93.4,Medio,0,8.3,0.4,7.4,12,PED-00882,2025-08-03,2025-08-22,CLI-083,Exportador,Colombia,Preventa,7943,7943,0.284,8,Media,14,0,11520,9743,100.0,1800,Bajo,Medio,1150.26,75.6,0.156,0.01
2025-03-18,FIN-02-L037,FIN-02,Rosa,Vendela,Invernadero,2025-01-11,66,0.19,64928,105,Microaspersión,Coco,Cosecha,1235,85000,0.88,17.4,23.3,11.4,87.2,11.3,2.6,0.25,12.1,77.9,24,4,2.5,2.2,85.5,Bajo,1,27.3,5.6,11.8,16,PED-00883,2025-03-11,2025-03-20,CLI-112,Retail,Chile,Spot,1446,296,0.474,8,Baja,7,0,419,278,20.5,-1168,Alto,Bajo,73.38,30.0,0.256,0.12
2025-03-21,FIN-04-L007,FIN-04,Clavel,Nelson,Invernadero,2024-11-26,115,1.59,80844,90,Goteo,Cascarilla,Cosecha,10335,105000,0.88,14.6,21.9,10.0,83.4,18.6,3.5,0.27,11.8,44.5,27,33,21.2,18.9,77.5,Medio,0,13.4,12.2,11.7,6,PED-00884,2025-02-28,2025-03-23,CLI-042,Retail,Canadá,Contrato,606,606,0.296,5,Alta,21,0,9817,6751,100.0,6145,Bajo,Alto,105.3,37.7,0.235,0.07
2025-02-04,FIN-02-L040,FIN-02,Rosa,Mondial,Invernadero,2024-10-29,98,0.83,75606,105,Microaspersión,Suelo,Vegetativo,5395,85000,0.88,14.3,19.9,9.7,75.7,13.6,0.0,0.38,12.4,35.1,24,14,9.0,10.2,80.5,Medio,0,5.5,3.5,7.0,5,PED-00885,2025-01-21,2025-02-07,CLI-090,Mayorista,Países Bajos,Contrato,12649,4002,0.595,2,Media,14,1,5942,4911,31.6,-7738,Alto,Bajo,1515.03,72.5,0.304,-0.025
2025-11-24,FIN-02-L005,FIN-02,Rosa,Vendela,Invernadero,2025-09-07,78,1.15,64640,105,Goteo,Cascarilla,Vegetativo,7474,85000,0.88,18.1,25.1,11.2,57.4,9.8,0.0,0.85,12.1,58.0,30,23,13.7,15.8,89.3,Medio,1,13.4,11.2,10.6,9,PED-00886,2025-11-10,2025-11-29,CLI-074,Mayorista,Estados Unidos,Spot,2878,2811,0.527,0,Media,14,1,3588,2554,97.7,-324,Medio,Bajo,950.54,44.5,0.18,0.06
2025-08-13,FIN-03-L040,FIN-03,Rosa,Explorer,Campo abierto,2025-05-22,83,0.88,61641,105,Goteo,Suelo,Botón,5720,85000,0.88,15.0,20.8,9.2,58.6,19.9,0.0,0.68,12.2,59.8,18,16,8.3,9.2,92.7,Medio,1,9.6,11.8,9.5,12,PED-00887,2025-07-23,2025-08-15,CLI-045,Mayorista,Estados Unidos,Spot,6143,3383,0.508,0,Media,21,0,6084,4488,55.1,-1655,Alto,Bajo,1114.25,52.1,0.38,0.028
2025-11-24,FIN-04-L021,FIN-04,Rosa,Freedom,Invernadero,2025-08-30,86,1.01,67676,105,Microaspersión,Coco,Cosecha,6565,85000,0.88,19.5,27.3,15.0,86.7,18.7,1.4,0.29,12.6,39.5,25,17,12.1,11.5,81.6,Medio,1,22.8,9.4,11.3,3,PED-00888,2025-11-17,2025-11-28,CLI-104,Supermercado,Colombia,Contrato,3107,3069,0.443,2,Alta,7,0,5125,3379,98.8,272,Bajo,Bajo,702.93,30.6,0.104,-0.17
2025-01-08,FIN-02-L019,FIN-02,Rosa,Vendela,Invernadero,2024-10-03,97,1.38,62953,105,Goteo,Coco,Botón,8970,85000,0.88,15.6,22.6,8.9,73.7,15.7,0.0,0.45,12.5,36.7,24,35,21.0,12.9,100.0,Medio,1,2.9,10.1,10.7,10,PED-00889,2024-12-09,2025-01-09,CLI-098,Retail,Estados Unidos,Marketplace,1217,1217,0.372,5,Media,30,0,9182,7290,100.0,6073,Bajo,Alto,180.15,63.3,0.325,0.174
2025-10-10,FIN-01-L058,FIN-01,Rosa,Explorer,Invernadero,2025-07-19,83,1.65,67606,105,Microaspersión,Coco,Vegetativo,10725,85000,0.88,15.6,20.1,10.7,73.3,14.9,0.8,0.46,11.6,69.2,29,29,20.3,23.1,77.0,Medio,0,15.8,8.0,8.8,14,PED-00890,2025-09-19,2025-10-14,CLI-086,Mayorista,Estados Unidos,Preventa,4217,4217,0.388,8,Alta,21,1,8069,5793,100.0,1576,Bajo,Alto,743.44,46.6,0.226,-0.004
2025-04-20,FIN-03-L030,FIN-03,Rosa,Vendela,Invernadero,2024-12-03,138,0.8,68670,105,Goteo,Suelo,Botón,5200,85000,0.88,15.6,24.2,9.6,86.3,10.1,3.1,0.25,11.4,71.8,24,12,9.6,7.9,86.5,Alto,1,12.4,9.9,10.9,3,PED-00891,2025-03-30,2025-04-21,CLI-045,Exportador,Países Bajos,Spot,9653,1602,0.486,8,Alta,21,0,2678,1939,16.6,-7714,Alto,Bajo,409.55,46.5,0.356,0.222
2025-04-18,FIN-01-L059,FIN-01,Clavel,Dover,Invernadero,2025-01-20,88,1.72,79504,90,Microaspersión,Cascarilla,Cosecha,11180,105000,0.88,16.8,24.8,9.9,52.5,15.9,0.7,0.88,11.8,64.8,24,29,20.4,22.9,78.6,Alto,0,12.4,18.1,13.8,5,PED-00892,2025-03-28,2025-04-21,CLI-036,Retail,Colombia,Spot,1070,1070,0.208,8,Media,21,0,13262,8477,100.0,7407,Bajo,Alto,70.41,26.2,0.226,0.081
2025-03-06,FIN-03-L055,FIN-03,Rosa,Vendela,Invernadero,2024-11-15,111,1.4,71707,105,Goteo,Suelo,Cosecha,9100,85000,0.88,16.2,24.1,11.1,58.5,23.6,0.4,0.74,11.6,40.2,17,29,15.1,13.9,70.2,Medio,0,6.5,28.1,17.9,3,PED-00893,2025-02-20,2025-03-07,CLI-075,Mayorista,Canadá,Preventa,4212,3927,0.439,2,Media,14,0,9126,5199,93.2,987,Bajo,Medio,993.17,8.7,0.174,-0.001
2025-10-31,FIN-04-L029,FIN-04,Gypsophila,New Love,Invernadero,2025-07-03,120,0.63,92729,75,Microaspersión,Suelo,Cosecha,4095,78000,0.88,16.4,22.3,9.7,59.3,19.0,3.4,0.73,12.5,21.9,33,12,8.2,4.9,74.4,Alto,1,12.3,15.8,11.6,15,PED-00894,2025-10-10,2025-11-05,CLI-090,Exportador,Estados Unidos,Spot,6054,1311,0.173,0,Media,21,0,1877,1244,21.7,-4810,Alto,Bajo,99.73,33.3,0.38,-0.011
2025-05-21,FIN-04-L009,FIN-04,Rosa,Explorer,Invernadero,2024-12-29,143,0.84,59367,105,Microaspersión,Suelo,Vegetativo,5460,85000,0.88,17.0,22.9,12.7,85.0,20.8,4.2,0.28,12.5,37.2,29,17,7.9,5.8,92.7,Medio,1,4.9,4.0,6.2,4,PED-00895,2025-04-06,2025-05-26,CLI-023,Supermercado,Estados Unidos,Preventa,3835,3835,0.524,8,Media,45,0,6682,5622,100.0,1787,Bajo,Alto,1056.02,77.3,0.45,-0.104
2025-03-16,FIN-04-L060,FIN-04,Rosa,Mondial,Invernadero,2024-12-13,93,1.6,70778,105,Microaspersión,Cascarilla,Vegetativo,10400,85000,0.88,15.5,21.9,10.8,71.5,20.4,0.0,0.49,12.4,38.8,19,26,22.2,15.9,80.3,Bajo,1,1.8,3.3,7.0,5,PED-00896,2025-03-09,2025-03-17,CLI-076,Supermercado,Estados Unidos,Spot,4232,4232,0.452,5,Alta,7,0,15311,13015,100.0,8783,Bajo,Alto,1014.53,77.9,0.095,0.054
2025-03-03,FIN-04-L007,FIN-04,Rosa,Explorer,Invernadero,2024-10-30,124,1.62,63892,105,Microaspersión,Coco,Cosecha,10530,85000,0.88,17.3,25.7,11.0,78.5,16.0,0.4,0.41,12.2,66.9,45,35,12.1,15.4,79.8,Medio,1,5.0,26.9,12.5,1,PED-00897,2025-02-17,2025-03-06,CLI-029,Retail,Estados Unidos,Preventa,1048,1048,0.462,5,Media,14,0,7923,4909,100.0,3861,Bajo,Alto,257.72,26.4,0.165,0.076
2025-09-29,FIN-02-L059,FIN-02,Clavel,Bizet,Invernadero,2025-06-29,92,1.5,76261,90,Goteo,Cascarilla,Botón,9750,105000,0.88,11.6,18.2,5.4,81.9,9.6,2.5,0.25,12.6,63.8,29,35,16.1,13.9,74.3,Medio,0,11.0,6.4,11.0,4,PED-00898,2025-09-08,2025-10-02,CLI-049,Retail,Estados Unidos,Preventa,1713,1713,0.241,0,Media,21,0,6613,4947,100.0,3234,Bajo,Alto,212.71,50.5,0.25,0.173
2025-07-04,FIN-01-L046,FIN-01,Rosa,Vendela,Invernadero,2025-03-19,107,1.26,64872,105,Goteo,Cascarilla,Reposo,8190,85000,0.88,18.3,25.3,12.7,72.9,15.0,2.0,0.55,12.0,52.5,14,15,13.7,9.2,82.0,Alto,1,16.3,0.9,6.5,5,PED-00899,2025-06-04,2025-07-07,CLI-056,Exportador,Estados Unidos,Spot,13370,8636,0.411,10,Media,30,1,10258,8062,64.6,-5308,Alto,Bajo,1481.42,62.7,0.44,0.036
2025-08-05,FIN-03-L055,FIN-03,Rosa,Freedom,Invernadero,2025-04-27,100,1.09,69269,105,Microaspersión,Coco,Botón,7085,85000,0.88,17.1,24.9,11.2,80.4,18.2,0.0,0.37,12.2,22.2,36,18,14.3,9.9,98.1,Alto,0,6.2,12.6,8.8,0,PED-00900,2025-07-22,2025-08-09,CLI-070,Exportador,Canadá,Preventa,10941,7765,0.403,5,Media,14,0,10034,7624,71.0,-3317,Alto,Bajo,1367.46,58.5,0.295,-0.16
2025-07-08,FIN-03-L060,FIN-03,Clavel,Nelson,Invernadero,2025-05-03,66,0.59,76460,90,Microaspersión,Coco,Cosecha,3835,105000,0.88,14.8,21.7,10.1,81.6,20.7,0.1,0.3,12.1,46.1,28,9,9.5,5.1,88.2,Medio,1,5.9,11.0,8.1,3,PED-00901,2025-06-24,2025-07-13,CLI-078,Retail,Países Bajos,Spot,1121,1121,0.29,0,Media,14,0,4253,3263,100.0,2142,Bajo,Alto,206.01,60.3,0.18,0.043
2025-09-22,FIN-02-L034,FIN-02,Rosa,Vendela,Invernadero,2025-07-13,71,1.37,76616,105,Microaspersión,Suelo,Cosecha,8905,85000,0.88,17.1,23.0,12.1,63.8,15.8,1.5,0.68,11.8,52.1,22,32,17.7,15.8,76.3,Medio,1,1.8,5.1,7.5,12,PED-00902,2025-08-23,2025-09-25,CLI-099,Exportador,Países Bajos,Spot,9173,6573,0.428,2,Media,30,0,7850,6513,71.7,-2660,Alto,Bajo,1685.49,73.2,0.45,0.037
2025-01-24,FIN-03-L033,FIN-03,Rosa,Explorer,Invernadero,2024-09-12,134,1.53,75220,105,Microaspersión,Suelo,Reposo,9945,85000,0.88,17.6,24.0,12.9,52.5,11.3,0.0,0.92,11.9,63.7,28,27,18.8,16.6,86.3,Bajo,1,23.4,17.2,12.9,2,PED-00903,2025-01-10,2025-01-29,CLI-002,Supermercado,Colombia,Preventa,4183,1647,0.396,2,Media,14,0,3449,2040,39.4,-2143,Alto,Bajo,306.38,15.9,0.304,0.009
2025-12-22,FIN-04-L044,FIN-04,Rosa,Freedom,Invernadero,2025-08-05,139,1.23,64113,105,Microaspersión,Cascarilla,Vegetativo,7995,85000,0.88,18.1,23.3,13.7,93.4,16.9,0.0,0.25,12.0,67.4,29,21,16.7,13.7,73.9,Alto,1,22.1,6.0,10.8,13,PED-00904,2025-12-01,2025-12-26,CLI-095,Broker,España,Spot,9461,4763,0.533,0,Baja,21,0,6270,4295,50.3,-5166,Alto,Bajo,1627.12,35.9,0.42,-0.015
2025-12-19,FIN-02-L048,FIN-02,Rosa,Mondial,Invernadero,2025-10-11,69,1.7,76088,105,Goteo,Suelo,Cosecha,11050,85000,0.88,14.0,20.3,9.2,67.8,19.3,0.0,0.5,11.9,52.6,40,33,22.3,11.4,87.1,Medio,1,22.7,0.9,8.8,12,PED-00905,2025-11-28,2025-12-24,CLI-102,Broker,Colombia,Contrato,11724,5169,0.445,0,Baja,21,0,8522,6336,44.1,-5388,Alto,Bajo,1260.32,50.2,0.42,0.016
2025-02-20,FIN-03-L015,FIN-03,Rosa,Mondial,Invernadero,2024-11-16,96,0.55,72612,105,Microaspersión,Suelo,Botón,3575,85000,0.88,18.2,26.5,13.7,82.5,15.6,0.6,0.35,12.0,65.9,32,11,7.9,5.4,95.1,Medio,0,25.6,3.9,10.2,3,PED-00906,2025-01-06,2025-02-24,CLI-074,Exportador,España,Contrato,10885,2494,0.495,0,Media,45,1,3183,2242,22.9,-8643,Alto,Bajo,806.47,40.7,0.45,0.079
2025-10-17,FIN-02-L014,FIN-02,Rosa,Freedom,Invernadero,2025-07-21,88,0.25,60346,105,Microaspersión,Cascarilla,Botón,1625,85000,0.88,14.3,20.0,10.2,79.5,14.1,9.5,0.32,12.5,66.5,36,4,2.4,1.9,94.8,Alto,1,23.5,16.8,13.7,15,PED-00907,2025-10-03,2025-10-22,CLI-072,Exportador,Estados Unidos,Preventa,8661,521,0.39,5,Alta,14,0,958,574,6.0,-8087,Alto,Bajo,94.79,16.8,0.295,0.03
2025-04-23,FIN-04-L009,FIN-04,Gypsophila,Xlence,Campo abierto,2025-02-20,62,1.08,96816,75,Goteo,Suelo,Vegetativo,7020,78000,0.88,16.3,21.5,12.0,88.2,16.4,1.5,0.25,11.4,60.4,13,13,13.8,9.7,99.4,Medio,0,8.9,21.0,11.8,10,PED-00908,2025-04-16,2025-04-27,CLI-026,Exportador,Chile,Contrato,5062,2876,0.18,5,Baja,7,0,4898,3261,56.8,-1801,Alto,Bajo,203.66,36.1,0.265,0.113
2025-05-27,FIN-02-L056,FIN-02,Rosa,Vendela,Invernadero,2025-03-14,74,1.58,63480,105,Microaspersión,Coco,Vegetativo,10270,85000,0.88,14.8,19.9,9.4,74.3,10.1,0.0,0.42,11.7,63.7,38,34,19.5,20.4,98.7,Medio,1,5.1,10.9,6.9,9,PED-00909,2025-05-20,2025-05-29,CLI-113,Exportador,Estados Unidos,Spot,7679,3547,0.482,0,Media,7,0,5128,4042,46.2,-3637,Alto,Bajo,1037.04,66.7,0.24,0.183
2025-07-16,FIN-01-L057,FIN-01,Rosa,Vendela,Invernadero,2025-04-04,103,0.51,73369,105,Goteo,Coco,Botón,3315,85000,0.88,15.3,23.7,9.4,67.4,15.6,0.5,0.55,12.4,41.2,29,10,7.6,4.3,100.0,Bajo,0,2.9,22.5,12.0,3,PED-00910,2025-07-09,2025-07-21,CLI-001,Exportador,Estados Unidos,Contrato,8808,1580,0.512,0,Alta,7,0,2977,2052,17.9,-6756,Alto,Bajo,534.28,42.0,0.24,0.178
2025-04-28,FIN-01-L004,FIN-01,Rosa,Freedom,Campo abierto,2025-02-22,65,1.14,74128,105,Microaspersión,Coco,Reposo,7409,85000,0.88,18.6,23.1,12.2,80.1,19.8,0.0,0.41,12.5,34.2,31,16,11.5,11.2,90.1,Bajo,1,6.5,20.0,11.3,11,PED-00911,2025-04-21,2025-05-01,CLI-109,Broker,Canadá,Contrato,8717,3621,0.396,5,Baja,7,0,4771,3248,41.5,-5469,Alto,Bajo,710.33,39.7,0.265,0.034
2025-06-02,FIN-03-L004,FIN-03,Rosa,Freedom,Invernadero,2025-02-25,97,1.65,62524,105,Goteo,Coco,Cosecha,10725,85000,0.88,20.5,25.0,15.8,81.3,16.5,0.0,0.42,12.4,46.9,18,37,20.4,21.2,88.7,Medio,1,2.3,21.9,15.0,14,PED-00912,2025-05-19,2025-06-05,CLI-038,Exportador,Chile,Preventa,8742,4898,0.433,5,Media,14,1,8759,5909,56.0,-2833,Alto,Bajo,1019.58,34.6,0.295,0.023
2025-03-27,FIN-01-L015,FIN-01,Rosa,Vendela,Invernadero,2024-12-23,94,0.47,70919,105,Microaspersión,Cascarilla,Cosecha,3055,85000,0.88,15.2,23.0,10.2,66.1,16.6,0.3,0.57,11.5,51.4,38,7,6.3,4.6,79.8,Medio,1,35.0,9.9,15.8,13,PED-00913,2025-03-13,2025-03-28,CLI-111,Exportador,Estados Unidos,Spot,8064,996,0.442,2,Baja,14,0,1976,1111,12.4,-6953,Alto,Bajo,229.73,2.9,0.344,0.155
2025-04-08,FIN-04-L019,FIN-04,Clavel,Dover,Campo abierto,2025-01-18,80,1.71,63964,90,Goteo,Suelo,Cosecha,11115,105000,0.88,15.7,22.5,11.6,75.7,15.7,0.0,0.42,12.8,39.3,20,26,23.8,18.7,89.6,Medio,0,28.7,10.2,14.2,17,PED-00914,2025-03-25,2025-04-13,CLI-090,Mayorista,Estados Unidos,Marketplace,6087,5782,0.308,12,Baja,14,0,10206,6266,95.0,179,Bajo,Bajo,875.84,17.1,0.184,0.124
2025-02-03,FIN-02-L032,FIN-02,Clavel,Nelson,Invernadero,2024-11-05,90,1.41,79709,90,Microaspersión,Coco,Botón,9165,105000,0.88,16.7,24.5,11.6,69.6,20.3,0.8,0.56,12.1,44.3,23,28,14.2,14.2,89.1,Medio,0,13.2,7.3,10.5,9,PED-00915,2025-01-04,2025-02-06,CLI-083,Mayorista,Colombia,Marketplace,5667,5667,0.271,0,Media,30,0,16043,11944,100.0,6277,Bajo,Alto,893.02,50.8,0.34,-0.072
2025-07-09,FIN-01-L028,FIN-01,Rosa,Explorer,Invernadero,2025-04-06,94,0.18,61908,105,Microaspersión,Suelo,Cosecha,1170,85000,0.88,15.0,20.0,8.0,66.9,21.7,1.9,0.55,12.5,40.7,38,4,2.0,1.5,84.3,Alto,1,14.8,3.6,8.8,15,PED-00916,2025-06-25,2025-07-14,CLI-012,Mayorista,Chile,Spot,3356,1136,0.48,2,Baja,14,1,1624,1244,33.8,-2112,Alto,Bajo,327.97,56.5,0.344,-0.004
2025-11-14,FIN-04-L017,FIN-04,Rosa,Explorer,Invernadero,2025-07-28,109,1.44,69347,105,Goteo,Coco,Botón,9360,85000,0.88,15.3,21.5,10.3,78.4,11.3,3.6,0.36,12.5,64.8,24,26,20.9,15.1,87.3,Medio,0,15.0,7.7,11.9,3,PED-00917,2025-10-31,2025-11-15,CLI-085,Retail,Estados Unidos,Spot,1137,1137,0.529,2,Media,14,0,6959,5032,100.0,3895,Bajo,Alto,378.08,44.3,0.174,0.084
2025-08-14,FIN-01-L060,FIN-01,Clavel,Dover,Invernadero,2025-04-27,109,0.26,72401,90,Microaspersión,Cascarilla,Reposo,1690,105000,0.88,18.9,24.4,12.0,81.3,13.6,4.3,0.39,11.8,67.4,34,4,2.7,1.6,91.7,Bajo,1,2.8,9.2,9.9,5,PED-00918,2025-07-15,2025-08-19,CLI-072,Mayorista,España,Preventa,3312,1105,0.308,2,Media,30,1,1676,1335,33.4,-1977,Alto,Bajo,209.09,64.4,0.45,-0.023
2025-12-01,FIN-01-L028,FIN-01,Clavel,Nelson,Invernadero,2025-07-09,145,0.61,75405,90,Goteo,Suelo,Botón,3965,105000,0.88,17.2,23.3,12.0,74.3,16.4,0.0,0.49,12.9,62.8,31,13,8.0,5.2,81.6,Alto,1,6.5,5.4,8.5,6,PED-00919,2025-11-01,2025-12-03,CLI-107,Supermercado,Estados Unidos,Spot,4527,2060,0.342,0,Media,30,0,2370,1896,45.5,-2631,Alto,Bajo,446.35,65.4,0.45,0.22
2025-10-08,FIN-04-L038,FIN-04,Rosa,Mondial,Campo abierto,2025-06-03,127,0.99,73174,105,Goteo,Cascarilla,Vegetativo,6435,85000,0.88,20.2,26.6,15.5,96.0,21.2,4.3,0.25,12.4,36.5,21,20,10.6,8.4,77.1,Medio,1,10.8,8.4,8.7,1,PED-00920,2025-09-17,2025-10-13,CLI-105,Exportador,España,Spot,6324,3972,0.431,5,Media,21,0,6684,4981,62.8,-1343,Alto,Bajo,848.88,53.3,0.365,-0.0
2025-10-26,FIN-03-L021,FIN-03,Gypsophila,New Love,Invernadero,2025-09-08,48,0.96,97304,75,Microaspersión,Suelo,Vegetativo,6240,78000,0.88,15.0,22.3,9.2,78.7,15.1,0.0,0.35,12.4,55.7,29,10,10.7,8.4,87.5,Bajo,1,22.3,2.3,11.9,12,PED-00921,2025-09-26,2025-10-31,CLI-103,Exportador,Países Bajos,Preventa,5022,1828,0.157,10,Alta,30,0,2915,2106,36.4,-2916,Alto,Bajo,88.12,42.2,0.44,-0.116
2025-11-24,FIN-01-L048,FIN-01,Rosa,Explorer,Invernadero,2025-10-01,54,1.74,63910,105,Goteo,Coco,Reposo,11310,85000,0.88,14.8,20.6,8.0,63.6,20.4,4.2,0.59,12.2,39.0,25,38,21.2,15.0,92.7,Medio,1,7.2,3.1,11.1,4,PED-00922,2025-11-17,2025-11-27,CLI-089,Exportador,Estados Unidos,Preventa,9815,5572,0.408,8,Baja,7,0,7314,5963,56.8,-3852,Alto,Bajo,986.56,65.1,0.256,-0.008
2025-12-30,FIN-04-L057,FIN-04,Clavel,Nelson,Invernadero,2025-09-09,112,1.05,77765,90,Goteo,Coco,Cosecha,6825,105000,0.88,11.1,19.8,5.5,69.6,15.2,0.1,0.37,12.1,57.2,24,21,12.8,11.6,85.1,Medio,1,21.2,7.3,8.9,5,PED-00923,2025-12-16,2026-01-01,CLI-020,Mayorista,Países Bajos,Preventa,5391,2677,0.35,10,Media,14,0,4445,3106,49.7,-2285,Alto,Bajo,531.01,42.0,0.28,-0.105
2025-09-03,FIN-02-L033,FIN-02,Rosa,Explorer,Invernadero,2025-06-07,88,0.84,74767,105,Goteo,Cascarilla,Cosecha,5460,85000,0.88,14.2,19.4,8.2,79.1,17.0,0.0,0.33,12.3,48.0,18,14,9.9,5.8,74.5,Medio,0,29.7,2.8,11.1,8,PED-00924,2025-08-13,2025-09-04,CLI-072,Exportador,Estados Unidos,Contrato,8290,2973,0.403,0,Media,21,0,4057,2695,35.9,-5595,Alto,Bajo,628.87,29.5,0.38,-0.102
2025-07-18,FIN-03-L030,FIN-03,Clavel,Bizet,Invernadero,2025-05-03,76,1.51,81587,90,Goteo,Cascarilla,Reposo,9815,105000,0.88,19.2,25.7,13.3,77.0,14.7,1.9,0.49,11.4,47.3,25,30,18.8,14.9,82.0,Alto,1,13.5,0.4,6.4,11,PED-00925,2025-07-11,2025-07-21,CLI-017,Retail,España,Contrato,890,890,0.241,0,Media,7,0,13014,10504,100.0,9614,Bajo,Alto,113.91,67.6,0.11,0.09
2025-07-12,FIN-04-L028,FIN-04,Rosa,Freedom,Invernadero,2025-04-14,89,0.35,73251,105,Goteo,Suelo,Cosecha,2275,85000,0.88,19.2,26.9,12.8,66.6,16.3,0.0,0.71,12.4,42.8,25,7,3.7,2.6,84.5,Medio,0,12.1,1.5,6.7,14,PED-00926,2025-06-21,2025-07-17,CLI-086,Supermercado,Estados Unidos,Preventa,3128,1847,0.429,12,Alta,21,1,2393,1933,59.0,-1195,Alto,Bajo,368.31,67.9,0.344,0.047
2025-03-02,FIN-03-L012,FIN-03,Rosa,Vendela,Invernadero,2024-11-14,108,1.4,63854,105,Microaspersión,Cascarilla,Botón,9100,85000,0.88,19.8,24.3,13.8,67.6,13.6,3.3,0.71,12.6,75.9,31,30,15.9,13.1,89.2,Alto,1,11.6,20.2,11.8,1,PED-00927,2025-02-09,2025-03-07,CLI-008,Retail,Estados Unidos,Contrato,1036,1036,0.53,10,Media,21,0,5506,3555,100.0,2519,Bajo,Alto,292.1,31.0,0.22,0.058
2025-11-10,FIN-01-L025,FIN-01,Clavel,Dover,Invernadero,2025-09-05,66,0.35,79406,90,Microaspersión,Suelo,Botón,2275,105000,0.88,17.2,22.5,12.4,73.1,20.4,1.2,0.51,12.0,28.7,13,6,5.0,2.9,86.8,Alto,1,5.2,0.4,4.3,4,PED-00928,2025-10-11,2025-11-14,CLI-078,Retail,Chile,Preventa,1334,1334,0.304,8,Alta,30,0,4058,3531,100.0,2197,Bajo,Alto,221.24,84.8,0.316,0.021
2025-10-27,FIN-04-L044,FIN-04,Rosa,Mondial,Invernadero,2025-06-26,123,1.69,69225,105,Goteo,Coco,Reposo,10985,85000,0.88,14.9,21.3,10.3,76.4,19.4,0.9,0.39,11.8,36.6,23,35,21.4,12.8,95.2,Medio,1,19.5,7.3,12.3,14,PED-00929,2025-09-27,2025-10-30,CLI-023,Exportador,Colombia,Contrato,10924,6679,0.448,2,Alta,30,1,10583,7467,61.1,-3457,Alto,Bajo,1836.66,39.7,0.45,0.095
2025-03-11,FIN-03-L053,FIN-03,Rosa,Explorer,Invernadero,2024-11-22,109,1.67,60331,105,Microaspersión,Coco,Botón,10855,85000,0.88,14.6,23.3,7.8,78.3,21.9,2.0,0.35,12.6,11.4,27,37,13.2,20.8,83.3,Medio,1,4.8,30.0,17.7,15,PED-00930,2025-03-04,2025-03-12,CLI-029,Supermercado,Estados Unidos,Preventa,2583,2583,0.43,0,Alta,7,0,8874,5135,100.0,2552,Bajo,Alto,663.97,11.9,0.11,-0.17
2025-07-25,FIN-04-L007,FIN-04,Rosa,Vendela,Campo abierto,2025-03-28,119,1.69,72361,105,Microaspersión,Coco,Vegetativo,10985,85000,0.88,18.0,24.8,13.5,70.3,17.6,0.2,0.59,12.1,28.7,38,26,19.9,19.6,78.1,Alto,1,5.8,20.8,12.5,13,PED-00931,2025-07-11,2025-07-26,CLI-081,Mayorista,Estados Unidos,Contrato,8573,6328,0.514,8,Media,14,1,12284,8130,73.8,-443,Medio,Bajo,1912.36,34.0,0.156,-0.036
2025-12-21,FIN-04-L026,FIN-04,Gypsophila,New Love,Invernadero,2025-10-01,81,1.33,91010,75,Goteo,Suelo,Cosecha,8645,78000,0.88,17.1,21.9,11.7,65.4,8.2,4.1,0.65,12.3,77.0,29,25,16.8,15.7,100.0,Medio,1,26.7,7.2,12.1,15,PED-00932,2025-12-07,2025-12-22,CLI-113,Supermercado,Chile,Contrato,3180,2277,0.245,0,Media,14,0,4491,3003,71.6,-177,Medio,Bajo,332.28,31.4,0.18,0.044
2025-09-24,FIN-01-L033,FIN-01,Rosa,Freedom,Invernadero,2025-05-29,118,0.2,50821,105,Microaspersión,Suelo,Cosecha,1300,85000,0.88,16.5,23.1,10.8,76.1,14.8,0.0,0.43,12.5,47.9,13,4,2.8,2.2,84.0,Medio,0,14.5,6.3,8.9,13,PED-00933,2025-09-10,2025-09-25,CLI-036,Exportador,Estados Unidos,Spot,12944,954,0.376,2,Alta,14,0,1413,1054,7.4,-11890,Alto,Bajo,197.22,52.6,0.304,0.002
2025-10-18,FIN-03-L005,FIN-03,Rosa,Vendela,Invernadero,2025-06-05,135,1.27,63385,105,Goteo,Suelo,Reposo,8255,85000,0.88,13.3,21.9,8.4,74.6,16.5,0.0,0.37,12.2,67.0,34,23,16.5,6.8,87.3,Medio,0,9.0,3.5,7.1,15,PED-00934,2025-10-04,2025-10-21,CLI-114,Exportador,Estados Unidos,Preventa,8106,4629,0.489,8,Alta,14,0,6718,5454,57.1,-2652,Alto,Bajo,1191.71,69.1,0.286,0.067
2025-08-27,FIN-02-L026,FIN-02,Rosa,Mondial,Invernadero,2025-05-09,110,0.74,67140,105,Goteo,Suelo,Cosecha,4810,85000,0.88,14.6,19.7,9.0,85.5,14.4,0.0,0.25,12.6,53.8,24,13,8.3,3.8,89.0,Medio,0,4.1,8.6,8.6,7,PED-00935,2025-08-13,2025-08-28,CLI-080,Exportador,Estados Unidos,Preventa,10034,3529,0.491,0,Media,14,1,4350,3463,35.2,-6571,Alto,Bajo,1034.98,65.6,0.31,0.057
2025-03-17,FIN-01-L051,FIN-01,Clavel,Bizet,Invernadero,2024-12-11,96,1.48,79600,90,Goteo,Coco,Cosecha,9620,105000,0.88,15.1,23.0,9.0,71.1,22.4,0.0,0.48,11.8,39.0,36,36,17.0,11.9,85.2,Medio,0,13.3,1.6,8.5,12,PED-00936,2025-02-24,2025-03-21,CLI-005,Retail,Chile,Spot,1328,1328,0.309,5,Media,21,0,19332,15341,100.0,14013,Bajo,Alto,222.97,62.4,0.235,0.164
2025-12-02,FIN-04-L028,FIN-04,Rosa,Vendela,Invernadero,2025-08-20,104,1.64,66722,105,Goteo,Suelo,Cosecha,10660,85000,0.88,16.1,22.3,10.5,61.5,21.7,0.0,0.68,11.6,26.6,35,25,23.1,17.4,100.0,Medio,1,14.4,2.2,7.1,10,PED-00937,2025-11-11,2025-12-05,CLI-108,Mayorista,Chile,Spot,7083,7083,0.516,2,Alta,21,1,16224,13021,100.0,5938,Bajo,Alto,2164.17,66.6,0.244,-0.069
2025-12-16,FIN-04-L057,FIN-04,Clavel,Nelson,Invernadero,2025-09-06,101,0.58,94258,90,Microaspersión,Coco,Cosecha,3769,105000,0.88,16.0,21.3,11.9,70.4,14.1,0.0,0.52,11.5,72.2,27,11,7.1,6.3,92.2,Medio,0,5.9,13.3,8.2,12,PED-00938,2025-12-02,2025-12-20,CLI-054,Exportador,España,Marketplace,13596,2594,0.263,0,Media,14,0,3691,2777,19.1,-10819,Alto,Bajo,413.22,57.6,0.31,0.07
2025-09-01,FIN-04-L001,FIN-04,Rosa,Vendela,Invernadero,2025-06-08,85,1.22,54774,105,Goteo,Cascarilla,Reposo,7930,85000,0.88,13.8,20.4,8.5,86.3,18.2,1.5,0.25,12.1,15.6,29,27,17.4,13.9,94.3,Alto,0,30.0,2.8,11.4,15,PED-00939,2025-08-18,2025-09-05,CLI-041,Mayorista,España,Spot,4828,3701,0.462,0,Media,14,0,6187,4215,76.7,-613,Medio,Bajo,1079.91,33.4,0.18,0.025
2025-02-12,FIN-01-L028,FIN-01,Rosa,Mondial,Invernadero,2024-10-25,110,1.34,66684,105,Microaspersión,Cascarilla,Vegetativo,8710,85000,0.88,16.5,22.3,9.6,69.3,7.0,4.8,0.56,11.9,86.4,28,23,11.1,8.4,91.0,Bajo,1,0.4,3.2,4.9,16,PED-00940,2025-01-22,2025-02-15,CLI-116,Broker,Países Bajos,Marketplace,16084,3785,0.538,5,Alta,21,0,4661,4094,23.5,-11990,Alto,Bajo,1275.91,87.1,0.365,0.131
2025-01-28,FIN-01-L034,FIN-01,Gypsophila,New Love,Invernadero,2024-11-14,75,0.83,84083,75,Goteo,Cascarilla,Botón,5395,78000,0.88,14.3,20.9,9.2,56.3,13.3,0.6,0.69,11.7,64.5,41,17,8.4,5.8,85.2,Bajo,1,21.7,6.4,11.3,14,PED-00941,2025-01-07,2025-02-02,CLI-039,Retail,Países Bajos,Spot,645,645,0.218,12,Media,21,0,3452,2394,100.0,1749,Bajo,Alto,66.42,37.6,0.214,-0.052
2025-08-04,FIN-02-L025,FIN-02,Rosa,Mondial,Invernadero,2025-04-11,115,1.53,67120,105,Microaspersión,Suelo,Cosecha,9945,85000,0.88,19.7,24.5,13.7,64.8,22.9,0.0,0.76,12.8,35.4,31,24,11.2,9.8,70.8,Medio,1,3.4,9.2,7.6,12,PED-00942,2025-07-28,2025-08-09,CLI-077,Retail,Estados Unidos,Contrato,1665,1665,0.541,5,Media,7,0,14932,11667,100.0,10002,Bajo,Alto,539.99,63.2,0.095,0.016
2025-09-25,FIN-04-L058,FIN-04,Gypsophila,Xlence,Invernadero,2025-05-07,141,0.41,96913,75,Microaspersión,Coco,Cosecha,2665,78000,0.88,19.8,28.7,12.8,70.7,21.7,1.9,0.64,11.9,34.4,33,5,4.7,2.9,92.0,Medio,0,19.7,7.7,9.4,14,PED-00943,2025-09-04,2025-09-29,CLI-071,Supermercado,Estados Unidos,Contrato,2813,494,0.162,2,Alta,21,0,771,547,17.6,-2266,Alto,Bajo,37.52,44.1,0.374,0.223
2025-06-26,FIN-02-L009,FIN-02,Rosa,Freedom,Campo abierto,2025-03-09,109,0.35,52962,105,Microaspersión,Cascarilla,Cosecha,2275,85000,0.88,15.7,24.3,8.8,63.6,13.4,0.0,0.63,12.2,61.1,31,6,4.9,4.2,89.2,Medio,1,3.8,23.6,11.4,11,PED-00944,2025-06-12,2025-06-27,CLI-074,Broker,Chile,Contrato,4321,1341,0.505,0,Alta,14,0,2039,1360,31.0,-2961,Alto,Bajo,405.42,37.6,0.31,0.198
2025-06-01,FIN-03-L017,FIN-03,Rosa,Mondial,Invernadero,2025-01-12,140,1.71,63197,105,Microaspersión,Cascarilla,Vegetativo,11115,85000,0.88,16.7,22.0,11.8,69.5,16.2,0.1,0.56,11.6,38.7,21,38,16.4,14.8,82.2,Medio,1,15.7,2.6,11.5,17,PED-00945,2025-05-11,2025-06-05,CLI-100,Retail,Canadá,Preventa,1713,1713,0.427,0,Media,21,0,8376,6333,100.0,4620,Bajo,Alto,396.89,50.5,0.25,-0.056
2025-11-13,FIN-02-L015,FIN-02,Gypsophila,Million Star,Invernadero,2025-09-21,53,1.26,100871,75,Goteo,Coco,Cosecha,8190,78000,0.88,14.2,19.9,9.6,77.7,10.5,0.9,0.35,12.2,63.6,29,33,18.4,11.9,73.6,Medio,0,7.9,1.6,6.9,17,PED-00946,2025-10-30,2025-11-14,CLI-091,Exportador,Colombia,Spot,6400,2946,0.23,0,Alta,14,1,4146,3403,46.0,-2997,Alto,Bajo,397.83,70.4,0.31,0.132
2025-06-27,FIN-03-L007,FIN-03,Clavel,Bizet,Invernadero,2025-04-06,82,1.56,73333,90,Goteo,Cascarilla,Reposo,10140,105000,0.88,13.7,18.8,9.4,92.7,23.8,0.0,0.25,12.0,39.1,30,22,12.4,15.1,84.6,Medio,1,9.8,18.9,9.6,7,PED-00947,2025-06-20,2025-06-28,CLI-104,Supermercado,España,Spot,4062,4062,0.311,5,Media,7,0,13889,9322,100.0,5260,Bajo,Alto,779.31,38.9,0.095,-0.022
2025-01-30,FIN-03-L035,FIN-03,Clavel,Nelson,Invernadero,2024-11-17,74,1.77,77757,90,Microaspersión,Coco,Botón,11505,105000,0.88,16.1,21.3,9.2,62.9,14.7,0.8,0.66,13.0,74.2,22,32,20.1,17.1,94.7,Medio,1,11.8,9.3,13.6,0,PED-00948,2025-01-09,2025-01-31,CLI-085,Broker,Colombia,Contrato,2743,2743,0.318,10,Media,21,0,10472,7645,100.0,4902,Bajo,Alto,465.98,44.6,0.22,-0.01
2025-08-02,FIN-02-L046,FIN-02,Rosa,Vendela,Invernadero,2025-04-17,107,1.14,57912,105,Goteo,Cascarilla,Botón,7409,85000,0.88,17.3,24.8,12.4,69.8,14.6,1.9,0.57,12.6,46.3,18,20,17.0,11.7,100.0,Medio,1,13.3,4.4,9.5,4,PED-00949,2025-07-26,2025-08-07,CLI-107,Exportador,Estados Unidos,Spot,8845,6772,0.399,2,Media,7,0,7802,6101,76.6,-2744,Alto,Bajo,1336.78,59.8,0.234,0.056
2025-06-06,FIN-04-L052,FIN-04,Rosa,Explorer,Invernadero,2025-03-04,94,0.89,64034,105,Microaspersión,Suelo,Cosecha,5785,85000,0.88,12.2,19.4,6.9,55.5,8.5,2.7,0.6,12.3,66.5,24,15,7.4,9.8,93.2,Alto,1,35.0,24.1,18.5,1,PED-00950,2025-05-07,2025-06-07,CLI-063,Supermercado,Chile,Preventa,3033,467,0.467,0,Baja,30,0,863,474,15.4,-2559,Alto,Bajo,123.27,0.0,0.45,-0.078
2025-01-15,FIN-02-L001,FIN-02,Rosa,Vendela,Invernadero,2024-09-27,110,0.92,70481,105,Microaspersión,Cascarilla,Cosecha,5980,85000,0.88,18.8,22.9,12.2,67.6,14.7,0.0,0.67,12.2,54.3,24,17,7.2,7.3,92.6,Medio,1,14.5,0.3,6.8,10,PED-00951,2025-01-08,2025-01-16,CLI-111,Retail,Países Bajos,Marketplace,1652,1652,0.485,5,Alta,7,0,6320,5125,100.0,3473,Bajo,Alto,432.3,68.1,0.095,0.117
2025-03-02,FIN-01-L041,FIN-01,Rosa,Vendela,Invernadero,2024-12-15,77,1.27,52672,105,Microaspersión,Suelo,Cosecha,8255,85000,0.88,16.4,22.8,9.9,69.2,15.9,0.6,0.56,11.9,49.6,30,29,14.8,11.5,82.2,Medio,0,6.9,6.1,7.3,8,PED-00952,2025-02-16,2025-03-06,CLI-118,Mayorista,Países Bajos,Contrato,7637,6221,0.394,2,Baja,14,0,8135,6490,81.5,-1147,Medio,Bajo,1208.88,66.4,0.214,0.072
2025-10-21,FIN-02-L051,FIN-02,Rosa,Vendela,Invernadero,2025-07-31,82,1.45,62590,105,Goteo,Suelo,Vegetativo,9425,85000,0.88,17.6,25.5,10.9,61.3,15.4,4.1,0.75,12.9,62.5,23,22,13.8,14.5,100.0,Medio,0,35.0,3.0,13.0,7,PED-00953,2025-10-14,2025-10-25,CLI-113,Broker,Estados Unidos,Preventa,6722,3178,0.493,5,Alta,7,0,5686,3690,47.3,-3032,Alto,Bajo,938.34,24.2,0.225,0.11
2025-12-13,FIN-02-L024,FIN-02,Rosa,Explorer,Invernadero,2025-09-17,87,0.51,60435,105,Microaspersión,Coco,Cosecha,3315,85000,0.88,14.9,21.0,9.7,63.2,16.5,0.2,0.6,12.1,67.0,28,6,6.7,3.5,94.9,Medio,1,10.1,10.2,10.3,9,PED-00954,2025-12-06,2025-12-16,CLI-091,Exportador,Estados Unidos,Contrato,12981,2119,0.518,5,Alta,7,0,2797,2087,16.3,-10894,Alto,Bajo,688.98,52.7,0.225,0.126
2025-10-24,FIN-01-L054,FIN-01,Gypsophila,New Love,Invernadero,2025-08-26,59,1.07,91490,75,Microaspersión,Cascarilla,Cosecha,6955,78000,0.88,15.4,21.8,10.6,61.9,7.1,0.1,0.65,11.5,58.5,30,21,16.5,10.6,70.2,Alto,1,6.9,2.8,8.7,6,PED-00955,2025-10-10,2025-10-26,CLI-006,Mayorista,Países Bajos,Contrato,1632,1632,0.219,8,Alta,14,0,3072,2477,100.0,845,Bajo,Alto,180.06,65.4,0.156,0.124
2025-01-12,FIN-02-L003,FIN-02,Clavel,Dover,Campo abierto,2024-09-06,128,0.85,88932,90,Goteo,Suelo,Cosecha,5525,105000,0.88,14.0,18.5,8.1,57.7,15.1,0.5,0.65,12.6,49.4,32,16,10.4,8.8,75.7,Bajo,1,22.2,29.4,16.1,1,PED-00956,2024-12-13,2025-01-17,CLI-026,Mayorista,Canadá,Marketplace,4202,632,0.24,2,Media,30,1,1458,801,15.0,-3401,Alto,Bajo,75.53,0.0,0.45,0.023
2025-01-06,FIN-03-L059,FIN-03,Rosa,Explorer,Invernadero,2024-09-24,104,1.55,61126,105,Goteo,Suelo,Botón,10075,85000,0.88,18.1,22.5,13.7,72.9,21.8,0.0,0.54,12.2,30.1,31,28,18.2,13.4,92.3,Medio,1,11.0,30.0,14.0,12,PED-00957,2024-12-07,2025-01-08,CLI-074,Broker,Colombia,Preventa,6505,5017,0.48,5,Media,30,0,9481,5359,77.1,-1146,Medio,Bajo,1410.1,13.3,0.325,-0.006
2025-08-20,FIN-02-L019,FIN-02,Clavel,Nelson,Invernadero,2025-06-21,60,1.78,79421,90,Microaspersión,Cascarilla,Reposo,11570,105000,0.88,16.9,21.7,10.3,62.7,17.0,0.5,0.69,12.4,48.0,15,34,16.9,14.1,77.8,Medio,0,35.0,12.8,18.1,3,PED-00958,2025-08-06,2025-08-24,CLI-006,Exportador,Estados Unidos,Preventa,6358,3146,0.27,5,Alta,14,0,6774,3725,49.5,-2633,Alto,Bajo,463.07,0.0,0.295,0.05
2025-12-31,FIN-01-L019,FIN-01,Rosa,Vendela,Invernadero,2025-09-25,97,1.69,66573,105,Goteo,Cascarilla,Vegetativo,10985,85000,0.88,14.1,21.4,7.2,92.0,19.1,1.3,0.25,12.7,36.6,37,35,26.5,9.2,90.3,Alto,1,3.0,23.0,9.1,7,PED-00959,2025-12-10,2026-01-04,CLI-052,Mayorista,España,Spot,8719,8696,0.614,5,Media,21,0,12773,8773,99.7,54,Bajo,Bajo,3400.64,44.8,0.235,-0.056
2025-01-11,FIN-02-L032,FIN-02,Rosa,Explorer,Invernadero,2024-09-24,109,1.41,66340,105,Goteo,Suelo,Vegetativo,9165,85000,0.88,14.4,22.2,9.5,79.1,13.5,0.0,0.33,12.3,64.9,25,24,21.4,14.1,78.9,Medio,1,7.4,13.6,6.1,9,PED-00960,2024-11-27,2025-01-12,CLI-105,Mayorista,Países Bajos,Spot,4997,4997,0.495,0,Media,45,1,7773,5723,100.0,726,Bajo,Bajo,1488.69,56.2,0.45,0.083
2025-03-06,FIN-03-L046,FIN-03,Rosa,Freedom,Invernadero,2024-11-01,125,1.39,65315,105,Microaspersión,Cascarilla,Cosecha,9035,85000,0.88,17.2,22.5,12.1,72.8,13.3,4.0,0.51,12.1,51.3,23,28,15.6,8.2,84.2,Medio,0,6.6,30.0,16.7,0,PED-00961,2025-02-20,2025-03-08,CLI-045,Exportador,Países Bajos,Spot,6493,2646,0.396,0,Media,14,0,4950,2835,40.8,-3658,Alto,Bajo,607.05,11.7,0.31,-0.057
2025-02-22,FIN-04-L036,FIN-04,Rosa,Vendela,Invernadero,2024-10-12,133,0.81,62689,105,Microaspersión,Coco,Cosecha,5265,85000,0.88,14.8,22.4,9.4,82.1,25.0,3.5,0.29,11.5,17.5,24,16,10.1,6.9,92.7,Medio,1,22.5,7.1,12.4,15,PED-00962,2025-02-08,2025-02-26,CLI-095,Exportador,Estados Unidos,Contrato,8090,3607,0.501,2,Baja,14,1,5020,3445,44.6,-4645,Alto,Bajo,1115.9,35.0,0.344,-0.021
2025-05-16,FIN-03-L060,FIN-03,Rosa,Explorer,Invernadero,2025-02-19,86,0.44,69028,105,Goteo,Cascarilla,Botón,2860,85000,0.88,16.4,23.3,10.6,74.1,18.4,0.0,0.47,12.4,53.0,18,8,5.3,3.9,90.8,Bajo,0,15.3,3.6,7.8,14,PED-00963,2025-04-25,2025-05-19,CLI-005,Exportador,Estados Unidos,Preventa,8138,2340,0.477,12,Baja,21,0,3223,2494,28.8,-5644,Alto,Bajo,593.14,59.5,0.384,-0.055
2025-03-13,FIN-04-L060,FIN-04,Rosa,Mondial,Invernadero,2024-11-12,121,0.83,70963,105,Microaspersión,Coco,Reposo,5395,85000,0.88,16.4,23.3,10.4,63.9,7.0,0.9,0.65,12.6,84.2,33,12,12.7,9.4,76.6,Medio,1,14.3,8.3,9.7,17,PED-00964,2025-02-20,2025-03-15,CLI-068,Mayorista,Colombia,Preventa,6576,1397,0.51,5,Media,21,1,2415,1740,21.2,-4836,Alto,Bajo,398.5,46.3,0.365,0.103
2025-08-05,FIN-04-L014,FIN-04,Rosa,Explorer,Invernadero,2025-05-22,75,1.4,62768,105,Microaspersión,Suelo,Cosecha,9100,85000,0.88,17.6,23.6,11.4,78.4,23.4,0.4,0.42,12.4,24.0,33,28,14.9,14.0,81.5,Bajo,1,2.5,2.0,5.1,7,PED-00965,2025-07-22,2025-08-09,CLI-056,Supermercado,España,Contrato,4600,4600,0.537,5,Alta,14,0,12105,10472,100.0,5872,Bajo,Alto,1421.36,83.2,0.165,0.083
2025-04-08,FIN-04-L056,FIN-04,Gypsophila,New Love,Invernadero,2025-02-06,61,1.36,109412,75,Goteo,Cascarilla,Cosecha,8840,78000,0.88,14.0,20.1,7.9,69.9,10.6,2.2,0.46,11.7,77.4,21,18,17.7,13.9,78.3,Medio,0,8.7,1.7,7.7,14,PED-00966,2025-04-01,2025-04-09,CLI-079,Retail,España,Preventa,401,401,0.191,12,Alta,7,0,4419,3608,100.0,3207,Bajo,Alto,27.21,68.7,0.074,-0.061
2025-01-22,FIN-03-L026,FIN-03,Gypsophila,Xlence,Campo abierto,2024-10-17,97,1.43,94587,75,Microaspersión,Coco,Cosecha,9295,78000,0.88,19.0,27.5,14.7,62.9,17.1,4.8,0.78,12.5,45.7,20,29,13.3,14.1,100.0,Alto,1,10.4,12.9,13.1,9,PED-00967,2025-01-15,2025-01-27,CLI-024,Broker,Estados Unidos,Preventa,3995,3995,0.154,0,Media,7,0,7586,5439,100.0,1444,Bajo,Alto,287.05,43.6,0.11,-0.049
2025-09-08,FIN-03-L055,FIN-03,Clavel,Nelson,Invernadero,2025-05-04,127,1.06,85804,90,Microaspersión,Suelo,Botón,6890,105000,0.88,15.9,23.2,10.6,71.0,14.8,0.0,0.51,12.0,57.1,30,19,14.5,7.1,74.7,Alto,1,30.2,6.7,13.1,2,PED-00968,2025-09-01,2025-09-13,CLI-057,Exportador,Países Bajos,Spot,9371,1885,0.254,2,Media,7,0,4010,2496,20.1,-6875,Alto,Bajo,266.57,18.8,0.234,0.009
2025-08-15,FIN-04-L010,FIN-04,Gypsophila,Million Star,Invernadero,2025-05-16,91,1.15,92517,75,Microaspersión,Cascarilla,Cosecha,7474,78000,0.88,16.2,24.4,10.9,45.0,10.4,1.2,0.98,11.8,64.0,32,23,12.5,8.8,70.6,Medio,0,5.1,1.3,7.8,10,PED-00969,2025-08-01,2025-08-16,CLI-043,Mayorista,Estados Unidos,Preventa,4554,4260,0.162,0,Media,14,0,4631,3859,93.5,-695,Medio,Bajo,267.96,72.2,0.18,0.033
2025-08-20,FIN-02-L010,FIN-02,Rosa,Freedom,Invernadero,2025-03-26,147,1.09,62683,105,Microaspersión,Cascarilla,Cosecha,7085,85000,0.88,16.7,21.7,11.6,59.3,14.6,1.3,0.75,12.3,57.3,40,22,13.1,11.6,88.2,Alto,0,11.3,4.1,6.6,8,PED-00970,2025-08-13,2025-08-23,CLI-017,Retail,Países Bajos,Contrato,1394,1394,0.506,12,Baja,7,0,5439,4330,100.0,2936,Bajo,Alto,340.6,66.2,0.114,0.005
2025-12-09,FIN-03-L029,FIN-03,Rosa,Freedom,Invernadero,2025-10-10,60,0.87,67660,105,Goteo,Coco,Vegetativo,5655,85000,0.88,15.5,21.5,11.1,69.1,16.0,4.3,0.53,12.3,42.5,27,18,8.8,8.9,87.2,Medio,1,0.3,30.0,12.2,13,PED-00971,2025-12-02,2025-12-14,CLI-003,Exportador,Estados Unidos,Preventa,16591,1686,0.575,5,Alta,7,0,2771,1750,10.2,-14841,Alto,Bajo,581.98,30.8,0.225,0.015
2025-12-30,FIN-04-L008,FIN-04,Rosa,Vendela,Invernadero,2025-10-14,77,1.49,71004,105,Goteo,Cascarilla,Cosecha,9685,85000,0.88,16.6,23.0,9.7,64.9,9.1,0.0,0.64,12.4,55.5,31,33,18.6,15.2,84.8,Alto,0,13.1,23.9,13.7,6,PED-00972,2025-12-16,2026-01-02,CLI-103,Exportador,España,Contrato,14906,1892,0.409,5,Media,14,1,3678,2189,12.7,-12717,Alto,Bajo,404.07,18.2,0.295,-0.023
2025-03-03,FIN-01-L054,FIN-01,Rosa,Explorer,Invernadero,2024-11-02,121,0.25,60743,105,Goteo,Suelo,Vegetativo,1625,85000,0.88,19.1,27.7,13.6,81.5,9.9,0.0,0.39,12.3,68.1,26,4,3.0,2.5,78.8,Medio,0,8.5,11.7,7.1,15,PED-00973,2025-02-24,2025-03-07,CLI-060,Supermercado,Colombia,Contrato,2981,751,0.455,0,Alta,7,0,929,688,25.2,-2293,Alto,Bajo,218.74,55.3,0.24,0.07
2025-11-05,FIN-03-L033,FIN-03,Rosa,Vendela,Invernadero,2025-07-18,110,0.76,68182,105,Goteo,Suelo,Cosecha,4940,85000,0.88,15.7,22.5,11.0,79.6,20.7,1.9,0.35,11.9,42.8,36,14,9.8,8.1,73.8,Alto,1,16.7,27.0,15.4,16,PED-00974,2025-10-15,2025-11-10,CLI-092,Mayorista,Estados Unidos,Marketplace,4953,1921,0.426,5,Alta,21,1,4392,2415,38.8,-2538,Alto,Bajo,401.08,2.2,0.365,-0.028
2025-12-23,FIN-03-L006,FIN-03,Rosa,Vendela,Invernadero,2025-08-19,126,1.62,59488,105,Microaspersión,Suelo,Vegetativo,10530,85000,0.88,16.2,21.6,10.6,65.3,12.0,0.2,0.62,12.2,64.6,25,25,21.1,11.4,89.2,Medio,1,32.1,2.2,12.3,11,PED-00975,2025-11-08,2025-12-26,CLI-030,Mayorista,Estados Unidos,Marketplace,10441,4512,0.446,12,Media,45,0,6237,4146,43.2,-6295,Alto,Bajo,905.83,28.2,0.45,-0.079
2025-08-06,FIN-01-L011,FIN-01,Gypsophila,Xlence,Campo abierto,2025-06-19,48,0.41,103307,75,Goteo,Coco,Cosecha,2665,78000,0.88,13.3,17.6,9.2,71.2,14.4,1.8,0.42,12.4,49.9,19,6,4.3,3.7,86.2,Medio,1,6.8,0.1,6.0,15,PED-00976,2025-07-23,2025-08-10,CLI-067,Exportador,Estados Unidos,Preventa,7300,1295,0.225,0,Baja,14,0,1740,1488,17.7,-5812,Alto,Bajo,166.29,79.3,0.35,-0.055
2025-03-23,FIN-03-L026,FIN-03,Clavel,Dover,Invernadero,2024-11-20,123,0.98,93386,90,Microaspersión,Cascarilla,Cosecha,6370,105000,0.88,19.1,26.3,12.4,83.5,8.0,3.3,0.35,11.7,81.2,34,17,9.8,10.0,92.0,Alto,0,13.4,9.2,8.3,14,PED-00977,2025-03-09,2025-03-25,CLI-120,Supermercado,Canadá,Contrato,736,736,0.295,8,Alta,14,0,2860,2115,100.0,1379,Bajo,Alto,123.99,53.0,0.156,0.065
2025-04-12,FIN-04-L001,FIN-04,Rosa,Mondial,Campo abierto,2024-12-22,111,1.61,67605,105,Microaspersión,Coco,Cosecha,10465,85000,0.88,13.4,17.6,6.6,75.4,20.6,0.6,0.36,11.9,39.4,36,36,23.3,15.1,100.0,Medio,1,7.2,25.5,13.2,13,PED-00978,2025-03-22,2025-04-13,CLI-116,Exportador,Canadá,Spot,7140,6581,0.396,0,Media,21,0,10438,6628,92.2,-512,Medio,Bajo,1337.2,29.0,0.25,-0.189
2025-12-02,FIN-04-L024,FIN-04,Rosa,Explorer,Invernadero,2025-08-03,121,0.81,59286,105,Goteo,Suelo,Botón,5265,85000,0.88,16.1,24.8,9.6,56.0,21.6,0.8,0.78,12.7,7.9,29,12,7.6,5.7,85.4,Medio,0,12.5,8.8,10.6,0,PED-00979,2025-11-18,2025-12-05,CLI-077,Retail,Países Bajos,Spot,2559,2559,0.448,0,Media,14,0,6625,4853,100.0,2294,Bajo,Alto,641.45,48.4,0.18,0.104
2025-01-30,FIN-01-L050,FIN-01,Rosa,Explorer,Campo abierto,2024-10-12,110,1.02,67809,105,Goteo,Cascarilla,Reposo,6630,85000,0.88,16.0,20.8,10.7,77.2,20.3,0.0,0.4,12.7,29.2,37,21,11.9,10.7,90.5,Alto,0,16.5,0.3,7.3,14,PED-00980,2025-01-09,2025-02-04,CLI-109,Mayorista,Chile,Spot,4504,4504,0.41,0,Media,21,0,10365,8239,100.0,3735,Bajo,Alto,936.55,63.7,0.25,-0.039
2025-12-12,FIN-02-L031,FIN-02,Rosa,Vendela,Invernadero,2025-09-21,82,1.04,70058,105,Goteo,Coco,Cosecha,6760,85000,0.88,14.8,22.3,9.8,87.5,19.0,0.0,0.25,12.0,41.7,36,16,15.2,8.3,92.4,Medio,0,6.6,8.8,8.8,12,PED-00981,2025-11-12,2025-12-13,CLI-031,Mayorista,España,Preventa,8551,6117,0.481,8,Media,30,0,7593,5939,71.5,-2612,Alto,Bajo,1678.23,62.2,0.446,-0.046
2025-05-31,FIN-04-L017,FIN-04,Clavel,Dover,Invernadero,2025-03-25,67,1.61,75368,90,Microaspersión,Cascarilla,Cosecha,10465,105000,0.88,16.6,22.3,10.0,76.6,17.9,5.6,0.43,12.0,34.6,24,38,16.6,8.6,77.1,Bajo,1,18.2,21.8,17.6,3,PED-00982,2025-05-01,2025-06-02,CLI-103,Supermercado,Chile,Contrato,1102,1102,0.258,5,Alta,30,1,6428,3587,100.0,2485,Bajo,Alto,132.19,4.1,0.325,-0.01
2025-06-17,FIN-04-L058,FIN-04,Clavel,Bizet,Invernadero,2025-03-19,90,1.67,82839,90,Microaspersión,Suelo,Botón,10855,105000,0.88,20.7,28.6,14.3,52.8,13.0,0.0,1.07,12.3,64.3,26,31,26.1,7.7,89.3,Medio,0,16.8,0.8,8.4,3,PED-00983,2025-06-10,2025-06-19,CLI-067,Exportador,Chile,Spot,5521,5521,0.308,2,Media,7,0,10765,8434,100.0,2913,Bajo,Alto,1047.0,60.0,0.104,0.048
2025-11-02,FIN-02-L038,FIN-02,Rosa,Freedom,Invernadero,2025-06-14,141,1.49,69122,105,Goteo,Coco,Botón,9685,85000,0.88,14.0,21.2,8.1,92.8,19.5,2.0,0.25,12.2,45.6,16,20,16.6,15.0,85.9,Alto,1,10.4,2.9,8.4,15,PED-00984,2025-10-12,2025-11-03,CLI-114,Mayorista,Canadá,Contrato,5611,5611,0.36,10,Alta,21,1,7831,6278,100.0,667,Bajo,Bajo,663.44,64.9,0.22,-0.185
2025-02-02,FIN-04-L054,FIN-04,Clavel,Dover,Invernadero,2024-10-30,95,1.6,82133,90,Goteo,Suelo,Botón,10400,105000,0.88,21.6,26.8,15.2,71.8,15.1,1.4,0.67,12.4,49.9,25,30,19.6,10.6,73.8,Medio,1,35.0,4.9,13.9,7,PED-00985,2025-01-26,2025-02-04,CLI-094,Mayorista,Canadá,Preventa,5956,4255,0.238,8,Media,7,0,7220,4360,71.4,-1596,Alto,Bajo,416.8,12.9,0.216,-0.056
2025-04-12,FIN-01-L047,FIN-01,Rosa,Vendela,Campo abierto,2024-12-19,114,0.5,69974,105,Microaspersión,Coco,Botón,3250,85000,0.88,17.7,23.6,11.4,79.2,7.0,0.1,0.4,12.2,57.4,28,6,5.5,5.0,83.0,Alto,1,24.4,6.8,11.5,17,PED-00986,2025-03-13,2025-04-13,CLI-065,Mayorista,Canadá,Spot,3160,815,0.501,5,Media,30,1,1486,997,25.8,-2163,Alto,Bajo,244.94,32.2,0.45,0.038
2025-07-08,FIN-03-L032,FIN-03,Rosa,Vendela,Invernadero,2025-03-28,102,1.15,66166,105,Microaspersión,Coco,Cosecha,7474,85000,0.88,15.5,21.5,8.5,75.5,17.2,0.0,0.42,11.7,58.9,33,23,14.2,11.9,100.0,Medio,1,2.5,3.9,5.2,0,PED-00987,2025-06-08,2025-07-13,CLI-047,Mayorista,España,Preventa,2440,2440,0.455,5,Media,30,0,9208,7992,100.0,5552,Bajo,Alto,562.32,84.7,0.325,-0.048
2025-09-12,FIN-04-L044,FIN-04,Rosa,Freedom,Invernadero,2025-05-26,109,0.72,56978,105,Microaspersión,Suelo,Vegetativo,4680,85000,0.88,13.4,18.6,7.0,61.7,8.5,0.0,0.56,11.9,66.0,19,12,11.2,8.6,82.9,Medio,1,7.8,14.2,10.2,16,PED-00988,2025-08-13,2025-09-14,CLI-039,Supermercado,Estados Unidos,Contrato,3424,1879,0.403,5,Media,30,0,2353,1686,54.9,-1738,Alto,Bajo,373.23,47.1,0.45,0.04
2025-01-25,FIN-03-L006,FIN-03,Clavel,Bizet,Invernadero,2024-10-13,104,0.23,73504,90,Microaspersión,Coco,Cosecha,1495,105000,0.88,20.2,28.1,15.8,68.2,19.2,0.1,0.71,12.4,33.3,27,4,2.6,2.5,86.1,Medio,0,0.5,2.7,3.6,2,PED-00989,2024-12-11,2025-01-26,CLI-051,Mayorista,Estados Unidos,Contrato,3412,1750,0.285,0,Alta,45,0,2271,2003,51.3,-1409,Alto,Bajo,293.6,89.2,0.45,0.116
2025-11-20,FIN-01-L036,FIN-01,Rosa,Vendela,Invernadero,2025-08-08,104,0.19,56310,105,Microaspersión,Suelo,Cosecha,1235,85000,0.88,15.6,24.1,10.0,65.6,16.1,4.9,0.59,12.0,49.4,35,4,2.0,1.5,65.1,Medio,0,16.4,6.0,11.5,2,PED-00990,2025-10-21,2025-11-21,CLI-030,Exportador,Estados Unidos,Contrato,5432,943,0.382,5,Media,30,0,1392,985,17.4,-4447,Alto,Bajo,188.82,40.2,0.45,0.125
2025-10-12,FIN-01-L052,FIN-01,Rosa,Explorer,Invernadero,2025-05-21,144,1.53,62762,105,Microaspersión,Suelo,Botón,9945,85000,0.88,13.9,20.7,8.1,81.7,11.4,0.0,0.28,12.3,78.9,24,29,24.7,9.9,93.4,Medio,0,10.4,13.4,10.9,3,PED-00991,2025-09-28,2025-10-17,CLI-106,Mayorista,Canadá,Contrato,5651,2253,0.434,5,Media,14,0,3767,2694,39.9,-2957,Alto,Bajo,475.48,45.8,0.295,-0.095
2025-10-14,FIN-01-L020,FIN-01,Gypsophila,Million Star,Invernadero,2025-07-10,96,0.46,90584,75,Microaspersión,Cascarilla,Cosecha,2990,78000,0.88,17.0,25.0,11.3,67.3,22.6,1.5,0.61,12.2,28.2,24,10,6.3,2.9,88.9,Medio,1,5.6,18.4,10.0,15,PED-00992,2025-08-30,2025-10-16,CLI-046,Exportador,Países Bajos,Spot,6932,1989,0.168,0,Media,45,1,2962,2082,28.7,-4850,Alto,Bajo,161.59,45.8,0.45,0.079
2025-10-07,FIN-03-L044,FIN-03,Rosa,Explorer,Invernadero,2025-06-26,103,0.46,61906,105,Goteo,Coco,Botón,2990,85000,0.88,19.7,24.5,15.6,72.3,24.1,4.8,0.6,12.0,22.0,39,10,5.4,3.8,89.0,Medio,1,8.0,14.0,10.0,7,PED-00993,2025-09-23,2025-10-12,CLI-032,Broker,Colombia,Contrato,8498,2907,0.396,0,Media,14,0,4156,3008,34.2,-5490,Alto,Bajo,628.77,49.0,0.31,-0.028
2025-05-04,FIN-04-L052,FIN-04,Rosa,Mondial,Invernadero,2025-02-23,70,1.39,62715,105,Microaspersión,Suelo,Botón,9035,85000,0.88,14.6,23.0,9.5,70.4,8.5,0.6,0.48,12.6,66.2,24,20,16.9,12.5,76.2,Medio,1,18.3,5.7,10.6,13,PED-00994,2025-04-13,2025-05-09,CLI-087,Mayorista,Países Bajos,Preventa,12683,1856,0.569,5,Media,21,0,2937,2095,14.6,-10588,Alto,Bajo,643.38,42.6,0.365,0.039
2025-03-20,FIN-03-L025,FIN-03,Rosa,Vendela,Invernadero,2025-01-03,76,0.67,65485,105,Microaspersión,Cascarilla,Cosecha,4355,85000,0.88,14.4,19.8,8.3,60.6,18.3,0.0,0.62,12.5,34.1,37,10,8.5,4.3,90.5,Medio,1,5.4,0.8,5.2,5,PED-00995,2025-03-06,2025-03-21,CLI-012,Broker,España,Preventa,4263,2896,0.534,5,Alta,14,0,4103,3552,67.9,-711,Medio,Bajo,961.38,82.9,0.165,-0.107
2025-05-10,FIN-04-L035,FIN-04,Rosa,Freedom,Invernadero,2025-01-02,128,1.76,69996,105,Goteo,Cascarilla,Cosecha,11440,85000,0.88,14.6,18.9,9.2,69.4,20.8,4.6,0.49,12.6,19.5,26,40,24.0,15.7,98.5,Alto,1,11.7,8.9,12.5,0,PED-00996,2025-03-26,2025-05-13,CLI-096,Mayorista,Países Bajos,Contrato,11684,8271,0.54,8,Media,45,1,12958,9616,70.8,-2068,Medio,Bajo,2564.06,48.6,0.45,0.026
2025-09-07,FIN-04-L002,FIN-04,Rosa,Explorer,Invernadero,2025-06-12,87,0.9,64736,105,Microaspersión,Suelo,Vegetativo,5850,85000,0.88,15.8,19.9,11.8,75.3,10.1,1.1,0.43,11.9,81.1,38,22,11.7,6.4,83.5,Medio,1,2.0,16.6,7.4,11,PED-00997,2025-08-24,2025-09-11,CLI-108,Mayorista,Estados Unidos,Contrato,4576,2012,0.513,0,Alta,14,0,3311,2463,44.0,-2113,Alto,Bajo,617.82,57.6,0.31,0.203
2025-04-12,FIN-04-L034,FIN-04,Rosa,Freedom,Invernadero,2025-02-17,54,1.26,74927,105,Goteo,Cascarilla,Reposo,8190,85000,0.88,15.6,21.8,10.7,54.6,14.3,4.7,0.78,12.1,42.1,25,31,19.6,12.6,71.6,Bajo,1,4.9,14.4,10.4,3,PED-00998,2025-03-13,2025-04-13,CLI-086,Retail,Estados Unidos,Marketplace,1530,1530,0.481,5,Baja,30,0,3478,2505,100.0,975,Bajo,Alto,390.26,47.6,0.365,0.065
2025-08-10,FIN-03-L006,FIN-03,Rosa,Vendela,Invernadero,2025-04-25,107,0.95,63797,105,Microaspersión,Cascarilla,Vegetativo,6175,85000,0.88,16.2,22.1,11.5,81.7,9.7,0.0,0.33,12.3,79.7,26,19,12.0,11.2,90.0,Medio,0,11.6,20.0,12.6,9,PED-00999,2025-07-20,2025-08-12,CLI-023,Retail,Estados Unidos,Marketplace,2007,1766,0.508,8,Media,21,1,3326,2145,88.0,138,Bajo,Bajo,502.23,29.8,0.226,0.118
2025-03-14,FIN-02-L017,FIN-02,Rosa,Freedom,Invernadero,2024-12-17,87,1.02,56809,105,Goteo,Suelo,Vegetativo,6630,85000,0.88,18.0,23.7,11.3,69.5,18.5,0.0,0.6,12.1,31.0,24,20,13.7,9.9,80.4,Medio,1,16.6,13.2,11.6,14,PED-01000,2025-02-28,2025-03-17,CLI-013,Mayorista,Estados Unidos,Preventa,4639,4250,0.398,0,Media,14,0,6079,4035,91.6,-604,Medio,Bajo,915.68,32.7,0.18,0.07
2025-03-04,FIN-04-L019,FIN-04,Rosa,Freedom,Invernadero,2024-10-18,137,0.82,65729,105,Microaspersión,Coco,Cosecha,5330,85000,0.88,12.9,21.4,6.0,73.2,26.0,3.8,0.38,12.5,16.2,40,11,7.9,6.3,91.3,Medio,1,12.5,15.4,10.5,15,PED-01001,2025-02-25,2025-03-06,CLI-037,Mayorista,Chile,Preventa,5361,2759,0.497,0,Media,7,0,4557,3126,51.5,-2235,Alto,Bajo,821.14,40.2,0.24,-0.119
2025-07-26,FIN-02-L032,FIN-02,Rosa,Freedom,Invernadero,2025-04-22,95,1.22,56482,105,Goteo,Suelo,Vegetativo,7930,85000,0.88,18.9,25.2,14.5,75.8,12.9,1.8,0.5,12.3,47.5,24,23,16.4,9.9,91.1,Bajo,1,20.1,7.9,10.6,12,PED-01002,2025-07-12,2025-07-28,CLI-061,Mayorista,Canadá,Spot,2526,2526,0.463,2,Media,14,0,4917,3441,100.0,915,Bajo,Alto,686.12,40.5,0.174,-0.056
2025-05-05,FIN-04-L011,FIN-04,Clavel,Bizet,Campo abierto,2025-04-01,34,1.16,84868,90,Microaspersión,Cascarilla,Cosecha,7539,105000,0.88,12.3,17.8,7.4,67.1,16.2,1.1,0.45,12.3,49.9,23,23,12.6,14.4,77.1,Bajo,0,11.0,27.0,11.9,16,PED-01003,2025-03-21,2025-05-07,CLI-017,Retail,Países Bajos,Preventa,1809,1135,0.241,2,Media,45,1,1807,1052,62.7,-757,Alto,Bajo,146.22,18.4,0.45,0.15
2025-08-02,FIN-02-L008,FIN-02,Clavel,Dover,Invernadero,2025-04-14,110,1.4,80011,90,Microaspersión,Coco,Botón,9100,105000,0.88,18.1,26.8,12.0,78.5,15.3,0.2,0.43,11.8,58.0,34,21,14.9,14.8,74.6,Medio,1,3.8,10.7,11.0,16,PED-01004,2025-07-19,2025-08-03,CLI-003,Exportador,Chile,Preventa,6323,5673,0.282,8,Baja,14,0,8989,6806,89.7,483,Bajo,Bajo,804.41,54.2,0.196,-0.054
2025-12-03,FIN-03-L018,FIN-03,Rosa,Mondial,Invernadero,2025-08-30,95,1.2,65894,105,Microaspersión,Coco,Vegetativo,7800,85000,0.88,17.1,24.0,12.2,66.6,13.0,0.3,0.63,12.1,63.6,43,22,9.1,10.2,89.2,Medio,1,3.4,12.2,7.7,16,PED-01005,2025-11-19,2025-12-06,CLI-009,Exportador,Chile,Contrato,15019,5656,0.547,8,Media,14,0,8097,6278,37.7,-8741,Alto,Bajo,1885.57,63.1,0.286,0.084
2025-12-06,FIN-01-L029,FIN-01,Rosa,Mondial,Invernadero,2025-09-08,89,1.75,68462,105,Goteo,Cascarilla,Vegetativo,11375,85000,0.88,15.8,24.5,9.1,59.0,21.0,1.1,0.71,12.2,27.1,23,33,15.8,11.2,84.3,Alto,1,1.2,4.2,7.2,7,PED-01006,2025-11-29,2025-12-09,CLI-083,Exportador,Estados Unidos,Marketplace,14036,14036,0.449,5,Media,7,0,17633,14982,100.0,946,Bajo,Bajo,3288.13,78.0,0.095,0.072
2025-07-19,FIN-04-L018,FIN-04,Gypsophila,Xlence,Invernadero,2025-06-05,44,1.52,100479,75,Microaspersión,Suelo,Botón,9880,78000,0.88,14.7,20.0,9.2,79.3,17.1,4.9,0.33,11.6,33.5,23,34,17.4,15.8,87.6,Medio,1,2.5,14.2,11.0,1,PED-01007,2025-06-28,2025-07-22,CLI-083,Mayorista,Estados Unidos,Contrato,2263,2263,0.191,5,Media,21,1,5866,4399,100.0,2136,Bajo,Alto,198.04,54.0,0.235,0.112
2025-01-08,FIN-04-L028,FIN-04,Rosa,Vendela,Invernadero,2024-10-02,98,1.42,68637,105,Microaspersión,Coco,Cosecha,9230,85000,0.88,15.8,24.4,11.8,66.1,13.5,0.0,0.59,11.6,33.0,22,32,18.0,14.0,69.6,Medio,0,11.6,20.8,15.2,17,PED-01008,2025-01-01,2025-01-09,CLI-005,Supermercado,Estados Unidos,Contrato,2771,2771,0.388,5,Alta,7,0,6343,3855,100.0,1084,Bajo,Alto,496.83,18.0,0.095,0.083
2025-04-19,FIN-04-L008,FIN-04,Clavel,Bizet,Invernadero,2025-02-13,65,0.27,85174,90,Microaspersión,Suelo,Cosecha,1755,105000,0.88,15.4,22.0,11.3,82.6,16.4,0.0,0.29,12.0,39.3,23,4,2.2,2.0,71.6,Medio,0,15.7,2.0,8.0,0,PED-01009,2025-03-29,2025-04-22,CLI-096,Retail,Estados Unidos,Marketplace,1333,1333,0.267,8,Media,21,0,1893,1447,100.0,114,Bajo,Bajo,160.2,56.1,0.226,-0.006
2025-02-07,FIN-03-L045,FIN-03,Rosa,Vendela,Campo abierto,2024-09-19,141,0.6,57129,105,Microaspersión,Suelo,Botón,3900,85000,0.88,15.3,21.6,8.4,82.9,11.5,0.8,0.29,11.9,75.5,27,15,7.1,5.0,89.0,Medio,0,3.5,3.8,6.7,16,PED-01010,2024-12-24,2025-02-09,CLI-100,Mayorista,Estados Unidos,Contrato,12941,1450,0.461,2,Media,45,1,2234,1889,11.2,-11052,Alto,Bajo,406.42,77.6,0.45,0.123
2025-10-04,FIN-03-L053,FIN-03,Clavel,Bizet,Invernadero,2025-07-12,84,1.26,69925,90,Goteo,Coco,Cosecha,8190,105000,0.88,16.9,23.2,12.5,78.3,11.1,0.3,0.4,12.1,52.6,24,29,12.5,4.8,69.7,Medio,0,9.1,15.0,12.9,3,PED-01011,2025-09-27,2025-10-05,CLI-029,Mayorista,Estados Unidos,Preventa,4239,4239,0.294,0,Media,7,0,7349,4986,100.0,747,Bajo,Medio,746.65,35.1,0.11,-0.086
2025-12-27,FIN-02-L045,FIN-02,Rosa,Vendela,Invernadero,2025-09-04,114,1.3,66092,105,Microaspersión,Coco,Cosecha,8450,85000,0.88,15.5,23.4,9.3,70.4,18.2,3.2,0.5,12.2,57.9,38,29,20.5,14.2,65.1,Alto,1,4.7,9.7,8.8,9,PED-01012,2025-12-13,2025-12-30,CLI-040,Mayorista,Colombia,Contrato,7249,5866,0.542,0,Media,14,1,9753,7403,80.9,154,Bajo,Bajo,2006.51,56.7,0.18,-0.192
2025-01-04,FIN-03-L046,FIN-03,Rosa,Freedom,Invernadero,2024-09-05,121,1.12,60182,105,Microaspersión,Coco,Cosecha,7280,85000,0.88,17.8,24.9,11.5,75.0,21.6,0.0,0.49,12.1,35.4,37,21,14.2,9.2,76.8,Medio,1,9.0,3.0,6.4,4,PED-01013,2024-12-21,2025-01-06,CLI-016,Broker,Chile,Preventa,7827,7827,0.541,5,Alta,14,0,12009,9705,100.0,1878,Bajo,Medio,2565.32,68.7,0.165,0.095
2025-04-20,FIN-03-L016,FIN-03,Rosa,Freedom,Invernadero,2025-01-31,79,1.38,60430,105,Goteo,Coco,Cosecha,8970,85000,0.88,13.2,17.6,7.4,79.9,11.5,1.2,0.29,11.8,62.3,39,27,11.3,11.2,86.0,Alto,1,14.0,3.0,8.6,7,PED-01014,2025-04-13,2025-04-21,CLI-009,Broker,Chile,Preventa,7894,3544,0.472,0,Baja,7,0,5396,4201,44.9,-3693,Alto,Bajo,939.07,59.3,0.28,-0.063
2025-11-06,FIN-03-L044,FIN-03,Rosa,Vendela,Invernadero,2025-07-01,128,1.54,56958,105,Microaspersión,Coco,Cosecha,10010,85000,0.88,14.3,20.6,10.0,67.2,11.9,1.8,0.52,12.3,65.2,25,24,19.0,8.5,97.2,Medio,1,14.4,12.2,10.7,10,PED-01015,2025-10-23,2025-11-11,CLI-115,Exportador,Estados Unidos,Contrato,10288,2954,0.375,8,Baja,14,0,4812,3394,28.7,-6894,Alto,Bajo,408.33,43.4,0.326,0.082
2025-08-02,FIN-01-L022,FIN-01,Rosa,Vendela,Invernadero,2025-04-18,106,1.01,64357,105,Microaspersión,Cascarilla,Vegetativo,6565,85000,0.88,12.2,19.8,7.0,65.8,15.1,0.0,0.46,12.1,49.9,25,16,14.3,5.6,84.7,Alto,0,0.4,1.4,5.0,10,PED-01016,2025-07-19,2025-08-03,CLI-059,Exportador,Canadá,Preventa,9952,6044,0.445,12,Baja,14,0,7803,6914,60.7,-3038,Alto,Bajo,1182.92,88.0,0.314,0.21
2025-04-30,FIN-02-L054,FIN-02,Rosa,Mondial,Invernadero,2025-01-26,94,0.88,59823,105,Microaspersión,Cascarilla,Botón,5720,85000,0.88,15.4,21.5,11.2,72.6,18.0,2.0,0.46,12.3,25.0,29,13,11.9,10.3,85.2,Bajo,0,8.7,16.0,11.7,11,PED-01017,2025-04-16,2025-05-03,CLI-115,Exportador,Estados Unidos,Contrato,7037,3305,0.409,2,Alta,14,1,4702,3259,47.0,-3778,Alto,Bajo,782.75,40.6,0.304,-0.055
2025-02-18,FIN-02-L004,FIN-02,Rosa,Explorer,Invernadero,2024-11-04,106,0.63,67207,105,Microaspersión,Suelo,Cosecha,4095,85000,0.88,17.0,22.4,10.4,69.1,9.5,0.6,0.58,12.1,81.8,22,13,6.6,4.5,83.3,Medio,1,2.6,6.6,6.2,3,PED-01018,2025-02-04,2025-02-20,CLI-028,Broker,España,Preventa,4008,2938,0.516,5,Baja,14,0,3905,3222,73.3,-786,Alto,Bajo,901.22,74.3,0.335,-0.104
2025-08-18,FIN-03-L014,FIN-03,Gypsophila,New Love,Invernadero,2025-05-17,93,0.96,89901,75,Microaspersión,Suelo,Vegetativo,6240,78000,0.88,16.6,22.2,12.5,67.6,7.8,0.0,0.59,12.1,72.8,24,19,14.1,9.9,78.1,Medio,1,11.0,6.1,7.7,12,PED-01019,2025-07-19,2025-08-23,CLI-008,Exportador,Chile,Spot,4945,1741,0.213,0,Media,30,0,2668,2047,35.2,-2898,Alto,Bajo,204.67,58.8,0.45,0.049
2025-09-21,FIN-03-L023,FIN-03,Gypsophila,Xlence,Campo abierto,2025-07-18,65,0.43,100948,75,Microaspersión,Cascarilla,Cosecha,2795,78000,0.88,15.7,23.7,11.5,82.2,19.2,0.0,0.31,12.2,49.3,35,10,4.1,4.2,90.0,Medio,1,2.6,7.3,8.6,2,PED-01020,2025-09-07,2025-09-23,CLI-028,Mayorista,España,Spot,2816,2728,0.171,0,Alta,14,1,3062,2500,96.9,-316,Medio,Bajo,244.08,69.8,0.18,-0.116
2025-06-24,FIN-01-L004,FIN-01,Gypsophila,Xlence,Invernadero,2025-04-21,64,1.72,89886,75,Goteo,Coco,Botón,11180,78000,0.88,20.8,27.0,14.7,60.3,23.4,0.0,0.91,12.3,28.2,33,29,15.8,11.4,81.9,Medio,1,28.9,6.5,11.5,3,PED-01021,2025-06-10,2025-06-26,CLI-035,Broker,España,Spot,3188,3188,0.158,5,Media,14,0,9789,6318,100.0,3130,Bajo,Alto,172.75,26.1,0.165,0.12
2025-01-23,FIN-03-L026,FIN-03,Rosa,Explorer,Invernadero,2024-10-09,106,0.91,49636,105,Microaspersión,Coco,Cosecha,5915,85000,0.88,15.7,20.1,10.8,61.9,16.7,0.3,0.66,12.0,52.4,30,21,12.1,12.0,92.3,Medio,1,1.8,8.8,8.5,16,PED-01022,2024-12-09,2025-01-27,CLI-120,Broker,Países Bajos,Spot,8446,5931,0.563,5,Alta,45,1,7598,6170,70.2,-2276,Alto,Bajo,2060.48,69.5,0.45,0.133
2025-01-23,FIN-04-L032,FIN-04,Rosa,Freedom,Invernadero,2024-08-20,156,0.81,57752,105,Goteo,Cascarilla,Vegetativo,5265,85000,0.88,17.3,25.3,12.3,83.1,18.8,0.7,0.32,12.6,39.8,21,17,10.1,6.2,81.2,Bajo,1,1.0,4.9,5.8,7,PED-01023,2025-01-02,2025-01-24,CLI-104,Supermercado,Chile,Marketplace,4580,3020,0.438,5,Baja,21,1,4333,3673,65.9,-907,Alto,Bajo,682.31,79.4,0.405,0.015
2025-01-25,FIN-01-L042,FIN-01,Rosa,Explorer,Invernadero,2024-10-24,93,1.04,62449,105,Goteo,Cascarilla,Cosecha,6760,85000,0.88,19.9,26.6,14.6,66.3,22.8,0.5,0.74,12.8,11.0,40,24,12.7,8.0,96.3,Medio,0,10.2,25.7,12.1,13,PED-01024,2025-01-04,2025-01-28,CLI-083,Exportador,Colombia,Contrato,7381,3847,0.436,0,Media,21,1,7009,4318,52.1,-3063,Alto,Bajo,933.99,25.8,0.38,0.126
2025-06-03,FIN-04-L029,FIN-04,Rosa,Explorer,Invernadero,2025-02-17,106,1.35,60779,105,Microaspersión,Suelo,Botón,8775,85000,0.88,17.9,25.5,11.8,63.3,17.2,0.0,0.72,11.8,60.7,11,25,17.2,10.6,99.8,Bajo,1,21.8,7.8,15.8,0,PED-01025,2025-05-13,2025-06-07,CLI-113,Broker,Países Bajos,Marketplace,6520,5419,0.402,12,Alta,21,0,7769,5270,83.1,-1250,Alto,Bajo,1035.42,29.6,0.344,0.017
2025-04-18,FIN-01-L003,FIN-01,Rosa,Vendela,Campo abierto,2024-12-07,132,1.7,70802,105,Microaspersión,Suelo,Cosecha,11050,85000,0.88,18.0,24.6,11.4,91.9,15.2,0.1,0.25,12.0,49.0,16,31,21.9,19.2,74.8,Medio,0,6.8,2.1,10.0,2,PED-01026,2025-03-28,2025-04-21,CLI-047,Exportador,Estados Unidos,Contrato,10038,8459,0.534,10,Baja,21,1,9594,7792,84.3,-2246,Alto,Bajo,2659.61,65.0,0.39,0.155
2025-07-27,FIN-03-L040,FIN-03,Rosa,Explorer,Invernadero,2025-04-10,108,0.84,71598,105,Microaspersión,Suelo,Reposo,5460,85000,0.88,17.7,22.8,11.3,64.3,17.2,0.0,0.7,11.9,37.4,21,18,10.0,8.3,87.4,Bajo,0,24.9,6.3,12.8,8,PED-01027,2025-06-27,2025-07-30,CLI-116,Exportador,Estados Unidos,Preventa,8308,3203,0.56,0,Alta,30,1,5027,3375,38.6,-4933,Alto,Bajo,1164.56,30.7,0.45,0.091
2025-05-21,FIN-01-L006,FIN-01,Rosa,Explorer,Campo abierto,2025-01-27,114,0.75,60575,105,Microaspersión,Suelo,Cosecha,4875,85000,0.88,16.0,20.3,11.5,64.8,17.9,1.5,0.62,12.1,52.1,31,12,8.5,6.6,84.7,Alto,0,5.2,4.3,6.4,3,PED-01028,2025-04-21,2025-05-24,CLI-111,Supermercado,Canadá,Preventa,1889,1889,0.44,0,Media,30,1,8169,6768,100.0,4879,Bajo,Alto,457.89,74.0,0.34,-0.135
2025-12-01,FIN-01-L011,FIN-01,Clavel,Nelson,Invernadero,2025-09-10,82,0.93,87647,90,Microaspersión,Suelo,Cosecha,6045,105000,0.88,17.2,23.9,10.9,58.5,15.8,0.0,0.79,12.1,62.6,35,22,11.2,7.8,88.7,Medio,1,12.3,20.4,13.4,13,PED-01029,2025-11-10,2025-12-03,CLI-063,Supermercado,Estados Unidos,Preventa,7509,3734,0.34,8,Baja,21,1,6396,4049,49.7,-3460,Alto,Bajo,794.99,26.2,0.396,0.12
2025-01-20,FIN-03-L022,FIN-03,Clavel,Dover,Invernadero,2024-11-04,77,0.46,76825,90,Microaspersión,Coco,Botón,2990,105000,0.88,17.9,25.8,12.8,69.2,12.9,7.4,0.61,12.6,63.3,30,8,6.7,4.5,75.7,Alto,1,1.4,6.3,6.2,15,PED-01030,2024-12-30,2025-01-25,CLI-081,Retail,España,Spot,877,877,0.235,0,Media,21,0,3498,2893,100.0,2016,Bajo,Alto,96.45,74.5,0.25,-0.02
2025-10-12,FIN-04-L043,FIN-04,Gypsophila,Xlence,Invernadero,2025-08-10,63,1.0,94531,75,Microaspersión,Cascarilla,Botón,6500,78000,0.88,17.1,22.9,11.6,78.2,18.1,0.0,0.41,12.3,49.2,18,17,13.5,10.0,90.0,Alto,1,9.2,6.7,8.6,0,PED-01031,2025-09-28,2025-10-16,CLI-102,Mayorista,España,Preventa,2829,2829,0.241,0,Media,14,0,6668,5213,100.0,2384,Bajo,Alto,423.24,61.5,0.18,-0.027
2025-05-13,FIN-03-L012,FIN-03,Rosa,Mondial,Invernadero,2025-02-27,75,1.41,64870,105,Goteo,Coco,Botón,9165,85000,0.88,17.9,26.9,12.0,69.6,7.0,2.6,0.6,12.3,88.1,35,30,16.4,14.6,89.5,Medio,1,14.0,14.0,10.6,11,PED-01032,2025-04-13,2025-05-16,CLI-065,Retail,Canadá,Preventa,1416,1416,0.374,5,Media,30,0,2830,1941,100.0,525,Bajo,Alto,258.0,39.5,0.325,0.059
2025-06-24,FIN-03-L058,FIN-03,Rosa,Freedom,Invernadero,2025-03-06,110,1.21,60725,105,Goteo,Coco,Cosecha,7865,85000,0.88,12.8,17.6,8.6,65.1,15.7,0.0,0.49,11.9,42.5,31,21,14.2,13.0,83.4,Medio,1,23.5,13.3,14.0,7,PED-01033,2025-06-10,2025-06-25,CLI-055,Exportador,Países Bajos,Preventa,8667,2784,0.378,2,Alta,14,0,4478,2753,32.1,-5914,Alto,Bajo,545.72,18.6,0.304,0.011
2025-05-24,FIN-03-L039,FIN-03,Rosa,Vendela,Campo abierto,2025-01-13,131,1.41,65089,105,Goteo,Coco,Cosecha,9165,85000,0.88,16.4,25.1,9.5,80.6,12.9,0.0,0.35,13.0,52.7,35,22,17.4,13.7,100.0,Medio,0,4.2,5.5,6.9,16,PED-01034,2025-05-17,2025-05-29,CLI-024,Retail,España,Preventa,1880,1880,0.514,0,Media,7,1,7412,6212,100.0,4332,Bajo,Alto,596.22,76.4,0.11,-0.006
2025-01-12,FIN-03-L006,FIN-03,Clavel,Nelson,Invernadero,2024-10-05,99,1.67,81384,90,Microaspersión,Coco,Botón,10855,105000,0.88,13.6,22.4,9.4,76.0,21.0,0.0,0.36,11.6,27.9,17,28,23.2,20.4,91.0,Medio,1,26.5,8.3,15.1,17,PED-01035,2024-12-29,2025-01-13,CLI-010,Supermercado,Estados Unidos,Contrato,2006,2006,0.286,5,Media,14,0,12084,7736,100.0,5730,Bajo,Alto,315.12,21.5,0.165,0.121
2025-10-14,FIN-01-L026,FIN-01,Rosa,Mondial,Invernadero,2025-06-19,117,0.87,68081,105,Goteo,Suelo,Cosecha,5655,85000,0.88,16.3,20.4,11.0,60.5,11.9,2.6,0.71,11.8,61.1,46,19,11.2,6.9,82.5,Medio,1,1.7,30.0,12.6,9,PED-01036,2025-09-30,2025-10-19,CLI-117,Broker,Canadá,Spot,4573,2199,0.38,8,Media,14,0,3660,2257,48.1,-2316,Alto,Bajo,357.07,26.8,0.286,0.072
2025-04-05,FIN-03-L050,FIN-03,Clavel,Bizet,Invernadero,2024-12-29,97,1.37,92124,90,Microaspersión,Cascarilla,Vegetativo,8905,105000,0.88,16.7,22.3,10.3,73.7,12.0,4.2,0.48,12.1,56.8,35,27,19.1,9.8,87.6,Medio,1,0.4,2.4,5.3,12,PED-01037,2025-03-06,2025-04-10,CLI-113,Mayorista,Estados Unidos,Contrato,300,300,0.324,12,Media,30,0,11476,10096,100.0,9796,Bajo,Alto,52.54,86.6,0.304,0.043
2025-06-04,FIN-04-L041,FIN-04,Rosa,Vendela,Invernadero,2025-03-11,85,0.72,66956,105,Microaspersión,Suelo,Cosecha,4680,85000,0.88,15.0,21.6,10.9,70.2,12.8,0.0,0.49,12.3,58.9,22,13,7.7,9.2,87.1,Medio,1,14.4,3.7,7.2,15,PED-01038,2025-05-21,2025-06-09,CLI-055,Mayorista,Canadá,Spot,6186,2235,0.46,0,Media,14,0,3566,2771,36.1,-3415,Alto,Bajo,608.55,60.9,0.31,0.06
2025-09-15,FIN-03-L015,FIN-03,Gypsophila,Million Star,Invernadero,2025-07-01,76,0.54,106024,75,Microaspersión,Suelo,Botón,3510,78000,0.88,12.8,20.0,5.9,63.3,16.6,0.0,0.52,11.9,26.9,28,8,7.1,5.8,80.6,Alto,1,31.6,1.4,7.8,4,PED-01039,2025-09-01,2025-09-17,CLI-097,Exportador,España,Contrato,2694,2057,0.169,2,Baja,14,1,3453,2360,76.4,-334,Medio,Bajo,144.58,37.4,0.214,0.099
2025-12-10,FIN-01-L051,FIN-01,Rosa,Freedom,Invernadero,2025-08-07,125,0.8,64918,105,Goteo,Cascarilla,Botón,5200,85000,0.88,18.2,25.5,13.2,84.8,18.0,0.2,0.3,12.0,40.7,31,11,9.5,8.1,93.8,Medio,0,8.1,9.6,8.4,6,PED-01040,2025-11-19,2025-12-15,CLI-111,Exportador,Países Bajos,Preventa,18256,4525,0.576,8,Alta,21,1,6329,4872,24.8,-13384,Alto,Bajo,1575.52,60.1,0.356,0.05
2025-02-07,FIN-03-L013,FIN-03,Clavel,Dover,Invernadero,2024-11-01,98,0.88,84191,90,Microaspersión,Suelo,Botón,5720,105000,0.88,16.7,23.2,10.4,69.8,12.7,5.4,0.55,12.1,39.1,30,21,12.6,9.4,100.0,Medio,1,27.7,20.9,17.0,15,PED-01041,2025-01-24,2025-02-10,CLI-015,Supermercado,Canadá,Preventa,5123,1510,0.256,0,Media,14,0,2903,1596,29.5,-3527,Alto,Bajo,233.35,0.0,0.31,0.173
2025-11-24,FIN-01-L016,FIN-01,Rosa,Mondial,Invernadero,2025-09-04,81,0.78,66825,105,Goteo,Suelo,Reposo,5070,85000,0.88,17.0,21.8,11.0,84.5,16.7,2.5,0.29,12.1,45.1,35,13,6.0,6.7,89.4,Bajo,0,7.7,4.3,7.1,7,PED-01042,2025-11-03,2025-11-29,CLI-076,Exportador,Estados Unidos,Preventa,10016,4806,0.514,2,Media,21,1,5621,4583,48.0,-5433,Alto,Bajo,1585.39,70.2,0.374,0.144
2025-02-26,FIN-03-L055,FIN-03,Rosa,Mondial,Invernadero,2024-10-22,127,1.51,66179,105,Goteo,Coco,Botón,9815,85000,0.88,15.3,22.7,9.9,58.8,16.4,1.5,0.69,11.9,52.0,29,31,19.1,16.3,93.4,Medio,1,11.4,30.0,14.8,2,PED-01043,2025-02-05,2025-03-01,CLI-052,Mayorista,Países Bajos,Spot,5584,2780,0.449,12,Alta,21,1,5421,3040,49.8,-2544,Alto,Bajo,525.62,11.3,0.344,0.089
2025-12-22,FIN-03-L055,FIN-03,Rosa,Explorer,Invernadero,2025-09-18,95,1.01,53082,105,Goteo,Cascarilla,Botón,6565,85000,0.88,18.3,23.7,11.6,53.8,16.6,0.7,0.93,12.1,33.2,25,22,11.6,11.5,81.9,Medio,0,31.4,5.1,14.2,6,PED-01044,2025-12-01,2025-12-24,CLI-077,Exportador,Países Bajos,Contrato,17323,3662,0.596,8,Media,21,0,5660,3570,21.1,-13753,Alto,Bajo,1317.18,19.0,0.356,0.135
2025-05-01,FIN-01-L043,FIN-01,Rosa,Explorer,Invernadero,2025-01-15,106,0.96,62277,105,Goteo,Coco,Botón,6240,85000,0.88,15.1,21.4,8.8,80.6,17.9,4.4,0.32,12.2,47.6,37,17,14.5,8.3,78.8,Medio,1,7.5,17.8,9.3,8,PED-01045,2025-04-24,2025-05-06,CLI-050,Retail,Estados Unidos,Contrato,3278,3278,0.544,2,Baja,7,0,6532,4501,100.0,1223,Bajo,Alto,1128.02,43.0,0.144,-0.018
2025-06-08,FIN-04-L011,FIN-04,Clavel,Bizet,Invernadero,2025-03-08,92,0.66,71864,90,Goteo,Coco,Cosecha,4290,105000,0.88,17.5,24.7,10.9,70.2,23.2,0.0,0.57,11.8,19.7,16,12,8.4,5.1,92.8,Medio,0,4.2,7.9,7.2,9,PED-01046,2025-06-01,2025-06-09,CLI-009,Mayorista,Estados Unidos,Spot,4606,4606,0.303,8,Media,7,0,10627,8614,100.0,4008,Bajo,Alto,732.71,70.4,0.086,-0.065
2025-01-03,FIN-02-L005,FIN-02,Rosa,Mondial,Invernadero,2024-09-17,108,1.17,63428,105,Goteo,Suelo,Botón,7604,85000,0.88,16.2,20.6,11.1,71.2,14.1,0.1,0.51,12.3,52.4,21,29,12.8,12.4,76.8,Alto,1,15.9,12.8,12.9,14,PED-01047,2024-12-20,2025-01-05,CLI-024,Exportador,Estados Unidos,Preventa,10299,3867,0.502,2,Alta,14,0,6139,4066,37.5,-6233,Alto,Bajo,1252.59,30.6,0.304,-0.057
2025-02-25,FIN-04-L001,FIN-04,Gypsophila,New Love,Invernadero,2024-11-27,90,1.04,110898,75,Microaspersión,Coco,Vegetativo,6760,78000,0.88,16.6,22.2,10.9,75.6,10.0,3.3,0.45,12.4,70.4,33,17,10.3,9.1,82.6,Medio,0,9.7,20.5,11.3,14,PED-01048,2025-01-26,2025-03-01,CLI-005,Mayorista,Países Bajos,Spot,3354,1612,0.232,8,Media,30,0,2578,1676,48.1,-1678,Alto,Bajo,190.94,32.6,0.446,0.08
2025-07-03,FIN-04-L013,FIN-04,Rosa,Freedom,Invernadero,2025-04-03,91,0.9,56234,105,Microaspersión,Cascarilla,Cosecha,5850,85000,0.88,18.4,26.8,11.9,90.7,16.7,0.6,0.25,12.3,39.0,38,22,9.5,5.2,81.8,Medio,1,3.5,2.1,3.5,14,PED-01049,2025-06-19,2025-07-04,CLI-027,Exportador,España,Preventa,4825,4825,0.367,0,Media,14,1,6747,5836,100.0,1011,Bajo,Medio,971.58,85.0,0.18,0.03
2025-03-20,FIN-02-L049,FIN-02,Rosa,Mondial,Campo abierto,2024-11-17,123,0.74,66234,105,Microaspersión,Coco,Vegetativo,4810,85000,0.88,20.0,24.6,13.6,92.6,13.5,0.9,0.25,11.8,66.9,28,10,8.8,7.7,98.3,Medio,1,12.5,14.1,10.5,15,PED-01050,2025-03-06,2025-03-24,CLI-078,Supermercado,Estados Unidos,Spot,2438,1842,0.489,0,Alta,14,1,3313,2330,75.6,-108,Medio,Bajo,549.62,43.9,0.18,0.023
2025-05-12,FIN-03-L032,FIN-03,Rosa,Mondial,Campo abierto,2025-01-21,111,0.86,59403,105,Goteo,Suelo,Botón,5590,85000,0.88,17.0,26.0,12.8,82.7,10.6,0.0,0.32,12.5,49.3,27,15,12.9,9.1,83.4,Alto,1,18.8,0.1,8.3,2,PED-01051,2025-04-21,2025-05-14,CLI-109,Supermercado,Estados Unidos,Contrato,9343,4231,0.573,0,Baja,21,1,5203,4014,45.3,-5329,Alto,Bajo,1592.33,57.0,0.42,-0.008
2025-03-13,FIN-01-L003,FIN-01,Rosa,Freedom,Invernadero,2024-11-27,106,0.49,68810,105,Microaspersión,Cascarilla,Cosecha,3185,85000,0.88,15.8,20.5,9.2,71.7,17.4,1.1,0.49,11.8,47.9,21,11,5.4,2.9,100.0,Alto,1,6.9,18.2,9.7,2,PED-01052,2025-02-27,2025-03-15,CLI-091,Exportador,Países Bajos,Preventa,11073,2138,0.392,0,Baja,14,1,3418,2424,19.3,-8649,Alto,Bajo,422.75,47.7,0.35,0.006
2025-10-09,FIN-04-L052,FIN-04,Rosa,Freedom,Campo abierto,2025-06-22,109,0.87,70190,105,Goteo,Coco,Vegetativo,5655,85000,0.88,16.8,24.8,10.1,72.8,17.5,0.0,0.5,12.7,49.6,41,18,9.9,7.9,94.1,Medio,0,35.0,30.0,19.0,2,PED-01053,2025-09-25,2025-10-12,CLI-078,Exportador,Países Bajos,Marketplace,5739,1401,0.468,0,Media,14,1,2432,1337,24.4,-4402,Alto,Bajo,386.85,0.0,0.31,-0.099
2025-09-20,FIN-04-L002,FIN-04,Clavel,Dover,Invernadero,2025-06-06,106,1.49,79190,90,Microaspersión,Suelo,Cosecha,9685,105000,0.88,17.8,25.5,12.5,65.3,7.0,0.0,0.68,12.1,84.5,24,35,18.3,11.1,97.4,Medio,1,15.7,22.6,15.6,8,PED-01054,2025-08-06,2025-09-21,CLI-105,Supermercado,Estados Unidos,Contrato,2580,1892,0.301,5,Alta,45,1,3578,2128,73.3,-452,Medio,Bajo,311.9,15.7,0.45,0.147
2025-12-03,FIN-02-L053,FIN-02,Rosa,Mondial,Invernadero,2025-09-03,91,0.94,58905,105,Goteo,Coco,Botón,6110,85000,0.88,13.9,22.2,8.1,74.9,15.2,3.6,0.38,12.2,51.5,30,22,8.6,9.6,89.0,Medio,1,3.5,4.0,6.3,0,PED-01055,2025-11-19,2025-12-06,CLI-089,Broker,España,Preventa,14242,3748,0.58,0,Media,14,0,5218,4413,26.3,-9829,Alto,Bajo,1439.38,78.1,0.31,0.166
2025-10-18,FIN-02-L020,FIN-02,Gypsophila,Xlence,Invernadero,2025-07-16,94,0.35,85681,75,Microaspersión,Cascarilla,Cosecha,2275,78000,0.88,15.1,23.5,9.6,50.9,24.2,4.2,0.82,12.3,16.2,25,4,3.6,3.0,87.3,Alto,1,12.7,15.2,12.3,2,PED-01056,2025-09-27,2025-10-21,CLI-031,Retail,Países Bajos,Preventa,1500,1448,0.175,0,Media,21,0,2061,1391,96.5,-109,Medio,Bajo,122.5,35.4,0.25,0.115
2025-01-24,FIN-04-L055,FIN-04,Rosa,Explorer,Invernadero,2024-10-26,90,1.37,68309,105,Goteo,Cascarilla,Cosecha,8905,85000,0.88,19.6,26.4,13.8,75.0,19.3,0.0,0.54,11.7,41.4,25,29,16.2,10.8,100.0,Alto,1,9.4,5.2,9.0,7,PED-01057,2025-01-10,2025-01-28,CLI-012,Mayorista,Chile,Preventa,5654,5654,0.476,5,Media,14,0,10585,8478,100.0,2824,Bajo,Alto,1448.47,65.1,0.165,0.111
2025-04-03,FIN-02-L033,FIN-02,Rosa,Vendela,Invernadero,2024-12-16,108,1.31,59955,105,Microaspersión,Cascarilla,Cosecha,8515,85000,0.88,18.2,26.5,13.5,70.7,16.8,1.6,0.59,12.0,51.9,31,21,17.1,10.7,87.6,Medio,1,11.7,7.4,8.0,9,PED-01058,2025-02-17,2025-04-05,CLI-087,Mayorista,Países Bajos,Spot,5033,5033,0.559,0,Media,45,0,9672,7362,100.0,2329,Bajo,Alto,1996.83,57.6,0.45,-0.021
2025-02-17,FIN-04-L014,FIN-04,Rosa,Freedom,Invernadero,2024-11-12,97,1.32,61420,105,Goteo,Cascarilla,Cosecha,8580,85000,0.88,13.8,18.0,9.0,77.8,19.9,3.4,0.34,11.9,55.2,34,23,19.1,11.0,82.4,Medio,1,27.4,28.6,19.4,8,PED-01059,2025-01-18,2025-02-18,CLI-001,Retail,Estados Unidos,Preventa,1673,1673,0.472,12,Media,30,0,3806,2093,100.0,420,Bajo,Medio,354.59,0.0,0.304,-0.035
2025-05-19,FIN-01-L045,FIN-01,Rosa,Freedom,Invernadero,2025-03-30,50,1.55,58048,105,Microaspersión,Coco,Cosecha,10075,85000,0.88,19.9,25.5,15.4,82.6,13.0,1.2,0.38,12.4,53.7,27,25,15.5,13.0,91.8,Medio,1,9.1,21.6,11.7,3,PED-01060,2025-05-05,2025-05-20,CLI-024,Exportador,Chile,Preventa,6966,2226,0.41,5,Media,14,1,3122,2037,32.0,-4929,Alto,Bajo,494.44,33.2,0.295,0.142
2025-03-31,FIN-01-L032,FIN-01,Rosa,Mondial,Invernadero,2024-12-25,96,1.44,67340,105,Microaspersión,Cascarilla,Cosecha,9360,85000,0.88,17.1,23.4,11.3,71.8,14.5,2.0,0.53,12.3,56.0,18,22,12.3,10.4,82.2,Medio,1,10.5,3.0,7.5,3,PED-01061,2025-03-10,2025-04-03,CLI-115,Exportador,Países Bajos,Preventa,7959,6632,0.397,2,Baja,21,0,10558,8448,83.3,489,Bajo,Bajo,1270.7,65.6,0.284,0.003
2025-10-05,FIN-01-L020,FIN-01,Rosa,Vendela,Invernadero,2025-06-19,108,1.67,55981,105,Goteo,Cascarilla,Reposo,10855,85000,0.88,17.0,21.1,10.3,74.6,18.6,0.6,0.47,11.4,35.1,35,39,17.1,15.5,100.0,Medio,1,1.8,12.3,9.7,12,PED-01062,2025-09-05,2025-10-10,CLI-096,Mayorista,Estados Unidos,Preventa,4283,4283,0.468,12,Baja,30,1,15827,12455,100.0,8172,Bajo,Alto,907.3,63.7,0.344,-0.119
2025-10-12,FIN-04-L012,FIN-04,Rosa,Explorer,Invernadero,2025-08-05,68,1.39,59530,105,Goteo,Coco,Cosecha,9035,85000,0.88,14.0,19.6,8.8,82.9,15.7,2.0,0.26,12.9,54.0,38,22,17.5,13.9,92.2,Medio,1,14.7,25.3,13.7,9,PED-01063,2025-09-12,2025-10-13,CLI-012,Exportador,Estados Unidos,Contrato,4900,1947,0.557,5,Media,30,1,3664,2131,39.7,-2769,Alto,Bajo,706.96,15.8,0.45,-0.004
2025-07-06,FIN-01-L030,FIN-01,Rosa,Explorer,Invernadero,2025-04-03,94,0.86,62178,105,Goteo,Cascarilla,Vegetativo,5590,85000,0.88,19.4,27.5,14.7,87.3,18.1,1.3,0.27,12.7,37.1,40,13,14.0,8.9,61.7,Bajo,1,9.3,13.1,9.9,16,PED-01064,2025-06-22,2025-07-10,CLI-112,Broker,Estados Unidos,Preventa,7857,2658,0.446,5,Baja,14,0,4648,3237,33.8,-4620,Alto,Bajo,584.38,42.0,0.335,0.005
2025-07-04,FIN-04-L026,FIN-04,Gypsophila,New Love,Invernadero,2025-05-02,63,0.79,90736,75,Microaspersión,Coco,Vegetativo,5135,78000,0.88,17.6,24.3,11.4,71.1,9.5,0.0,0.56,12.2,67.6,17,15,7.9,9.8,98.7,Alto,1,11.6,14.6,11.2,5,PED-01065,2025-06-27,2025-07-07,CLI-097,Supermercado,Chile,Preventa,3514,1504,0.234,0,Alta,7,0,2425,1703,42.8,-1811,Alto,Bajo,215.84,43.0,0.24,0.016
2025-01-31,FIN-04-L007,FIN-04,Rosa,Explorer,Invernadero,2024-10-25,98,0.52,62467,105,Microaspersión,Suelo,Cosecha,3380,85000,0.88,16.1,22.5,10.9,66.5,23.6,1.2,0.59,11.8,23.0,27,9,5.2,4.2,76.5,Medio,0,28.6,12.6,14.0,0,PED-01066,2025-01-17,2025-02-04,CLI-011,Exportador,Países Bajos,Preventa,14124,2126,0.473,2,Media,14,0,3257,1899,15.1,-12225,Alto,Bajo,613.17,10.8,0.304,0.089
2025-07-23,FIN-02-L024,FIN-02,Clavel,Dover,Invernadero,2025-04-22,92,1.62,81947,90,Microaspersión,Cascarilla,Cosecha,10530,105000,0.88,17.3,25.9,10.8,78.1,26.0,15.8,0.42,12.6,20.1,27,35,20.2,12.2,88.2,Medio,1,5.4,11.5,10.9,11,PED-01067,2025-07-16,2025-07-24,CLI-001,Broker,España,Preventa,3564,3564,0.263,0,Alta,7,0,25917,19572,100.0,16008,Bajo,Alto,540.22,54.4,0.11,-0.078
2025-02-22,FIN-01-L007,FIN-01,Rosa,Explorer,Invernadero,2024-11-01,113,1.19,70857,105,Goteo,Cascarilla,Cosecha,7735,85000,0.88,18.2,24.0,12.9,75.0,19.3,5.2,0.5,11.5,49.4,27,24,17.5,11.3,78.5,Medio,0,32.9,4.8,13.9,13,PED-01068,2025-02-15,2025-02-26,CLI-005,Exportador,Canadá,Contrato,4420,4420,0.537,0,Media,7,0,8297,5161,100.0,741,Bajo,Medio,1564.91,17.2,0.11,-0.093
2025-05-27,FIN-01-L047,FIN-01,Rosa,Freedom,Invernadero,2025-02-17,99,0.32,74343,105,Microaspersión,Coco,Botón,2080,85000,0.88,16.9,23.0,10.9,64.7,16.7,4.5,0.66,12.0,41.5,37,5,2.9,1.8,77.8,Medio,1,8.0,12.3,10.6,7,PED-01069,2025-05-06,2025-05-28,CLI-070,Mayorista,Estados Unidos,Spot,7679,1848,0.54,0,Media,21,0,2470,1788,24.1,-5891,Alto,Bajo,616.18,47.5,0.38,0.189
2025-09-08,FIN-03-L022,FIN-03,Rosa,Freedom,Campo abierto,2025-05-07,124,0.82,61791,105,Microaspersión,Cascarilla,Cosecha,5330,85000,0.88,18.3,25.4,12.8,75.4,16.1,0.6,0.5,12.3,60.0,17,15,8.3,8.3,83.2,Medio,0,27.5,28.4,16.9,14,PED-01070,2025-08-18,2025-09-09,CLI-009,Exportador,Canadá,Spot,10411,973,0.419,5,Media,21,1,2030,1116,9.3,-9295,Alto,Bajo,198.77,0.0,0.365,0.285
2025-09-04,FIN-03-L042,FIN-03,Rosa,Mondial,Invernadero,2025-05-31,96,1.34,65330,105,Microaspersión,Suelo,Botón,8710,85000,0.88,19.0,28.0,13.9,66.5,20.5,0.0,0.7,11.7,31.1,21,26,12.9,11.9,81.5,Alto,1,9.5,24.7,14.1,8,PED-01071,2025-08-21,2025-09-09,CLI-025,Supermercado,Canadá,Preventa,2421,2421,0.442,10,Alta,14,0,9009,5454,100.0,3033,Bajo,Alto,499.38,20.4,0.15,0.025
2025-12-10,FIN-04-L026,FIN-04,Clavel,Nelson,Campo abierto,2025-09-01,100,0.73,75845,90,Microaspersión,Suelo,Botón,4745,105000,0.88,19.8,24.4,13.0,73.9,19.6,0.0,0.57,12.3,17.0,19,18,10.2,6.0,91.3,Medio,1,5.8,18.3,10.4,10,PED-01072,2025-11-26,2025-12-12,CLI-082,Exportador,Canadá,Marketplace,8481,3501,0.243,0,Alta,14,1,4845,3408,41.3,-5073,Alto,Bajo,436.0,45.4,0.31,0.099
2025-03-14,FIN-03-L058,FIN-03,Gypsophila,Xlence,Invernadero,2024-11-21,113,0.54,101291,75,Microaspersión,Suelo,Botón,3510,78000,0.88,16.4,23.7,9.5,70.4,19.2,0.0,0.53,12.3,28.7,32,7,5.9,4.2,82.0,Medio,0,16.0,22.2,15.3,13,PED-01073,2025-03-07,2025-03-18,CLI-076,Mayorista,Colombia,Preventa,535,535,0.205,5,Media,7,0,1453,845,100.0,310,Bajo,Alto,54.52,12.7,0.095,0.061
2025-04-19,FIN-01-L024,FIN-01,Rosa,Vendela,Invernadero,2025-01-06,103,1.69,57619,105,Microaspersión,Coco,Cosecha,10985,85000,0.88,14.6,20.3,8.1,61.2,15.9,5.7,0.62,12.0,53.7,31,37,19.1,12.8,70.5,Medio,0,15.6,4.0,11.6,14,PED-01074,2025-04-05,2025-04-22,CLI-063,Supermercado,Estados Unidos,Preventa,3312,3312,0.461,8,Alta,14,0,11019,8082,100.0,4770,Bajo,Alto,808.49,45.4,0.156,0.187
2025-10-02,FIN-01-L033,FIN-01,Rosa,Freedom,Invernadero,2025-05-19,136,1.37,65319,105,Goteo,Coco,Cosecha,8905,85000,0.88,14.8,22.7,8.1,63.3,15.4,0.8,0.6,12.1,58.7,21,23,18.5,10.5,89.3,Bajo,0,4.7,5.2,6.9,17,PED-01075,2025-09-02,2025-10-04,CLI-029,Exportador,Estados Unidos,Preventa,11214,3750,0.478,10,Media,30,1,5734,4741,33.4,-6473,Alto,Bajo,837.27,73.5,0.44,0.12
2025-08-08,FIN-03-L038,FIN-03,Clavel,Bizet,Invernadero,2025-04-13,117,1.14,86627,90,Microaspersión,Cascarilla,Botón,7409,105000,0.88,17.5,26.1,12.0,68.8,9.6,0.0,0.6,12.3,57.2,17,24,13.6,9.5,93.6,Medio,1,6.5,1.5,4.8,11,PED-01076,2025-06-24,2025-08-12,CLI-020,Broker,Canadá,Preventa,2666,2666,0.308,8,Baja,45,1,5167,4435,100.0,1769,Bajo,Alto,431.67,82.0,0.45,0.079
2025-08-10,FIN-02-L038,FIN-02,Clavel,Nelson,Invernadero,2025-05-10,92,1.62,81148,90,Microaspersión,Coco,Reposo,10530,105000,0.88,17.0,21.4,11.0,64.8,16.4,0.0,0.66,11.8,47.6,12,43,24.7,14.5,77.7,Medio,0,6.3,6.1,14.1,6,PED-01077,2025-07-20,2025-08-13,CLI-061,Exportador,Chile,Preventa,8014,8014,0.319,0,Alta,21,0,18413,14172,100.0,6158,Bajo,Alto,1645.95,51.8,0.25,0.106
2025-11-28,FIN-02-L051,FIN-02,Rosa,Freedom,Invernadero,2025-08-03,117,1.38,71287,105,Goteo,Cascarilla,Vegetativo,8970,85000,0.88,15.2,23.2,8.7,76.3,15.9,0.0,0.4,12.4,46.9,20,27,23.4,15.1,85.1,Alto,0,13.8,15.1,15.3,7,PED-01078,2025-10-14,2025-12-01,CLI-105,Broker,Estados Unidos,Spot,3566,3558,0.39,0,Media,45,1,7151,4686,99.8,1120,Bajo,Medio,800.35,27.2,0.45,0.076
2025-02-12,FIN-03-L030,FIN-03,Rosa,Mondial,Invernadero,2024-10-05,130,1.0,74360,105,Microaspersión,Suelo,Reposo,6500,85000,0.88,14.9,22.2,8.3,62.3,14.3,0.0,0.62,11.5,52.6,23,21,13.9,5.4,80.4,Medio,1,1.8,11.1,8.6,3,PED-01079,2025-01-29,2025-02-13,CLI-083,Retail,Estados Unidos,Preventa,3681,3681,0.595,2,Baja,14,0,5264,4113,100.0,432,Bajo,Bajo,1408.57,62.9,0.214,0.12
2025-06-24,FIN-03-L018,FIN-03,Rosa,Explorer,Invernadero,2025-04-08,77,0.61,57873,105,Microaspersión,Coco,Cosecha,3965,85000,0.88,17.4,25.4,10.7,77.9,21.0,0.8,0.42,11.6,31.2,18,11,6.1,4.3,86.4,Alto,1,23.5,5.4,8.9,4,PED-01080,2025-06-03,2025-06-29,CLI-101,Retail,Países Bajos,Contrato,1408,1408,0.474,8,Media,21,1,4340,3044,100.0,1636,Bajo,Alto,385.49,41.9,0.226,-0.116
2025-04-22,FIN-02-L053,FIN-02,Gypsophila,Xlence,Invernadero,2025-01-07,105,0.35,85609,75,Goteo,Cascarilla,Cosecha,2275,78000,0.88,18.1,27.0,13.0,72.4,15.0,5.4,0.55,12.7,32.4,31,6,4.1,3.6,88.5,Alto,1,7.4,12.3,8.6,10,PED-01081,2025-03-08,2025-04-23,CLI-011,Retail,Países Bajos,Spot,571,571,0.175,8,Baja,45,1,1369,1021,100.0,450,Bajo,Alto,42.24,55.3,0.45,0.079
2025-04-11,FIN-04-L050,FIN-04,Rosa,Explorer,Invernadero,2025-01-05,96,1.41,65945,105,Microaspersión,Cascarilla,Cosecha,9165,85000,0.88,13.5,18.5,8.6,75.5,14.2,1.5,0.36,12.5,54.8,25,27,21.9,12.5,74.6,Bajo,0,29.4,1.9,11.4,17,PED-01082,2025-03-28,2025-04-13,CLI-107,Exportador,Estados Unidos,Contrato,7186,3298,0.49,0,Baja,14,0,5831,3920,45.9,-3266,Alto,Bajo,961.53,30.7,0.35,0.064
2025-03-29,FIN-02-L036,FIN-02,Rosa,Mondial,Invernadero,2024-12-10,109,1.32,56068,105,Goteo,Suelo,Cosecha,8580,85000,0.88,16.2,21.9,9.9,80.8,12.1,0.5,0.34,11.8,68.9,23,18,14.2,13.3,75.2,Medio,1,9.8,6.7,9.9,8,PED-01083,2025-03-15,2025-03-31,CLI-006,Broker,Estados Unidos,Contrato,6760,4740,0.476,2,Alta,14,0,7796,5910,70.1,-850,Medio,Bajo,1365.74,54.2,0.174,0.036
2025-07-28,FIN-01-L029,FIN-01,Clavel,Nelson,Invernadero,2025-06-06,52,0.46,80321,90,Goteo,Coco,Cosecha,2990,105000,0.88,14.9,20.9,10.4,57.3,15.1,0.4,0.7,12.4,68.8,27,9,3.6,3.7,79.7,Alto,0,6.6,2.8,5.1,4,PED-01084,2025-07-07,2025-08-02,CLI-119,Supermercado,Estados Unidos,Spot,2937,1861,0.309,10,Baja,21,0,2302,1915,63.4,-1022,Alto,Bajo,302.29,75.8,0.39,0.103
2025-05-03,FIN-04-L055,FIN-04,Rosa,Explorer,Invernadero,2025-02-12,80,1.58,62762,105,Microaspersión,Coco,Cosecha,10270,85000,0.88,16.7,24.2,12.2,75.6,11.4,6.6,0.45,12.1,71.7,10,29,18.7,14.7,86.6,Medio,1,11.9,16.2,15.4,5,PED-01085,2025-04-19,2025-05-06,CLI-041,Broker,Estados Unidos,Marketplace,14860,3383,0.458,2,Alta,14,0,4943,3257,22.8,-11603,Alto,Bajo,884.95,28.4,0.304,0.169
2025-12-18,FIN-03-L008,FIN-03,Rosa,Explorer,Invernadero,2025-07-14,157,1.57,69721,105,Microaspersión,Cascarilla,Botón,10205,85000,0.88,18.0,26.3,13.1,61.7,12.2,0.5,0.76,12.2,55.2,32,27,23.2,17.4,74.7,Medio,0,29.5,3.4,10.9,12,PED-01086,2025-11-18,2025-12-22,CLI-015,Broker,Canadá,Preventa,12385,2711,0.538,2,Media,30,0,3821,2529,21.9,-9856,Alto,Bajo,941.19,29.4,0.45,0.066
2025-12-07,FIN-02-L051,FIN-02,Rosa,Mondial,Invernadero,2025-08-08,121,1.56,66890,105,Microaspersión,Cascarilla,Cosecha,10140,85000,0.88,16.5,22.6,11.5,80.5,14.8,4.1,0.35,11.7,42.5,26,22,23.3,13.7,64.8,Medio,1,31.6,5.3,13.3,6,PED-01087,2025-11-23,2025-12-11,CLI-116,Broker,Canadá,Preventa,12280,3949,0.453,5,Alta,14,0,6442,3959,32.2,-8321,Alto,Bajo,893.66,16.1,0.295,0.078
2025-02-05,FIN-02-L020,FIN-02,Rosa,Mondial,Invernadero,2024-10-29,99,1.34,60978,105,Goteo,Cascarilla,Reposo,8710,85000,0.88,17.9,22.9,12.7,66.8,24.1,3.2,0.65,11.7,20.3,33,28,15.7,11.7,96.6,Medio,1,2.2,3.2,5.6,15,PED-01088,2025-01-22,2025-02-09,CLI-102,Exportador,Estados Unidos,Spot,19698,12533,0.541,0,Media,14,0,15008,13062,63.6,-6636,Alto,Bajo,4463.68,84.5,0.31,0.206
2025-06-05,FIN-02-L052,FIN-02,Gypsophila,New Love,Invernadero,2025-04-05,61,0.73,100501,75,Microaspersión,Coco,Cosecha,4745,78000,0.88,15.2,20.9,9.7,54.5,19.4,2.3,0.76,11.8,47.5,41,13,6.9,10.3,79.9,Medio,1,32.4,2.6,11.3,16,PED-01089,2025-04-21,2025-06-09,CLI-035,Retail,Colombia,Preventa,1397,1397,0.183,2,Baja,45,0,3660,2395,100.0,998,Bajo,Alto,135.08,27.0,0.45,0.051
2025-09-22,FIN-04-L010,FIN-04,Clavel,Dover,Invernadero,2025-06-26,88,1.51,71640,90,Goteo,Cascarilla,Cosecha,9815,105000,0.88,18.8,24.7,14.3,73.0,20.8,1.3,0.56,12.7,27.1,34,36,21.3,10.9,95.7,Medio,0,9.9,9.5,8.8,17,PED-01090,2025-09-15,2025-09-25,CLI-108,Retail,Estados Unidos,Spot,1880,1880,0.324,2,Baja,7,0,15834,12035,100.0,10155,Bajo,Alto,374.21,57.3,0.144,-0.013
2025-03-09,FIN-02-L012,FIN-02,Rosa,Vendela,Invernadero,2024-12-11,88,1.79,56890,105,Goteo,Coco,Botón,11635,85000,0.88,14.9,21.4,8.9,81.5,10.9,1.4,0.3,12.4,87.2,28,36,17.5,8.7,82.8,Medio,1,9.1,4.5,10.4,2,PED-01091,2025-03-02,2025-03-11,CLI-037,Supermercado,Canadá,Contrato,5665,5401,0.458,2,Media,7,0,7395,5809,95.3,144,Bajo,Bajo,1438.14,59.4,0.104,0.08
2025-03-16,FIN-04-L002,FIN-04,Rosa,Mondial,Invernadero,2024-12-27,79,1.06,76146,105,Microaspersión,Coco,Reposo,6890,85000,0.88,14.3,19.2,7.9,83.0,17.8,0.0,0.27,12.4,50.1,20,24,12.9,8.3,95.2,Medio,1,12.2,10.1,13.1,7,PED-01092,2025-01-30,2025-03-18,CLI-066,Supermercado,Países Bajos,Preventa,2869,2869,0.444,5,Baja,45,0,5546,4014,100.0,1145,Bajo,Alto,617.31,44.1,0.45,-0.029
2025-08-30,FIN-02-L044,FIN-02,Clavel,Dover,Invernadero,2025-05-27,95,1.49,73427,90,Goteo,Cascarilla,Cosecha,9685,105000,0.88,17.3,25.0,11.5,76.7,15.9,3.4,0.44,12.3,68.7,32,28,22.9,9.7,79.7,Medio,0,23.6,9.2,11.1,15,PED-01093,2025-07-31,2025-09-03,CLI-100,Mayorista,Estados Unidos,Preventa,3008,3008,0.316,10,Alta,30,0,10368,6792,100.0,3784,Bajo,Alto,530.91,29.8,0.31,0.099
2025-06-14,FIN-02-L039,FIN-02,Clavel,Dover,Invernadero,2025-03-21,85,0.29,72497,90,Microaspersión,Cascarilla,Botón,1884,105000,0.88,17.4,25.8,13.2,84.1,12.9,0.0,0.3,12.1,45.8,29,5,2.8,2.7,85.9,Medio,1,4.8,4.3,7.0,10,PED-01094,2025-05-31,2025-06-19,CLI-066,Exportador,Estados Unidos,Contrato,7359,2250,0.21,2,Media,14,0,2437,2021,30.6,-5338,Alto,Bajo,222.78,73.6,0.304,0.105
2025-09-15,FIN-01-L029,FIN-01,Clavel,Dover,Invernadero,2025-06-13,94,1.05,87708,90,Goteo,Coco,Cosecha,6825,105000,0.88,16.5,20.6,11.5,74.3,18.7,8.5,0.47,12.3,38.5,25,20,8.2,10.5,64.2,Medio,0,16.1,6.1,10.7,5,PED-01095,2025-09-08,2025-09-20,CLI-005,Supermercado,España,Spot,4684,4684,0.227,0,Alta,7,1,13606,9673,100.0,4989,Bajo,Alto,573.73,41.9,0.11,0.139
2025-08-01,FIN-04-L022,FIN-04,Clavel,Nelson,Invernadero,2025-04-12,111,0.22,77768,90,Microaspersión,Cascarilla,Botón,1430,105000,0.88,17.3,23.7,13.2,66.4,14.7,5.0,0.64,12.0,55.4,17,5,2.3,2.0,98.6,Alto,0,15.9,8.3,8.3,4,PED-01096,2025-07-18,2025-08-06,CLI-018,Exportador,Colombia,Preventa,5999,1132,0.226,2,Alta,14,0,1586,1171,18.9,-4828,Alto,Bajo,121.06,52.5,0.304,0.265
2025-07-27,FIN-02-L039,FIN-02,Rosa,Freedom,Invernadero,2025-04-05,113,0.39,63563,105,Microaspersión,Suelo,Botón,2535,85000,0.88,14.2,21.0,9.7,62.2,13.1,0.0,0.59,12.5,45.6,36,9,4.3,3.9,97.6,Medio,0,1.0,27.7,12.3,12,PED-01097,2025-07-20,2025-07-29,CLI-057,Broker,Chile,Spot,6800,964,0.421,0,Media,7,1,1484,973,14.2,-5827,Alto,Bajo,218.42,35.6,0.24,0.285
2025-12-16,FIN-03-L021,FIN-03,Rosa,Explorer,Invernadero,2025-09-30,77,0.45,67611,105,Goteo,Suelo,Cosecha,2925,85000,0.88,20.2,25.6,14.6,68.3,10.0,0.0,0.7,11.9,78.7,20,9,4.8,4.9,100.0,Alto,1,2.9,5.6,8.1,11,PED-01098,2025-11-25,2025-12-17,CLI-038,Exportador,España,Contrato,15438,1296,0.408,5,Media,21,0,1488,1250,8.4,-14188,Alto,Bajo,234.07,75.5,0.365,0.024
2025-07-30,FIN-03-L056,FIN-03,Rosa,Mondial,Invernadero,2025-04-19,102,1.36,67538,105,Goteo,Coco,Botón,8840,85000,0.88,17.4,24.0,10.7,80.0,17.5,4.9,0.38,12.3,55.7,23,20,13.1,12.4,91.5,Medio,1,13.9,16.8,9.8,5,PED-01099,2025-07-23,2025-08-04,CLI-014,Broker,Canadá,Spot,6042,5770,0.457,2,Media,7,0,8329,5576,95.5,-466,Medio,Bajo,1534.47,37.6,0.104,-0.086
2025-09-03,FIN-04-L025,FIN-04,Rosa,Explorer,Invernadero,2025-04-27,129,1.07,58208,105,Goteo,Coco,Cosecha,6955,85000,0.88,15.4,21.3,9.8,81.6,9.4,0.2,0.31,11.9,75.8,29,24,12.7,6.8,76.7,Medio,0,7.0,1.9,7.1,9,PED-01100,2025-08-20,2025-09-07,CLI-071,Exportador,Colombia,Contrato,7116,2943,0.557,2,Alta,14,0,4078,3368,41.4,-3748,Alto,Bajo,1078.92,71.6,0.304,0.158
2025-10-02,FIN-04-L023,FIN-04,Rosa,Explorer,Invernadero,2025-06-25,99,0.29,58188,105,Microaspersión,Suelo,Vegetativo,1884,85000,0.88,14.7,20.5,10.7,67.5,12.0,0.0,0.53,11.6,58.2,36,6,3.7,3.8,85.4,Medio,1,21.4,30.0,16.0,11,PED-01101,2025-09-02,2025-10-04,CLI-115,Supermercado,Canadá,Contrato,4029,315,0.418,0,Media,30,0,627,344,7.8,-3685,Alto,Bajo,69.89,0.0,0.45,-0.047
2025-07-05,FIN-02-L056,FIN-02,Clavel,Nelson,Invernadero,2025-03-31,96,0.55,71220,90,Goteo,Coco,Reposo,3575,105000,0.88,19.6,25.0,14.5,58.0,13.6,2.3,0.91,12.5,58.3,34,12,6.5,3.5,79.2,Bajo,1,30.6,11.5,13.4,0,PED-01102,2025-06-05,2025-07-06,CLI-101,Exportador,Estados Unidos,Preventa,7151,903,0.307,0,Baja,30,1,2025,1184,12.6,-5967,Alto,Bajo,184.55,11.6,0.45,0.21
2025-06-13,FIN-03-L021,FIN-03,Rosa,Explorer,Invernadero,2025-03-24,81,0.31,68099,105,Goteo,Cascarilla,Vegetativo,2015,85000,0.88,15.7,22.8,9.7,69.1,9.9,0.8,0.53,12.0,60.0,25,5,4.8,2.7,88.0,Medio,1,6.1,5.5,7.5,11,PED-01103,2025-05-14,2025-06-15,CLI-101,Retail,España,Spot,1640,1082,0.449,5,Alta,30,0,1232,1000,66.0,-640,Alto,Bajo,253.0,69.5,0.45,0.242
2025-07-02,FIN-01-L051,FIN-01,Rosa,Explorer,Invernadero,2025-03-03,121,1.46,54697,105,Goteo,Coco,Botón,9490,85000,0.88,16.8,22.0,10.2,49.7,20.1,0.3,0.93,12.3,44.7,19,25,18.9,8.3,84.8,Medio,1,16.2,21.1,16.0,2,PED-01104,2025-06-18,2025-07-05,CLI-111,Mayorista,Canadá,Marketplace,5965,4421,0.496,12,Alta,14,0,7968,4699,74.1,-1266,Alto,Bajo,1081.04,13.3,0.274,0.073
2025-06-16,FIN-01-L020,FIN-01,Clavel,Nelson,Invernadero,2025-04-20,57,0.92,65898,90,Microaspersión,Coco,Botón,5980,105000,0.88,18.7,25.3,12.5,81.2,12.3,0.9,0.39,12.0,66.8,28,22,10.6,6.5,81.8,Medio,0,9.9,15.3,10.3,14,PED-01105,2025-06-09,2025-06-21,CLI-111,Mayorista,Canadá,Contrato,3184,1958,0.298,0,Alta,7,1,3574,2479,61.5,-705,Alto,Bajo,367.27,42.0,0.24,-0.057
2025-11-09,FIN-03-L046,FIN-03,Rosa,Vendela,Invernadero,2025-07-16,116,1.04,67925,105,Goteo,Coco,Botón,6760,85000,0.88,13.2,19.5,7.6,80.6,16.3,4.2,0.28,11.8,49.8,13,17,13.4,8.0,73.7,Medio,1,6.9,9.4,9.7,11,PED-01106,2025-10-26,2025-11-13,CLI-002,Exportador,Estados Unidos,Contrato,11018,3079,0.38,5,Media,14,1,5341,4023,27.9,-6995,Alto,Bajo,482.2,54.3,0.295,0.049
2025-02-12,FIN-04-L025,FIN-04,Rosa,Mondial,Invernadero,2024-10-13,122,0.36,72275,105,Goteo,Suelo,Vegetativo,2340,85000,0.88,17.7,22.6,13.0,65.9,21.6,0.0,0.66,12.1,16.0,23,7,3.6,3.2,89.2,Medio,1,35.0,28.5,22.1,8,PED-01107,2024-12-29,2025-02-13,CLI-050,Supermercado,Países Bajos,Preventa,9443,661,0.429,0,Alta,45,1,1087,597,7.0,-8846,Alto,Bajo,156.23,0.0,0.45,0.038
2025-09-03,FIN-03-L022,FIN-03,Rosa,Freedom,Invernadero,2025-05-17,109,1.1,62471,105,Goteo,Cascarilla,Cosecha,7150,85000,0.88,15.3,20.0,10.5,69.2,8.8,0.5,0.52,12.2,68.1,19,21,12.6,7.9,91.9,Bajo,1,2.4,13.1,9.3,17,PED-01108,2025-08-13,2025-09-04,CLI-021,Exportador,Canadá,Contrato,7831,2429,0.506,0,Media,21,0,3379,2603,31.0,-5228,Alto,Bajo,732.16,60.4,0.38,-0.01
2025-08-14,FIN-02-L052,FIN-02,Clavel,Dover,Invernadero,2025-05-02,104,1.36,77300,90,Microaspersión,Suelo,Botón,8840,105000,0.88,15.5,19.9,8.6,72.9,15.4,0.5,0.46,12.0,31.8,35,23,16.2,8.2,78.7,Alto,0,6.6,30.0,11.9,6,PED-01109,2025-07-31,2025-08-16,CLI-006,Supermercado,Estados Unidos,Spot,3772,3772,0.324,0,Media,14,0,6830,4005,100.0,233,Bajo,Bajo,780.41,20.4,0.18,-0.041
2025-09-04,FIN-01-L046,FIN-01,Rosa,Vendela,Invernadero,2025-05-25,102,0.61,63275,105,Microaspersión,Coco,Cosecha,3965,85000,0.88,18.1,22.8,13.7,59.3,21.7,4.4,0.81,11.5,34.6,21,11,5.7,4.7,80.0,Alto,1,4.3,2.1,4.6,3,PED-01110,2025-08-28,2025-09-08,CLI-050,Mayorista,España,Spot,6070,6070,0.375,2,Alta,7,0,8231,7029,100.0,959,Bajo,Medio,998.42,81.2,0.104,0.139
2025-02-27,FIN-03-L014,FIN-03,Rosa,Mondial,Invernadero,2024-12-25,64,0.45,65339,105,Microaspersión,Suelo,Reposo,2925,85000,0.88,15.7,21.7,9.3,70.9,17.4,0.0,0.5,12.2,67.4,23,7,6.5,5.7,80.3,Alto,0,25.2,25.6,15.8,1,PED-01111,2025-01-13,2025-03-04,CLI-005,Exportador,Países Bajos,Contrato,7948,683,0.501,8,Alta,45,0,1256,690,8.6,-7258,Alto,Bajo,182.89,0.0,0.45,0.096
2025-11-10,FIN-01-L036,FIN-01,Rosa,Vendela,Invernadero,2025-08-08,94,0.6,59547,105,Goteo,Suelo,Botón,3900,85000,0.88,18.9,24.7,11.9,66.3,18.9,0.0,0.7,12.0,41.3,27,12,6.6,7.5,75.4,Bajo,1,23.6,17.6,13.2,1,PED-01112,2025-10-11,2025-11-14,CLI-034,Broker,Estados Unidos,Contrato,4815,1590,0.419,10,Media,30,0,2894,1664,33.0,-3151,Alto,Bajo,333.08,11.7,0.44,-0.006
2025-10-15,FIN-04-L059,FIN-04,Rosa,Mondial,Invernadero,2025-07-29,78,0.48,55090,105,Microaspersión,Suelo,Cosecha,3120,85000,0.88,16.4,23.9,9.9,57.1,9.6,0.0,0.77,11.8,64.5,21,9,6.4,3.6,72.8,Alto,1,22.1,5.5,8.2,12,PED-01113,2025-09-15,2025-10-18,CLI-114,Mayorista,Colombia,Preventa,4600,1127,0.37,5,Media,30,0,1497,1045,24.5,-3555,Alto,Bajo,195.15,41.8,0.45,0.02
2025-08-12,FIN-03-L058,FIN-03,Rosa,Mondial,Invernadero,2025-05-10,94,0.69,46484,105,Goteo,Suelo,Cosecha,4485,85000,0.88,18.0,23.3,11.6,71.8,16.9,0.0,0.56,11.8,62.3,36,13,7.9,8.0,79.6,Alto,1,6.9,22.6,12.0,15,PED-01114,2025-07-22,2025-08-16,CLI-076,Exportador,Canadá,Marketplace,7821,3019,0.502,5,Alta,21,0,4395,2832,38.6,-4989,Alto,Bajo,821.78,31.1,0.365,0.103
2025-08-29,FIN-03-L020,FIN-03,Clavel,Bizet,Invernadero,2025-06-06,84,1.55,72104,90,Microaspersión,Coco,Cosecha,10075,105000,0.88,16.9,23.1,10.1,71.5,20.2,3.0,0.53,12.6,27.6,34,32,20.7,11.5,87.2,Alto,1,7.2,14.2,11.0,14,PED-01115,2025-08-15,2025-09-03,CLI-079,Broker,Colombia,Preventa,3185,3185,0.317,5,Baja,14,0,19756,14251,100.0,11066,Bajo,Alto,638.46,47.3,0.205,-0.019
2025-07-17,FIN-02-L013,FIN-02,Rosa,Freedom,Invernadero,2025-04-27,81,0.48,53715,105,Microaspersión,Cascarilla,Reposo,3120,85000,0.88,20.4,24.5,13.6,69.0,18.1,0.1,0.7,12.2,49.8,22,7,6.8,5.7,96.5,Medio,1,14.6,5.7,8.0,0,PED-01116,2025-07-10,2025-07-21,CLI-067,Broker,Países Bajos,Preventa,3365,1983,0.528,8,Media,7,0,2668,2044,58.9,-1321,Alto,Bajo,556.27,58.3,0.216,0.024
2025-05-21,FIN-01-L042,FIN-01,Rosa,Freedom,Invernadero,2025-03-06,76,1.07,68357,105,Goteo,Suelo,Cosecha,6955,85000,0.88,16.0,21.7,10.3,75.0,15.9,1.4,0.44,12.2,43.6,23,17,15.0,11.8,93.8,Alto,1,7.0,20.7,12.2,5,PED-01117,2025-04-30,2025-05-23,CLI-001,Retail,España,Marketplace,1957,1957,0.506,2,Baja,21,0,4494,3021,100.0,1064,Bajo,Alto,610.86,37.0,0.284,-0.001
2025-10-11,FIN-04-L005,FIN-04,Clavel,Bizet,Invernadero,2025-06-12,121,1.23,75622,90,Goteo,Suelo,Cosecha,7995,105000,0.88,15.5,20.3,10.1,87.6,16.5,0.0,0.25,12.7,43.3,22,21,13.8,13.2,99.4,Medio,1,23.4,6.5,10.9,14,PED-01118,2025-10-04,2025-10-16,CLI-077,Retail,Estados Unidos,Spot,1605,1605,0.232,5,Media,7,0,6326,4418,100.0,2813,Bajo,Alto,159.27,39.4,0.095,-0.094
2025-06-18,FIN-02-L025,FIN-02,Rosa,Explorer,Invernadero,2025-02-15,123,0.58,75237,105,Microaspersión,Coco,Cosecha,3769,85000,0.88,15.9,21.5,11.8,65.6,11.8,3.7,0.6,12.3,53.6,19,12,9.7,5.8,82.3,Medio,0,6.2,25.4,12.1,4,PED-01119,2025-05-28,2025-06-22,CLI-020,Mayorista,Países Bajos,Preventa,4117,1048,0.535,10,Baja,21,1,1745,1096,25.5,-3021,Alto,Bajo,303.55,28.4,0.39,0.144
2025-02-04,FIN-02-L019,FIN-02,Rosa,Explorer,Invernadero,2024-11-05,91,0.23,54433,105,Microaspersión,Cascarilla,Botón,1495,85000,0.88,11.8,18.2,6.9,73.6,13.1,1.5,0.34,12.4,51.7,18,4,2.6,2.5,81.3,Alto,1,12.5,6.5,9.8,14,PED-01120,2025-01-21,2025-02-05,CLI-021,Exportador,Países Bajos,Spot,23184,664,0.503,2,Alta,14,0,993,744,2.9,-22440,Alto,Bajo,219.17,52.5,0.304,0.09
2025-10-25,FIN-03-L004,FIN-03,Clavel,Nelson,Invernadero,2025-06-19,128,0.96,77485,90,Goteo,Suelo,Cosecha,6240,105000,0.88,17.4,24.3,13.0,71.7,23.1,0.0,0.54,12.2,25.2,23,23,9.8,6.8,82.8,Alto,1,25.2,8.6,11.1,15,PED-01121,2025-10-11,2025-10-29,CLI-105,Exportador,Canadá,Preventa,4116,3282,0.281,0,Baja,14,0,5623,3674,79.7,-442,Medio,Bajo,595.73,29.2,0.22,0.091
2025-12-18,FIN-04-L014,FIN-04,Gypsophila,Xlence,Invernadero,2025-09-23,86,1.12,90535,75,Goteo,Suelo,Cosecha,7280,78000,0.88,17.9,24.4,11.9,75.0,12.2,0.0,0.49,12.0,54.0,35,25,15.1,10.6,87.7,Medio,0,16.2,19.7,12.1,0,PED-01122,2025-11-18,2025-12-22,CLI-066,Broker,Estados Unidos,Spot,7469,2340,0.179,2,Media,30,0,3631,2249,31.3,-5220,Alto,Bajo,208.53,24.3,0.45,0.211
2025-04-07,FIN-04-L001,FIN-04,Rosa,Freedom,Invernadero,2025-01-04,93,0.94,52703,105,Microaspersión,Coco,Reposo,6110,85000,0.88,16.2,21.2,10.6,89.7,14.8,0.8,0.25,11.8,44.5,22,16,12.3,7.8,76.0,Medio,1,4.4,17.4,8.5,11,PED-01123,2025-03-31,2025-04-12,CLI-085,Supermercado,Países Bajos,Preventa,4326,3857,0.475,12,Alta,7,0,5047,3590,89.2,-736,Medio,Bajo,985.74,48.9,0.074,0.072
2025-12-11,FIN-04-L039,FIN-04,Rosa,Explorer,Invernadero,2025-08-05,128,0.87,64057,105,Goteo,Coco,Vegetativo,5655,85000,0.88,13.5,21.9,7.0,75.8,18.6,0.0,0.36,11.7,43.9,27,18,11.4,10.1,79.6,Medio,1,26.6,11.2,11.4,0,PED-01124,2025-11-11,2025-12-15,CLI-032,Exportador,Estados Unidos,Preventa,15899,2364,0.574,2,Alta,30,1,3921,2430,14.9,-13469,Alto,Bajo,889.34,21.9,0.45,-0.03
2025-05-26,FIN-01-L051,FIN-01,Gypsophila,New Love,Invernadero,2025-03-29,58,1.21,91911,75,Goteo,Coco,Botón,7865,78000,0.88,17.1,21.5,12.3,80.8,21.5,8.8,0.36,12.3,34.4,22,28,17.2,11.0,83.3,Alto,0,13.2,4.1,7.6,14,PED-01125,2025-05-12,2025-05-29,CLI-114,Retail,Estados Unidos,Preventa,1337,1337,0.155,0,Baja,14,1,9450,7332,100.0,5995,Bajo,Alto,72.5,60.2,0.22,0.076
2025-03-31,FIN-02-L011,FIN-02,Clavel,Bizet,Invernadero,2024-12-13,108,1.6,79631,90,Microaspersión,Suelo,Vegetativo,10400,105000,0.88,17.5,22.2,11.6,86.1,14.2,3.3,0.27,12.3,66.8,30,37,19.5,18.1,92.3,Alto,0,12.9,9.1,11.7,14,PED-01126,2025-03-24,2025-04-02,CLI-011,Retail,Estados Unidos,Preventa,536,536,0.217,0,Alta,7,0,11798,8616,100.0,8080,Bajo,Alto,58.72,46.8,0.11,0.107
2025-06-11,FIN-04-L021,FIN-04,Rosa,Freedom,Invernadero,2025-02-20,111,1.14,52620,105,Microaspersión,Cascarilla,Vegetativo,7409,85000,0.88,17.3,22.7,11.5,78.1,16.0,0.0,0.42,11.8,28.1,13,21,15.3,12.7,94.6,Medio,0,3.4,9.5,8.8,9,PED-01127,2025-05-28,2025-06-13,CLI-119,Exportador,Canadá,Contrato,10162,6507,0.481,2,Media,14,0,9247,7379,64.0,-2783,Alto,Bajo,1886.65,66.2,0.304,0.024
2025-09-19,FIN-03-L038,FIN-03,Gypsophila,Million Star,Invernadero,2025-06-25,86,0.29,96672,75,Goteo,Coco,Botón,1884,78000,0.88,13.6,20.8,9.3,57.2,16.5,0.5,0.64,11.8,54.6,29,6,4.8,1.6,99.2,Medio,1,7.6,11.3,7.8,7,PED-01128,2025-09-12,2025-09-20,CLI-059,Mayorista,Chile,Preventa,3193,1094,0.207,0,Alta,7,0,1490,1142,34.3,-2051,Alto,Bajo,126.91,60.8,0.24,0.081
2025-03-12,FIN-03-L032,FIN-03,Rosa,Vendela,Invernadero,2024-11-14,118,0.22,64571,105,Goteo,Suelo,Cosecha,1430,85000,0.88,17.0,23.6,11.0,86.5,23.5,0.5,0.25,13.2,15.0,37,4,2.9,1.4,93.9,Alto,0,34.6,0.8,10.7,15,PED-01129,2025-02-19,2025-03-15,CLI-091,Mayorista,Países Bajos,Preventa,6716,1452,0.441,10,Media,21,0,1955,1313,21.6,-5403,Alto,Bajo,340.22,31.4,0.35,0.2
2025-10-21,FIN-01-L033,FIN-01,Rosa,Mondial,Invernadero,2025-06-14,129,1.5,60399,105,Goteo,Cascarilla,Vegetativo,9750,85000,0.88,17.4,23.4,12.7,65.5,12.3,0.0,0.66,12.3,59.1,24,25,19.5,12.8,87.5,Medio,1,8.3,2.8,7.5,1,PED-01130,2025-09-21,2025-10-24,CLI-101,Supermercado,España,Marketplace,3136,3136,0.488,5,Media,30,0,7406,6075,100.0,2939,Bajo,Alto,849.51,70.3,0.325,-0.129
2025-06-26,FIN-04-L047,FIN-04,Rosa,Explorer,Campo abierto,2025-01-29,148,1.61,54758,105,Microaspersión,Coco,Cosecha,10465,85000,0.88,14.4,22.8,9.6,76.4,13.8,2.9,0.37,11.9,69.5,33,30,19.7,16.9,93.0,Medio,1,27.2,6.5,11.6,0,PED-01131,2025-06-05,2025-06-30,CLI-042,Exportador,Países Bajos,Preventa,10352,3325,0.37,5,Media,21,0,4898,3264,32.1,-7088,Alto,Bajo,522.77,31.1,0.365,-0.086
2025-01-06,FIN-03-L024,FIN-03,Rosa,Vendela,Invernadero,2024-09-16,112,0.22,63264,105,Goteo,Suelo,Cosecha,1430,85000,0.88,18.0,25.5,13.2,78.3,15.0,3.2,0.43,11.5,37.4,35,4,2.6,2.4,92.9,Alto,1,10.2,7.9,9.4,17,PED-01132,2024-12-30,2025-01-11,CLI-105,Mayorista,Estados Unidos,Contrato,3660,1129,0.545,0,Media,7,0,1587,1215,30.8,-2445,Alto,Bajo,412.37,57.4,0.24,0.092
2025-01-27,FIN-03-L028,FIN-03,Rosa,Freedom,Campo abierto,2024-10-16,103,1.47,67299,105,Microaspersión,Coco,Cosecha,9555,85000,0.88,17.5,25.1,12.3,72.9,15.2,0.5,0.52,11.7,54.1,30,19,21.5,14.0,87.0,Bajo,1,16.6,10.6,10.8,3,PED-01133,2025-01-13,2025-01-28,CLI-033,Mayorista,Colombia,Contrato,6023,5798,0.386,0,Media,14,0,8230,5714,96.3,-309,Medio,Bajo,1183.05,39.9,0.18,-0.077
2025-12-25,FIN-02-L025,FIN-02,Gypsophila,New Love,Invernadero,2025-10-20,66,1.76,96370,75,Microaspersión,Suelo,Botón,11440,78000,0.88,13.5,20.4,8.4,66.7,11.7,0.0,0.49,12.2,60.0,23,35,28.7,13.3,100.0,Medio,0,8.2,14.3,12.4,13,PED-01134,2025-12-18,2025-12-29,CLI-008,Retail,Países Bajos,Contrato,1740,1740,0.263,12,Media,7,0,6784,4896,100.0,3156,Bajo,Alto,259.87,46.0,0.074,-0.09
2025-10-26,FIN-02-L030,FIN-02,Rosa,Mondial,Invernadero,2025-08-02,85,1.47,73136,105,Goteo,Suelo,Botón,9555,85000,0.88,16.2,20.6,11.5,60.5,16.7,0.8,0.7,11.6,49.2,35,31,14.2,12.7,100.0,Alto,1,5.6,9.3,9.0,16,PED-01135,2025-10-12,2025-10-28,CLI-050,Mayorista,Estados Unidos,Preventa,5441,5441,0.378,0,Media,14,0,12743,10079,100.0,4638,Bajo,Alto,1092.87,64.3,0.18,-0.036
2025-05-08,FIN-03-L054,FIN-03,Rosa,Freedom,Campo abierto,2024-12-23,136,1.62,57363,105,Goteo,Suelo,Botón,10530,85000,0.88,17.7,22.9,12.0,63.1,9.0,0.0,0.72,12.2,95.0,29,27,22.5,16.4,76.5,Medio,1,4.6,1.5,4.1,3,PED-01136,2025-04-24,2025-05-11,CLI-041,Exportador,Estados Unidos,Marketplace,21900,5099,0.522,8,Media,14,0,5877,5027,23.3,-16873,Alto,Bajo,1597.58,81.8,0.286,0.029
2025-05-17,FIN-04-L040,FIN-04,Clavel,Bizet,Invernadero,2025-03-13,65,0.77,81051,90,Microaspersión,Cascarilla,Cosecha,5005,105000,0.88,17.5,24.6,10.7,80.9,24.1,3.2,0.37,11.9,35.7,33,14,12.4,7.8,77.0,Bajo,0,27.4,11.9,12.9,5,PED-01137,2025-05-03,2025-05-19,CLI-097,Exportador,Países Bajos,Spot,6973,1795,0.21,0,Media,14,0,3707,2227,25.7,-4746,Alto,Bajo,182.31,16.0,0.31,0.22
2025-01-11,FIN-01-L023,FIN-01,Gypsophila,New Love,Invernadero,2024-10-15,88,1.26,94751,75,Goteo,Coco,Botón,8190,78000,0.88,17.5,24.0,10.7,67.9,13.9,6.1,0.62,12.0,44.2,39,31,19.0,12.7,89.4,Bajo,0,10.3,24.3,13.8,1,PED-01138,2024-12-21,2025-01-16,CLI-058,Retail,España,Preventa,1387,1387,0.175,5,Media,21,0,3577,2192,100.0,805,Bajo,Alto,94.24,22.5,0.235,0.016
2025-07-18,FIN-03-L050,FIN-03,Rosa,Vendela,Invernadero,2025-04-26,83,1.72,68652,105,Microaspersión,Suelo,Botón,11180,85000,0.88,15.2,22.0,10.8,91.8,16.3,0.2,0.25,12.5,43.2,40,24,27.0,14.7,73.6,Alto,0,14.4,30.0,14.1,6,PED-01139,2025-06-03,2025-07-19,CLI-098,Mayorista,Chile,Preventa,5018,3301,0.473,12,Media,45,0,6406,3523,65.8,-1495,Alto,Bajo,807.38,3.6,0.45,0.075
2025-04-19,FIN-02-L012,FIN-02,Clavel,Nelson,Invernadero,2025-02-15,63,1.2,72683,90,Goteo,Suelo,Cosecha,7800,105000,0.88,20.0,24.1,15.5,78.3,16.0,3.1,0.48,12.1,67.2,33,28,16.5,11.8,66.3,Medio,0,18.3,11.9,12.8,7,PED-01140,2025-03-05,2025-04-22,CLI-085,Retail,Estados Unidos,Spot,1159,1159,0.235,0,Alta,45,0,5600,3612,100.0,2453,Bajo,Alto,146.33,26.2,0.45,0.154
2025-07-30,FIN-04-L030,FIN-04,Clavel,Nelson,Invernadero,2025-05-17,74,1.72,75884,90,Goteo,Suelo,Botón,11180,105000,0.88,17.5,23.7,12.9,76.1,16.5,0.0,0.46,12.4,33.4,28,32,21.8,17.6,70.9,Bajo,1,11.2,1.5,7.4,17,PED-01141,2025-07-09,2025-08-02,CLI-027,Retail,Estados Unidos,Spot,1173,1173,0.218,2,Media,21,0,13409,10688,100.0,9515,Bajo,Alto,134.11,64.3,0.244,0.001
2025-08-15,FIN-04-L038,FIN-04,Rosa,Freedom,Campo abierto,2025-05-17,90,1.42,52854,105,Microaspersión,Coco,Reposo,9230,85000,0.88,19.0,27.0,13.3,71.4,16.4,0.8,0.6,12.0,47.6,37,29,19.0,16.3,100.0,Medio,0,2.2,14.4,10.1,6,PED-01142,2025-08-01,2025-08-17,CLI-076,Retail,Estados Unidos,Preventa,1678,1678,0.522,12,Alta,14,1,8200,6282,100.0,4604,Bajo,Alto,454.67,59.1,0.144,0.086
2025-06-01,FIN-01-L001,FIN-01,Clavel,Bizet,Invernadero,2025-02-13,108,1.14,87306,90,Goteo,Suelo,Botón,7409,105000,0.88,17.7,21.7,13.7,92.7,13.8,0.3,0.25,12.6,56.9,27,16,10.5,10.0,69.1,Medio,0,16.2,9.3,10.4,5,PED-01143,2025-05-25,2025-06-03,CLI-075,Supermercado,Estados Unidos,Preventa,643,643,0.281,0,Media,7,0,6389,4414,100.0,3771,Bajo,Alto,103.56,38.8,0.11,0.17
2025-06-25,FIN-04-L016,FIN-04,Rosa,Explorer,Invernadero,2025-04-05,81,0.72,59982,105,Microaspersión,Cascarilla,Cosecha,4680,85000,0.88,15.3,20.9,9.7,68.4,20.5,4.8,0.53,11.6,47.0,24,16,8.7,6.9,87.1,Medio,1,13.4,1.2,8.7,6,PED-01144,2025-06-04,2025-06-29,CLI-105,Retail,Estados Unidos,Contrato,1809,1809,0.516,2,Media,21,0,6279,5006,100.0,3197,Bajo,Alto,610.39,62.9,0.244,-0.04
2025-07-05,FIN-04-L045,FIN-04,Rosa,Vendela,Invernadero,2025-03-11,116,0.58,76177,105,Goteo,Coco,Botón,3769,85000,0.88,14.9,19.3,10.2,80.9,14.1,0.9,0.31,12.0,54.9,16,13,9.4,8.0,68.4,Medio,0,25.1,1.8,10.2,5,PED-01145,2025-06-05,2025-07-07,CLI-030,Exportador,España,Preventa,11587,2238,0.384,2,Alta,30,0,3093,2157,19.3,-9430,Alto,Bajo,426.88,37.8,0.45,0.088
2025-12-27,FIN-04-L002,FIN-04,Rosa,Vendela,Invernadero,2025-09-13,105,1.34,68612,105,Microaspersión,Suelo,Vegetativo,8710,85000,0.88,16.3,23.4,9.8,79.1,14.5,1.6,0.37,12.4,68.0,33,30,14.2,16.7,77.9,Bajo,1,13.0,7.1,9.7,6,PED-01146,2025-12-06,2025-12-31,CLI-068,Mayorista,España,Contrato,8648,4890,0.567,0,Media,21,0,7326,5416,56.5,-3232,Alto,Bajo,1940.13,50.3,0.38,-0.155
2025-05-27,FIN-01-L009,FIN-01,Rosa,Explorer,Invernadero,2025-02-15,101,1.34,68074,105,Microaspersión,Cascarilla,Reposo,8710,85000,0.88,16.1,23.8,10.0,68.0,20.1,0.4,0.57,11.6,36.1,38,23,11.8,10.6,83.4,Alto,1,8.1,4.0,8.9,17,PED-01147,2025-04-27,2025-06-01,CLI-001,Mayorista,Estados Unidos,Preventa,6053,6053,0.447,0,Media,30,1,15082,12098,100.0,6045,Bajo,Alto,1470.39,64.8,0.34,-0.053
2025-11-28,FIN-04-L035,FIN-04,Rosa,Vendela,Campo abierto,2025-08-23,97,1.17,61828,105,Microaspersión,Coco,Vegetativo,7604,85000,0.88,19.7,26.2,14.5,71.8,18.0,1.3,0.61,12.6,49.8,26,22,13.2,11.1,90.9,Medio,1,18.6,7.8,11.5,12,PED-01148,2025-11-14,2025-12-02,CLI-081,Exportador,Canadá,Preventa,11875,5437,0.467,0,Baja,14,1,7106,5016,45.8,-6859,Alto,Bajo,1623.26,40.8,0.35,0.192
2025-10-13,FIN-01-L051,FIN-01,Rosa,Explorer,Invernadero,2025-07-17,88,0.68,65736,105,Microaspersión,Suelo,Vegetativo,4420,85000,0.88,18.6,26.3,13.2,66.1,24.2,3.9,0.69,12.0,12.7,26,12,10.5,9.2,71.3,Medio,0,2.3,9.4,7.2,8,PED-01149,2025-09-29,2025-10-18,CLI-075,Exportador,Canadá,Preventa,9074,4179,0.527,0,Media,14,0,6872,5418,46.1,-3656,Alto,Bajo,1344.09,65.4,0.31,-0.07
2025-12-15,FIN-01-L024,FIN-01,Rosa,Vendela,Invernadero,2025-09-13,93,1.65,72367,105,Microaspersión,Cascarilla,Cosecha,10725,85000,0.88,14.9,21.3,9.1,85.9,15.4,0.0,0.25,12.6,50.1,18,33,22.3,20.7,88.2,Medio,0,14.8,26.3,18.9,11,PED-01150,2025-11-15,2025-12-16,CLI-020,Retail,Chile,Preventa,2274,2081,0.563,12,Media,30,1,4954,2724,91.5,450,Bajo,Medio,631.69,2.2,0.304,-0.112
2025-09-16,FIN-01-L036,FIN-01,Clavel,Dover,Invernadero,2025-06-26,82,0.65,79987,90,Microaspersión,Suelo,Vegetativo,4225,105000,0.88,16.1,21.4,9.9,75.3,14.6,5.2,0.44,11.9,42.4,16,11,7.0,4.4,81.4,Medio,1,24.5,13.1,13.6,2,PED-01151,2025-09-09,2025-09-21,CLI-006,Exportador,Países Bajos,Spot,7295,1823,0.307,2,Media,7,0,3431,2093,25.0,-5202,Alto,Bajo,349.43,17.8,0.234,0.131
2025-11-29,FIN-04-L031,FIN-04,Clavel,Bizet,Invernadero,2025-10-30,30,1.25,80044,90,Microaspersión,Suelo,Botón,8125,105000,0.88,15.8,20.9,10.6,75.2,16.3,6.8,0.43,12.3,39.6,25,24,13.4,14.4,79.1,Alto,1,5.0,3.9,6.8,0,PED-01152,2025-11-22,2025-12-03,CLI-061,Retail,España,Preventa,1292,1292,0.283,0,Alta,7,0,3466,2861,100.0,1569,Bajo,Alto,236.57,72.6,0.11,-0.055
2025-09-18,FIN-01-L060,FIN-01,Clavel,Bizet,Invernadero,2025-05-20,121,1.41,76079,90,Microaspersión,Cascarilla,Cosecha,9165,105000,0.88,11.8,17.9,5.5,84.6,16.9,1.7,0.25,12.3,34.2,26,24,15.3,13.1,79.0,Medio,1,13.4,2.8,9.3,15,PED-01153,2025-08-19,2025-09-19,CLI-056,Mayorista,Estados Unidos,Contrato,3980,3980,0.296,2,Media,30,0,7097,5493,100.0,1513,Bajo,Alto,684.15,57.3,0.334,-0.057
2025-09-24,FIN-03-L020,FIN-03,Rosa,Vendela,Invernadero,2025-05-27,120,1.67,62011,105,Goteo,Suelo,Botón,10855,85000,0.88,19.8,25.0,13.2,90.8,21.2,3.3,0.25,12.2,5.0,21,28,20.1,12.8,94.8,Alto,1,8.2,5.7,9.0,4,PED-01154,2025-09-10,2025-09-29,CLI-009,Exportador,Chile,Contrato,7763,7763,0.539,8,Alta,14,0,14319,11440,100.0,3677,Bajo,Alto,2590.73,64.8,0.156,-0.004
2025-07-16,FIN-01-L031,FIN-01,Gypsophila,Xlence,Invernadero,2025-05-03,74,0.59,96532,75,Goteo,Suelo,Vegetativo,3835,78000,0.88,17.7,22.4,12.5,70.8,23.5,0.0,0.57,12.0,22.3,22,12,6.2,4.4,93.1,Bajo,0,26.5,5.7,12.9,16,PED-01155,2025-06-25,2025-07-21,CLI-031,Exportador,Estados Unidos,Preventa,3115,2707,0.207,0,Media,21,1,4295,2885,86.9,-230,Medio,Bajo,330.91,30.5,0.25,-0.101
2025-02-11,FIN-01-L019,FIN-01,Clavel,Bizet,Invernadero,2024-11-25,78,1.03,73266,90,Goteo,Cascarilla,Botón,6695,105000,0.88,15.6,23.0,8.7,64.4,14.4,1.8,0.61,12.2,56.5,29,24,12.3,10.2,95.3,Bajo,0,2.6,1.9,4.0,17,PED-01156,2025-02-04,2025-02-14,CLI-027,Broker,Países Bajos,Spot,6240,5963,0.29,0,Baja,7,0,8848,7817,95.6,1577,Bajo,Medio,1070.78,88.9,0.15,0.043
2025-05-08,FIN-01-L010,FIN-01,Clavel,Dover,Invernadero,2025-02-11,86,0.8,80071,90,Goteo,Suelo,Vegetativo,5200,105000,0.88,15.8,24.2,11.3,65.4,13.5,1.4,0.6,12.3,27.6,15,14,11.2,6.2,89.4,Alto,1,9.4,7.6,7.7,17,PED-01157,2025-05-01,2025-05-11,CLI-021,Exportador,Canadá,Preventa,11747,3508,0.286,5,Media,7,0,5833,4528,29.9,-7219,Alto,Bajo,579.47,61.6,0.225,0.056
2025-03-04,FIN-03-L026,FIN-03,Rosa,Mondial,Campo abierto,2024-10-11,144,1.5,51495,105,Microaspersión,Cascarilla,Reposo,9750,85000,0.88,15.3,21.8,11.2,74.1,17.1,2.3,0.44,12.2,17.8,22,29,16.8,8.8,79.2,Alto,1,14.8,7.3,12.0,2,PED-01158,2025-02-18,2025-03-08,CLI-040,Supermercado,Chile,Preventa,3356,3356,0.485,2,Baja,14,0,7597,5462,100.0,2106,Bajo,Alto,915.88,42.9,0.214,0.037
2025-07-10,FIN-01-L052,FIN-01,Rosa,Vendela,Invernadero,2025-03-08,124,1.15,64201,105,Microaspersión,Suelo,Botón,7474,85000,0.88,17.9,22.5,12.0,66.8,21.3,0.5,0.65,11.5,12.3,28,25,13.5,7.4,85.5,Alto,1,4.7,13.4,9.5,15,PED-01159,2025-07-03,2025-07-15,CLI-009,Broker,Estados Unidos,Contrato,5691,5691,0.457,5,Alta,7,0,9041,6754,100.0,1063,Bajo,Medio,1389.26,54.7,0.095,0.046
2025-07-05,FIN-04-L045,FIN-04,Rosa,Vendela,Invernadero,2025-03-09,118,1.38,71557,105,Goteo,Coco,Botón,8970,85000,0.88,15.0,20.1,9.2,78.9,20.2,0.4,0.35,11.8,30.5,19,24,16.8,13.3,86.4,Alto,1,6.0,19.9,12.5,16,PED-01160,2025-06-21,2025-07-08,CLI-026,Retail,Estados Unidos,Preventa,1873,1873,0.405,5,Alta,14,1,9248,6253,100.0,4380,Bajo,Alto,396.03,37.1,0.165,-0.105
2025-05-04,FIN-02-L034,FIN-02,Gypsophila,Million Star,Invernadero,2025-02-28,65,0.82,94321,75,Goteo,Suelo,Botón,5330,78000,0.88,17.1,25.4,12.6,54.3,17.9,1.9,0.86,12.3,41.0,30,17,7.9,6.9,82.7,Alto,1,14.7,4.0,9.1,17,PED-01161,2025-04-20,2025-05-05,CLI-001,Retail,Colombia,Contrato,1335,1335,0.175,10,Media,14,0,5970,4543,100.0,3208,Bajo,Alto,98.28,55.0,0.15,-0.061
2025-06-28,FIN-02-L045,FIN-02,Rosa,Explorer,Invernadero,2025-03-03,117,0.26,63825,105,Microaspersión,Coco,Vegetativo,1690,85000,0.88,17.6,26.4,12.6,77.3,23.2,0.1,0.44,12.4,16.4,33,5,3.7,3.0,89.6,Alto,1,8.4,15.1,10.6,11,PED-01162,2025-06-14,2025-07-02,CLI-039,Exportador,Colombia,Contrato,10033,1886,0.523,8,Media,14,1,2477,1761,18.8,-8272,Alto,Bajo,552.2,45.7,0.286,0.133
2025-06-30,FIN-04-L023,FIN-04,Rosa,Explorer,Invernadero,2025-03-21,101,0.93,66209,105,Microaspersión,Coco,Cosecha,6045,85000,0.88,16.8,23.4,11.9,60.8,16.5,0.0,0.72,12.1,36.3,30,16,12.0,11.5,83.2,Medio,1,8.7,14.0,10.8,13,PED-01163,2025-06-23,2025-07-02,CLI-035,Mayorista,Canadá,Preventa,3604,3604,0.487,0,Media,7,0,7063,5020,100.0,1416,Bajo,Alto,1145.41,44.9,0.11,0.196
2025-12-04,FIN-03-L048,FIN-03,Rosa,Freedom,Invernadero,2025-08-10,116,0.55,60117,105,Microaspersión,Coco,Vegetativo,3575,85000,0.88,16.0,22.4,11.9,80.0,19.2,0.6,0.35,11.6,40.5,13,10,7.5,4.8,93.0,Alto,1,4.6,22.1,11.9,11,PED-01164,2025-11-13,2025-12-06,CLI-114,Exportador,España,Spot,17548,2071,0.581,2,Media,21,1,3284,2219,11.8,-15329,Alto,Bajo,770.56,38.7,0.374,-0.056
2025-10-06,FIN-02-L055,FIN-02,Clavel,Bizet,Invernadero,2025-06-08,120,1.51,71275,90,Microaspersión,Cascarilla,Vegetativo,9815,105000,0.88,21.2,26.8,16.1,75.1,16.3,4.7,0.58,11.7,55.2,42,43,18.0,19.3,82.5,Bajo,0,10.9,8.5,6.7,4,PED-01165,2025-09-22,2025-10-08,CLI-032,Exportador,Estados Unidos,Preventa,4169,4169,0.207,0,Media,14,1,6127,4639,100.0,470,Bajo,Bajo,380.55,58.5,0.18,-0.047
2025-03-20,FIN-02-L030,FIN-02,Gypsophila,Million Star,Invernadero,2024-12-29,81,1.27,89889,75,Goteo,Suelo,Cosecha,8255,78000,0.88,16.8,22.8,11.2,63.6,17.3,0.0,0.67,12.0,51.4,25,29,11.0,13.0,89.8,Alto,1,13.2,7.3,9.4,0,PED-01166,2025-02-27,2025-03-21,CLI-076,Supermercado,Canadá,Spot,1686,1686,0.222,12,Alta,21,0,9487,7111,100.0,5425,Bajo,Alto,168.98,53.3,0.214,-0.008
2025-05-06,FIN-02-L042,FIN-02,Gypsophila,Million Star,Invernadero,2025-02-23,72,0.77,102788,75,Goteo,Suelo,Reposo,5005,78000,0.88,18.6,27.4,13.9,78.9,11.7,0.0,0.43,12.0,56.7,17,16,9.9,8.1,82.0,Medio,0,13.6,30.0,15.5,11,PED-01167,2025-04-15,2025-05-07,CLI-116,Supermercado,España,Preventa,6297,991,0.216,8,Media,21,1,2174,1195,15.7,-5102,Alto,Bajo,99.48,3.9,0.356,0.108
2025-02-18,FIN-04-L032,FIN-04,Rosa,Mondial,Campo abierto,2024-11-02,108,1.76,65887,105,Goteo,Cascarilla,Botón,11440,85000,0.88,17.4,23.6,11.0,76.1,20.0,0.1,0.46,12.6,28.5,20,44,27.0,17.1,86.2,Bajo,0,1.3,3.3,11.5,7,PED-01168,2025-02-11,2025-02-20,CLI-052,Broker,Estados Unidos,Contrato,7802,7802,0.365,0,Alta,7,1,17792,14963,100.0,7161,Bajo,Alto,1481.2,70.6,0.11,0.006
2025-07-16,FIN-02-L001,FIN-02,Gypsophila,Xlence,Invernadero,2025-05-30,47,1.02,85558,75,Microaspersión,Suelo,Cosecha,6630,78000,0.88,16.6,25.4,9.9,71.5,16.4,8.4,0.52,11.2,45.8,39,22,9.5,7.7,100.0,Medio,0,23.5,14.1,14.7,2,PED-01169,2025-06-16,2025-07-17,CLI-054,Supermercado,Países Bajos,Preventa,4193,1517,0.189,0,Alta,30,1,2807,1747,36.2,-2446,Alto,Bajo,130.75,20.1,0.45,0.165
2025-03-27,FIN-01-L059,FIN-01,Rosa,Vendela,Invernadero,2025-01-05,81,1.79,76148,105,Goteo,Coco,Botón,11635,85000,0.88,14.4,21.4,7.6,57.5,12.1,0.0,0.67,11.9,53.1,28,32,21.6,12.2,80.7,Alto,1,8.5,0.2,4.1,14,PED-01170,2025-03-06,2025-03-28,CLI-084,Mayorista,España,Contrato,5534,5534,0.467,5,Media,21,0,9351,7917,100.0,2383,Bajo,Alto,1544.01,79.4,0.235,0.186
2025-05-18,FIN-02-L017,FIN-02,Clavel,Nelson,Invernadero,2025-02-02,105,0.81,72878,90,Microaspersión,Cascarilla,Cosecha,5265,105000,0.88,15.2,20.8,10.2,90.4,13.9,0.0,0.25,12.3,50.9,27,17,12.6,7.8,92.1,Medio,0,35.0,5.0,14.8,6,PED-01171,2025-04-27,2025-05-19,CLI-051,Retail,Estados Unidos,Contrato,745,745,0.311,5,Media,21,0,3215,1986,100.0,1241,Bajo,Alto,129.49,15.4,0.235,0.04
2025-10-28,FIN-02-L052,FIN-02,Gypsophila,Million Star,Invernadero,2025-09-08,50,0.36,96837,75,Goteo,Coco,Reposo,2340,78000,0.88,17.7,26.3,12.7,65.9,17.8,0.1,0.66,12.5,45.1,37,6,3.6,2.6,89.9,Medio,1,9.4,5.9,7.6,11,PED-01172,2025-10-14,2025-10-31,CLI-003,Mayorista,Estados Unidos,Marketplace,1547,1395,0.208,5,Media,14,1,2112,1670,90.2,123,Bajo,Bajo,161.25,64.5,0.165,-0.091
2025-01-23,FIN-02-L039,FIN-02,Rosa,Explorer,Invernadero,2024-11-28,56,1.55,58732,105,Microaspersión,Cascarilla,Cosecha,10075,85000,0.88,17.3,23.6,11.0,70.6,11.8,2.6,0.56,12.5,63.7,36,33,18.6,16.8,88.5,Medio,0,17.6,18.3,11.0,3,PED-01173,2025-01-02,2025-01-25,CLI-099,Supermercado,Estados Unidos,Contrato,1523,1523,0.454,0,Baja,21,0,3471,2178,100.0,655,Bajo,Alto,391.31,26.9,0.29,-0.059
2025-09-27,FIN-01-L011,FIN-01,Rosa,Freedom,Campo abierto,2025-06-27,92,0.43,62799,105,Goteo,Coco,Vegetativo,2795,85000,0.88,18.5,26.4,13.4,70.1,17.5,0.0,0.61,12.0,50.2,27,8,5.0,2.7,79.7,Medio,0,5.8,4.0,7.0,16,PED-01174,2025-09-20,2025-10-01,CLI-052,Broker,Estados Unidos,Spot,6801,2740,0.418,0,Media,7,1,4020,3295,40.3,-3506,Alto,Bajo,593.86,71.1,0.24,0.016
2025-06-26,FIN-04-L034,FIN-04,Clavel,Bizet,Campo abierto,2025-02-26,120,1.07,82572,90,Microaspersión,Cascarilla,Cosecha,6955,105000,0.88,11.8,16.0,5.3,77.4,15.2,1.9,0.29,12.2,56.3,35,20,13.7,7.7,78.8,Bajo,0,26.0,0.5,10.4,10,PED-01175,2025-06-05,2025-06-29,CLI-052,Exportador,España,Spot,6529,2642,0.275,0,Baja,21,1,3795,2702,40.5,-3827,Alto,Bajo,425.23,40.7,0.42,0.18
2025-07-12,FIN-04-L052,FIN-04,Rosa,Mondial,Invernadero,2025-04-02,101,0.58,79728,105,Microaspersión,Cascarilla,Vegetativo,3769,85000,0.88,14.3,18.7,9.6,71.7,12.3,0.4,0.45,11.5,49.7,28,11,6.2,5.6,89.4,Alto,1,6.6,10.7,7.6,12,PED-01176,2025-06-28,2025-07-17,CLI-027,Retail,España,Spot,2066,1972,0.473,5,Media,14,0,3232,2484,95.5,418,Bajo,Medio,492.22,61.1,0.165,-0.005
2025-01-19,FIN-04-L026,FIN-04,Rosa,Explorer,Invernadero,2024-10-05,106,0.68,65164,105,Microaspersión,Coco,Cosecha,4420,85000,0.88,16.0,24.9,10.2,71.0,15.8,0.0,0.51,12.1,55.8,38,13,6.5,5.5,88.1,Bajo,1,15.0,1.5,8.9,7,PED-01177,2025-01-05,2025-01-22,CLI-102,Exportador,Canadá,Preventa,10701,3042,0.37,2,Media,14,1,4863,3819,28.4,-6882,Alto,Bajo,529.98,60.1,0.304,0.033
2025-06-08,FIN-02-L005,FIN-02,Rosa,Vendela,Invernadero,2025-03-25,75,0.58,60259,105,Goteo,Coco,Cosecha,3769,85000,0.88,17.4,22.6,11.8,65.5,17.2,1.0,0.66,12.5,44.8,39,11,5.6,5.8,82.7,Medio,0,30.6,7.9,11.5,16,PED-01178,2025-05-09,2025-06-09,CLI-056,Exportador,España,Preventa,9672,1809,0.511,0,Baja,30,1,3050,1905,18.7,-7767,Alto,Bajo,559.77,21.8,0.45,0.013
2025-03-23,FIN-03-L005,FIN-03,Rosa,Vendela,Invernadero,2025-01-18,64,0.8,57967,105,Goteo,Coco,Cosecha,5200,85000,0.88,16.4,22.0,11.9,84.3,14.8,0.0,0.28,11.9,54.5,16,18,8.3,5.3,91.6,Bajo,1,23.8,0.3,11.5,15,PED-01179,2025-02-21,2025-03-28,CLI-120,Supermercado,España,Preventa,4746,1637,0.426,5,Baja,30,0,2759,2028,34.5,-2718,Alto,Bajo,348.94,45.0,0.45,0.009
2025-10-13,FIN-04-L014,FIN-04,Gypsophila,New Love,Invernadero,2025-08-08,66,0.26,88393,75,Goteo,Suelo,Cosecha,1690,78000,0.88,16.9,21.8,11.5,79.8,17.1,2.5,0.38,12.1,55.8,30,5,2.8,2.4,78.1,Alto,1,35.0,21.3,16.6,16,PED-01180,2025-09-13,2025-10-14,CLI-011,Mayorista,Estados Unidos,Preventa,300,300,0.162,2,Media,30,1,789,433,100.0,133,Bajo,Alto,20.18,0.0,0.334,0.029
2025-07-28,FIN-02-L053,FIN-02,Rosa,Vendela,Invernadero,2025-05-04,85,1.11,65029,105,Goteo,Coco,Botón,7215,85000,0.88,18.4,26.9,14.0,70.3,17.2,2.1,0.6,12.1,60.3,19,19,8.6,14.4,70.7,Medio,1,8.4,11.8,9.4,1,PED-01181,2025-07-21,2025-07-31,CLI-112,Mayorista,Estados Unidos,Spot,4129,4129,0.561,5,Media,7,0,6218,4497,100.0,368,Bajo,Bajo,1459.52,48.5,0.095,-0.064
2025-10-20,FIN-02-L015,FIN-02,Rosa,Explorer,Invernadero,2025-06-30,112,0.49,69319,105,Goteo,Cascarilla,Cosecha,3185,85000,0.88,16.3,20.8,10.6,60.0,15.8,0.0,0.72,12.4,54.8,19,11,6.7,4.3,97.1,Medio,1,4.4,10.4,8.0,7,PED-01182,2025-10-06,2025-10-25,CLI-069,Supermercado,Estados Unidos,Contrato,4110,3400,0.376,0,Baja,14,1,3976,3143,82.7,-967,Alto,Bajo,577.14,65.7,0.35,0.04
2025-10-07,FIN-04-L015,FIN-04,Rosa,Vendela,Invernadero,2025-07-23,76,0.9,58803,105,Microaspersión,Suelo,Reposo,5850,85000,0.88,16.6,25.0,9.8,87.5,15.4,1.3,0.25,12.5,51.9,16,19,9.7,8.2,88.2,Medio,0,17.3,10.6,11.6,4,PED-01183,2025-09-23,2025-10-09,CLI-025,Mayorista,Canadá,Contrato,6187,2769,0.433,0,Baja,14,0,4309,2965,44.8,-3222,Alto,Bajo,734.8,37.6,0.35,0.132
2025-01-04,FIN-03-L058,FIN-03,Rosa,Explorer,Invernadero,2024-07-30,158,0.81,71818,105,Microaspersión,Suelo,Cosecha,5265,85000,0.88,16.5,20.9,10.7,82.2,16.8,0.0,0.32,11.9,52.3,40,15,8.3,7.4,84.9,Alto,0,35.0,4.3,13.3,9,PED-01184,2024-12-28,2025-01-07,CLI-094,Mayorista,Países Bajos,Spot,4567,960,0.487,5,Baja,7,0,2016,1254,21.0,-3313,Alto,Bajo,254.88,17.8,0.265,0.109
2025-03-20,FIN-02-L041,FIN-02,Rosa,Mondial,Invernadero,2024-12-28,82,1.3,61382,105,Microaspersión,Coco,Reposo,8450,85000,0.88,20.3,24.6,15.3,60.9,11.8,2.6,0.87,12.2,68.6,24,21,16.0,13.0,100.0,Medio,0,20.0,18.3,12.1,7,PED-01185,2025-02-27,2025-03-25,CLI-023,Mayorista,Estados Unidos,Preventa,4804,2006,0.383,2,Alta,21,1,3262,2023,41.8,-2781,Alto,Bajo,362.71,24.1,0.374,0.074
2025-02-27,FIN-03-L009,FIN-03,Rosa,Vendela,Invernadero,2024-10-18,132,1.08,58026,105,Goteo,Cascarilla,Reposo,7020,85000,0.88,16.9,22.9,12.9,75.5,19.3,0.0,0.46,12.0,47.9,20,25,15.0,13.5,88.0,Medio,1,7.0,6.7,10.7,2,PED-01186,2025-01-28,2025-03-01,CLI-015,Mayorista,Estados Unidos,Preventa,4146,4146,0.412,0,Media,30,1,8212,6443,100.0,2297,Bajo,Alto,907.07,59.7,0.34,-0.114
2025-02-25,FIN-04-L015,FIN-04,Clavel,Nelson,Invernadero,2024-10-31,117,0.76,81549,90,Goteo,Suelo,Cosecha,4940,105000,0.88,16.4,24.5,9.8,62.7,13.5,0.4,0.67,11.6,54.4,25,14,7.3,7.8,96.3,Alto,0,14.7,15.0,12.9,9,PED-01187,2025-02-18,2025-02-26,CLI-049,Exportador,Estados Unidos,Preventa,8499,2878,0.265,8,Media,7,1,4069,2732,33.9,-5767,Alto,Bajo,342.15,33.9,0.216,-0.029
2025-02-17,FIN-02-L058,FIN-02,Rosa,Freedom,Invernadero,2024-11-12,97,0.83,75090,105,Microaspersión,Coco,Vegetativo,5395,85000,0.88,15.2,19.7,8.7,55.5,16.2,0.8,0.74,12.0,40.9,32,16,10.0,5.8,71.4,Bajo,1,4.2,9.2,7.4,16,PED-01188,2025-01-18,2025-02-22,CLI-078,Exportador,Colombia,Spot,11594,3959,0.534,5,Media,30,1,4897,3809,34.1,-7785,Alto,Bajo,1296.88,62.6,0.45,-0.016
2025-03-31,FIN-02-L015,FIN-02,Rosa,Explorer,Invernadero,2024-12-10,111,0.86,52281,105,Microaspersión,Cascarilla,Cosecha,5590,85000,0.88,20.3,27.9,13.5,72.0,9.4,5.6,0.63,11.9,65.4,34,20,11.4,7.2,79.3,Bajo,0,11.0,11.8,10.1,4,PED-01189,2025-03-01,2025-04-05,CLI-059,Mayorista,España,Spot,7521,1173,0.422,5,Media,30,1,2151,1534,15.6,-5987,Alto,Bajo,235.94,45.5,0.45,0.279
2025-02-13,FIN-02-L031,FIN-02,Rosa,Freedom,Invernadero,2024-10-17,119,0.92,67992,105,Microaspersión,Suelo,Reposo,5980,85000,0.88,18.3,26.1,13.9,75.0,17.4,0.3,0.5,11.8,50.8,30,15,10.5,8.7,79.9,Medio,1,10.4,12.9,7.5,8,PED-01190,2025-01-30,2025-02-15,CLI-102,Exportador,Canadá,Preventa,23841,3795,0.511,8,Baja,14,0,5732,4123,15.9,-19718,Alto,Bajo,1023.63,50.3,0.326,0.072
2025-07-12,FIN-03-L035,FIN-03,Rosa,Mondial,Invernadero,2025-05-08,65,0.56,66662,105,Goteo,Coco,Vegetativo,3640,85000,0.88,16.1,24.3,10.0,79.6,18.8,2.5,0.36,11.8,53.4,38,11,6.6,3.9,100.0,Medio,0,5.7,13.3,9.6,2,PED-01191,2025-06-28,2025-07-17,CLI-027,Broker,Estados Unidos,Spot,9098,2136,0.503,2,Media,14,0,2788,2107,23.5,-6991,Alto,Bajo,670.82,56.9,0.304,0.164
2025-05-13,FIN-04-L016,FIN-04,Clavel,Bizet,Invernadero,2025-02-06,96,1.39,73578,90,Microaspersión,Cascarilla,Cosecha,9035,105000,0.88,19.9,28.0,14.3,82.8,17.6,1.4,0.38,11.9,39.9,24,30,21.5,9.4,75.3,Medio,1,6.2,25.9,13.1,17,PED-01192,2025-04-22,2025-05-14,CLI-008,Mayorista,Estados Unidos,Marketplace,4127,4127,0.287,0,Baja,21,1,7825,4800,100.0,673,Bajo,Medio,711.51,23.8,0.29,-0.043
2025-10-17,FIN-02-L008,FIN-02,Gypsophila,New Love,Invernadero,2025-07-26,83,0.42,92256,75,Goteo,Cascarilla,Cosecha,2730,78000,0.88,16.6,21.9,11.2,63.3,14.6,0.4,0.67,12.2,39.2,21,10,4.6,3.3,78.4,Medio,1,23.5,10.5,13.8,4,PED-01193,2025-10-10,2025-10-19,CLI-079,Exportador,Países Bajos,Spot,541,541,0.194,8,Media,7,0,1672,1058,100.0,517,Bajo,Alto,43.9,22.0,0.086,-0.019
2025-07-01,FIN-03-L044,FIN-03,Rosa,Vendela,Campo abierto,2025-04-24,68,1.19,68743,105,Goteo,Suelo,Vegetativo,7735,85000,0.88,17.1,25.8,12.3,73.0,19.8,1.9,0.51,12.3,41.8,29,19,14.9,10.3,75.9,Alto,1,13.1,27.2,15.8,1,PED-01194,2025-06-24,2025-07-02,CLI-106,Exportador,Chile,Preventa,4873,2195,0.389,5,Media,7,0,4884,2693,45.0,-2180,Alto,Bajo,405.27,6.7,0.225,0.094
2025-01-19,FIN-02-L060,FIN-02,Rosa,Vendela,Invernadero,2024-10-14,97,0.99,70149,105,Microaspersión,Cascarilla,Vegetativo,6435,85000,0.88,15.4,19.9,8.9,75.2,14.0,0.3,0.42,11.8,60.9,33,20,10.3,6.5,88.6,Alto,0,1.1,5.3,4.7,10,PED-01195,2024-12-29,2025-01-24,CLI-075,Broker,Estados Unidos,Contrato,5973,5400,0.546,5,Alta,21,0,6146,5259,90.4,-714,Medio,Bajo,1783.88,82.8,0.235,0.084
2025-02-25,FIN-01-L008,FIN-01,Clavel,Bizet,Invernadero,2024-12-28,59,0.22,73868,90,Goteo,Cascarilla,Vegetativo,1430,105000,0.88,16.6,21.7,11.6,60.3,19.9,0.0,0.72,11.8,21.6,32,4,3.1,2.4,89.2,Alto,0,8.7,1.4,6.6,2,PED-01196,2025-01-11,2025-03-01,CLI-010,Broker,España,Preventa,4572,1538,0.293,10,Media,45,0,1782,1486,33.6,-3086,Alto,Bajo,233.51,74.2,0.45,0.051
2025-12-22,FIN-04-L047,FIN-04,Rosa,Freedom,Invernadero,2025-09-29,84,1.26,50532,105,Microaspersión,Coco,Botón,8190,85000,0.88,14.8,18.9,9.3,71.1,16.4,5.7,0.47,12.3,55.9,31,29,15.9,12.1,82.8,Bajo,1,5.5,16.6,8.5,13,PED-01197,2025-11-22,2025-12-24,CLI-006,Mayorista,Estados Unidos,Preventa,8062,4401,0.465,10,Media,30,0,5924,4253,54.6,-3809,Alto,Bajo,1048.71,50.2,0.44,0.117
2025-11-23,FIN-04-L003,FIN-04,Rosa,Freedom,Campo abierto,2025-08-23,92,0.23,63023,105,Goteo,Cascarilla,Botón,1495,85000,0.88,16.3,24.4,9.9,65.8,17.0,1.6,0.61,12.5,53.8,37,4,2.8,1.7,98.6,Bajo,0,13.0,10.5,10.1,7,PED-01198,2025-11-02,2025-11-25,CLI-043,Mayorista,Estados Unidos,Preventa,5787,790,0.559,0,Media,21,1,1290,943,13.7,-4844,Alto,Bajo,312.57,49.5,0.38,0.043
2025-05-30,FIN-02-L050,FIN-02,Rosa,Mondial,Campo abierto,2025-01-06,144,0.82,73304,105,Goteo,Suelo,Reposo,5330,85000,0.88,17.3,24.5,10.6,79.6,20.3,0.8,0.39,11.9,17.3,18,18,10.0,6.3,72.6,Medio,0,12.2,21.3,13.8,1,PED-01199,2025-04-30,2025-06-03,CLI-034,Supermercado,Países Bajos,Spot,3249,2504,0.534,8,Baja,30,1,3906,2377,77.1,-872,Alto,Bajo,771.72,20.1,0.45,0.098
2025-08-24,FIN-02-L043,FIN-02,Clavel,Dover,Invernadero,2025-05-05,111,1.27,69211,90,Microaspersión,Suelo,Cosecha,8255,105000,0.88,17.3,21.4,12.7,60.7,14.7,0.2,0.75,12.2,45.9,14,28,19.3,12.0,88.1,Alto,1,5.4,30.0,17.8,4,PED-01200,2025-08-03,2025-08-27,CLI-114,Exportador,Países Bajos,Contrato,5150,3607,0.256,2,Alta,21,0,5906,3422,70.0,-1728,Alto,Bajo,471.03,12.1,0.374,0.19
2025-04-12,FIN-03-L019,FIN-03,Clavel,Bizet,Invernadero,2024-12-24,109,0.5,62684,90,Goteo,Suelo,Cosecha,3250,105000,0.88,13.0,18.6,8.3,55.8,19.9,1.6,0.63,12.3,35.2,34,9,6.7,6.6,93.3,Medio,0,6.3,3.9,6.5,5,PED-01201,2025-03-29,2025-04-16,CLI-026,Exportador,Estados Unidos,Preventa,6213,2977,0.214,0,Baja,14,0,3760,3133,47.9,-3080,Alto,Bajo,278.52,75.0,0.35,-0.059
2025-01-20,FIN-04-L018,FIN-04,Gypsophila,Xlence,Campo abierto,2024-11-16,65,1.14,85280,75,Goteo,Suelo,Cosecha,7409,78000,0.88,16.8,24.5,10.4,47.1,13.3,2.0,0.98,12.0,62.0,29,27,10.4,5.9,73.5,Bajo,0,2.3,6.5,4.9,15,PED-01202,2025-01-06,2025-01-24,CLI-109,Exportador,España,Preventa,4514,4514,0.17,8,Media,14,0,6261,5153,100.0,639,Bajo,Bajo,281.11,75.1,0.156,-0.13
2025-09-07,FIN-04-L022,FIN-04,Clavel,Nelson,Invernadero,2025-06-17,82,0.21,81516,90,Microaspersión,Suelo,Cosecha,1365,105000,0.88,17.3,22.5,10.7,76.8,15.2,0.0,0.44,12.1,44.3,29,4,2.0,2.6,80.3,Medio,0,14.7,11.4,11.0,7,PED-01203,2025-08-24,2025-09-09,CLI-001,Exportador,España,Contrato,9451,929,0.217,0,Media,14,1,1584,1095,9.8,-8356,Alto,Bajo,100.31,39.3,0.31,0.128
2025-05-23,FIN-01-L052,FIN-01,Rosa,Explorer,Invernadero,2025-02-17,95,0.88,78891,105,Microaspersión,Suelo,Botón,5720,85000,0.88,17.7,26.1,13.4,70.7,11.1,0.0,0.57,11.9,65.4,29,21,8.9,8.4,76.2,Medio,1,5.8,5.1,5.7,10,PED-01204,2025-05-16,2025-05-26,CLI-050,Retail,Países Bajos,Preventa,1053,1053,0.436,2,Media,7,0,4601,3739,100.0,2686,Bajo,Alto,257.03,71.3,0.104,-0.061
2025-08-11,FIN-04-L019,FIN-04,Rosa,Vendela,Invernadero,2025-04-12,121,0.87,72472,105,Goteo,Coco,Reposo,5655,85000,0.88,18.6,26.6,14.0,84.4,14.4,0.0,0.32,11.8,42.0,14,16,6.0,6.6,100.0,Alto,1,5.2,20.6,11.7,1,PED-01205,2025-08-04,2025-08-12,CLI-045,Exportador,España,Preventa,9515,2124,0.49,0,Alta,7,0,3927,2718,22.3,-6797,Alto,Bajo,630.87,42.2,0.24,-0.094
2025-12-19,FIN-02-L052,FIN-02,Rosa,Mondial,Invernadero,2025-10-28,52,1.53,55853,105,Goteo,Cascarilla,Botón,9945,85000,0.88,19.5,25.4,14.3,74.9,18.3,0.0,0.54,11.6,29.3,24,26,18.0,14.6,88.6,Alto,1,20.4,3.3,10.3,5,PED-01206,2025-11-19,2025-12-20,CLI-019,Supermercado,Colombia,Preventa,5926,3241,0.485,8,Alta,30,0,5234,3839,54.7,-2087,Alto,Bajo,898.23,47.0,0.446,-0.063
2025-10-23,FIN-04-L033,FIN-04,Rosa,Explorer,Invernadero,2025-06-26,119,0.85,69120,105,Microaspersión,Coco,Botón,5525,85000,0.88,20.7,26.3,15.7,75.7,16.5,0.0,0.55,11.7,53.3,29,18,11.2,7.5,82.1,Medio,1,4.9,2.9,7.3,16,PED-01207,2025-10-16,2025-10-28,CLI-012,Mayorista,Estados Unidos,Contrato,2843,2843,0.464,0,Media,7,0,5904,4931,100.0,2088,Bajo,Alto,788.68,74.0,0.11,0.001
2025-09-11,FIN-02-L059,FIN-02,Gypsophila,Million Star,Invernadero,2025-07-18,55,0.61,88137,75,Microaspersión,Coco,Cosecha,3965,78000,0.88,17.8,26.5,13.0,96.0,11.9,0.0,0.25,12.8,61.4,29,9,6.2,6.5,75.7,Bajo,1,12.7,6.1,10.9,0,PED-01208,2025-09-04,2025-09-12,CLI-083,Supermercado,Colombia,Contrato,3242,1334,0.22,0,Baja,7,0,2055,1525,41.1,-1717,Alto,Bajo,172.65,49.1,0.28,0.104
2025-05-07,FIN-01-L032,FIN-01,Rosa,Explorer,Invernadero,2024-12-22,136,0.65,64654,105,Goteo,Suelo,Cosecha,4225,85000,0.88,20.5,26.5,14.9,75.2,15.0,10.1,0.56,12.2,51.5,17,11,5.7,3.7,82.1,Medio,1,22.7,24.6,14.8,11,PED-01209,2025-04-16,2025-05-12,CLI-017,Mayorista,Canadá,Preventa,12052,690,0.473,2,Media,21,0,1638,900,5.7,-11152,Alto,Bajo,193.66,0.8,0.374,-0.219
2025-09-17,FIN-02-L019,FIN-02,Clavel,Nelson,Invernadero,2025-07-01,78,1.07,73564,90,Microaspersión,Coco,Cosecha,6955,105000,0.88,18.8,24.5,12.9,66.4,18.0,2.8,0.69,12.2,40.1,44,19,12.8,8.7,100.0,Medio,1,13.0,15.3,13.5,4,PED-01210,2025-08-18,2025-09-20,CLI-069,Supermercado,Países Bajos,Preventa,2623,2623,0.26,0,Media,30,0,8447,5749,100.0,3126,Bajo,Alto,409.86,35.5,0.34,-0.117
2025-01-06,FIN-01-L051,FIN-01,Rosa,Vendela,Invernadero,2024-10-20,78,1.16,80823,105,Goteo,Suelo,Botón,7539,85000,0.88,16.7,23.0,10.3,74.0,16.9,8.4,0.48,12.4,55.8,29,22,10.6,13.6,91.1,Medio,0,12.6,29.7,13.9,3,PED-01211,2024-12-30,2025-01-10,CLI-014,Supermercado,Estados Unidos,Contrato,1940,1940,0.528,5,Baja,7,0,4235,2360,100.0,420,Bajo,Medio,644.67,11.4,0.135,0.002
2025-04-27,FIN-01-L038,FIN-01,Rosa,Vendela,Invernadero,2024-12-13,135,0.8,65057,105,Goteo,Coco,Cosecha,5200,85000,0.88,17.9,26.9,11.3,62.9,16.9,0.0,0.73,12.5,65.5,34,13,10.5,9.8,72.3,Medio,0,8.8,28.1,12.3,4,PED-01212,2025-04-20,2025-04-29,CLI-064,Mayorista,España,Contrato,3529,1445,0.504,0,Media,7,0,3019,1752,40.9,-1777,Alto,Bajo,494.23,17.8,0.24,-0.022
2025-08-17,FIN-01-L016,FIN-01,Gypsophila,Xlence,Invernadero,2025-06-02,76,1.13,83302,75,Goteo,Coco,Cosecha,7344,78000,0.88,14.3,21.2,8.3,84.8,16.8,2.2,0.25,12.2,32.2,25,20,12.2,8.6,98.9,Medio,0,23.4,4.5,9.4,0,PED-01213,2025-08-03,2025-08-20,CLI-074,Broker,España,Spot,2861,2861,0.234,2,Media,14,0,6226,4482,100.0,1621,Bajo,Alto,389.77,45.5,0.174,-0.088
2025-01-25,FIN-03-L021,FIN-03,Rosa,Explorer,Invernadero,2024-09-19,128,1.21,62058,105,Goteo,Cascarilla,Vegetativo,7865,85000,0.88,15.6,22.2,10.2,85.4,11.5,0.0,0.25,12.6,75.9,15,20,13.9,12.0,77.2,Alto,1,7.5,15.4,11.1,11,PED-01214,2025-01-18,2025-01-29,CLI-114,Supermercado,Colombia,Preventa,3927,2790,0.39,10,Baja,7,0,4619,3231,71.0,-696,Medio,Bajo,438.64,42.4,0.12,-0.008
2025-01-29,FIN-01-L027,FIN-01,Rosa,Freedom,Invernadero,2024-12-26,34,0.52,78709,105,Goteo,Cascarilla,Reposo,3380,85000,0.88,18.8,27.5,12.4,77.6,16.0,3.0,0.46,11.5,59.7,29,10,6.2,3.8,96.2,Medio,0,5.3,5.9,6.5,10,PED-01215,2025-01-15,2025-02-01,CLI-034,Supermercado,Estados Unidos,Preventa,2941,754,0.372,5,Alta,14,0,1117,922,25.6,-2019,Alto,Bajo,120.3,74.1,0.295,0.09
2025-06-02,FIN-02-L012,FIN-02,Rosa,Mondial,Invernadero,2025-01-24,129,0.43,65903,105,Goteo,Cascarilla,Cosecha,2795,85000,0.88,18.8,24.8,14.3,75.9,13.6,1.8,0.5,11.6,60.1,28,6,6.1,3.5,93.5,Alto,1,15.7,16.1,11.7,16,PED-01216,2025-05-03,2025-06-06,CLI-108,Broker,Canadá,Preventa,5151,702,0.449,5,Media,30,1,1384,911,13.6,-4240,Alto,Bajo,155.69,32.7,0.45,-0.02
2025-09-25,FIN-01-L045,FIN-01,Gypsophila,Xlence,Invernadero,2025-07-15,72,1.58,103523,75,Microaspersión,Coco,Botón,10270,78000,0.88,17.4,22.7,13.3,78.3,17.7,0.0,0.42,11.8,51.3,36,35,18.4,11.6,87.7,Medio,1,6.4,5.6,7.4,11,PED-01217,2025-09-11,2025-09-30,CLI-013,Exportador,Países Bajos,Contrato,3272,3272,0.18,10,Baja,14,1,10671,8642,100.0,5370,Bajo,Alto,207.09,69.0,0.19,0.047
2025-01-03,FIN-04-L030,FIN-04,Clavel,Bizet,Invernadero,2024-09-29,96,0.67,82296,90,Microaspersión,Cascarilla,Reposo,4355,105000,0.88,14.9,22.4,9.0,75.9,15.2,6.3,0.39,12.6,68.8,37,16,7.8,6.3,85.3,Alto,0,20.9,14.4,11.7,5,PED-01218,2024-12-27,2025-01-04,CLI-069,Supermercado,Canadá,Preventa,1956,1712,0.207,8,Baja,7,0,3539,2239,87.5,283,Bajo,Bajo,119.26,25.9,0.126,-0.139
2025-07-10,FIN-02-L015,FIN-02,Rosa,Vendela,Invernadero,2025-03-15,117,1.71,70867,105,Microaspersión,Suelo,Botón,11115,85000,0.88,15.2,20.9,10.6,73.5,16.5,0.0,0.44,12.0,43.8,24,23,23.3,13.1,80.6,Medio,1,7.6,6.3,7.4,9,PED-01219,2025-06-26,2025-07-11,CLI-078,Broker,Estados Unidos,Marketplace,2478,2478,0.489,5,Alta,14,0,13931,11005,100.0,8527,Bajo,Alto,739.36,64.5,0.165,-0.128
2025-04-29,FIN-03-L030,FIN-03,Clavel,Bizet,Invernadero,2025-03-01,59,0.59,82310,90,Microaspersión,Suelo,Botón,3835,105000,0.88,17.0,22.8,11.9,57.9,10.7,2.5,0.79,12.1,67.3,18,10,8.4,6.0,87.8,Medio,1,16.0,26.3,13.4,16,PED-01220,2025-04-08,2025-05-04,CLI-091,Exportador,Estados Unidos,Contrato,7385,789,0.295,8,Media,21,1,1610,906,10.7,-6479,Alto,Bajo,118.38,12.0,0.356,0.111
2025-12-07,FIN-03-L004,FIN-03,Rosa,Freedom,Invernadero,2025-10-08,60,0.24,62405,105,Microaspersión,Suelo,Vegetativo,1560,85000,0.88,17.2,22.0,10.5,80.5,19.0,7.5,0.37,11.8,35.1,22,4,2.8,1.4,89.4,Alto,0,12.6,5.5,7.3,9,PED-01221,2025-11-16,2025-12-11,CLI-037,Supermercado,Colombia,Spot,5997,956,0.621,0,Media,21,0,1363,1057,15.9,-4940,Alto,Bajo,423.4,61.1,0.38,0.077
2025-07-04,FIN-02-L017,FIN-02,Rosa,Vendela,Invernadero,2025-03-11,115,0.61,64554,105,Microaspersión,Coco,Botón,3965,85000,0.88,18.9,27.3,13.8,57.0,15.2,0.0,0.89,11.9,49.8,37,11,9.5,4.2,90.9,Bajo,0,20.9,4.0,9.8,4,PED-01222,2025-06-20,2025-07-06,CLI-086,Exportador,España,Spot,9855,2396,0.396,0,Media,14,0,3433,2503,24.3,-7352,Alto,Bajo,474.31,46.9,0.31,0.105
2025-02-10,FIN-02-L048,FIN-02,Clavel,Bizet,Invernadero,2024-11-08,94,0.96,66522,90,Microaspersión,Suelo,Reposo,6240,105000,0.88,18.0,23.9,11.3,70.6,17.0,1.6,0.58,12.1,32.2,25,23,8.9,9.3,83.1,Medio,1,17.7,6.1,11.3,11,PED-01223,2025-01-11,2025-02-14,CLI-016,Exportador,Estados Unidos,Contrato,11360,4528,0.233,0,Baja,30,1,7574,5437,39.9,-5923,Alto,Bajo,510.28,43.1,0.45,0.07
2025-08-23,FIN-04-L040,FIN-04,Rosa,Mondial,Invernadero,2025-05-31,84,0.94,75046,105,Microaspersión,Cascarilla,Vegetativo,6110,85000,0.88,19.1,27.9,14.3,60.7,10.1,0.0,0.83,12.4,53.8,31,27,10.5,9.1,86.5,Medio,0,4.0,11.2,7.3,9,PED-01224,2025-08-09,2025-08-24,CLI-038,Exportador,España,Preventa,9657,2694,0.379,2,Media,14,0,3239,2522,27.9,-7135,Alto,Bajo,448.24,63.9,0.304,0.256
2025-03-24,FIN-02-L008,FIN-02,Rosa,Freedom,Campo abierto,2024-12-27,87,1.21,83398,105,Goteo,Coco,Botón,7865,85000,0.88,14.0,19.2,9.8,67.4,13.9,0.0,0.5,12.2,62.4,19,25,13.4,11.2,83.8,Medio,1,4.8,3.3,8.4,16,PED-01225,2025-03-03,2025-03-27,CLI-084,Retail,Colombia,Contrato,2249,2249,0.374,12,Baja,21,0,6424,5331,100.0,3082,Bajo,Alto,301.39,71.6,0.254,-0.049
2025-07-17,FIN-04-L017,FIN-04,Clavel,Nelson,Invernadero,2025-04-29,79,1.43,85191,90,Goteo,Cascarilla,Cosecha,9295,105000,0.88,21.9,26.4,16.8,69.8,16.0,1.2,0.73,12.3,48.1,27,30,14.5,11.2,84.9,Medio,0,15.3,8.7,11.6,4,PED-01226,2025-07-10,2025-07-20,CLI-006,Mayorista,Estados Unidos,Spot,5240,3984,0.256,0,Alta,7,0,7354,5236,76.0,-4,Medio,Bajo,530.35,42.4,0.11,0.184
2025-07-07,FIN-02-L012,FIN-02,Rosa,Freedom,Invernadero,2025-03-22,107,1.67,61438,105,Microaspersión,Cascarilla,Botón,10855,85000,0.88,16.7,20.7,11.2,66.0,18.1,3.8,0.62,12.2,44.2,39,34,27.4,19.1,85.2,Bajo,1,16.9,24.4,14.3,16,PED-01227,2025-06-07,2025-07-08,CLI-047,Retail,Países Bajos,Spot,1451,1451,0.397,0,Media,30,0,9061,5132,100.0,3681,Bajo,Alto,297.75,11.0,0.34,0.157
2025-03-11,FIN-04-L035,FIN-04,Rosa,Mondial,Invernadero,2024-12-24,77,1.46,54955,105,Goteo,Suelo,Vegetativo,9490,85000,0.88,11.5,16.6,5.0,88.6,16.9,1.5,0.25,12.0,37.8,42,33,10.1,16.3,76.9,Medio,1,16.1,8.2,9.3,10,PED-01228,2025-03-04,2025-03-16,CLI-115,Broker,Estados Unidos,Spot,5964,3267,0.485,0,Media,7,0,5662,4034,54.8,-1930,Alto,Bajo,1034.39,44.9,0.24,-0.15
2025-10-26,FIN-04-L016,FIN-04,Rosa,Explorer,Invernadero,2025-07-19,99,0.82,79811,105,Microaspersión,Cascarilla,Cosecha,5330,85000,0.88,14.9,22.9,10.5,81.6,13.1,0.2,0.3,11.3,49.6,31,16,11.8,8.6,86.7,Alto,1,3.3,9.4,6.2,7,PED-01229,2025-09-26,2025-10-29,CLI-019,Retail,Países Bajos,Contrato,300,300,0.555,5,Alta,30,0,4904,3932,100.0,3632,Bajo,Alto,102.96,69.9,0.325,0.029
2025-06-23,FIN-02-L040,FIN-02,Clavel,Bizet,Invernadero,2025-03-30,85,1.05,70296,90,Goteo,Coco,Botón,6825,105000,0.88,16.4,24.7,12.2,63.8,18.8,1.2,0.65,12.6,20.7,25,22,9.9,13.9,61.9,Bajo,1,4.6,1.1,7.9,17,PED-01230,2025-05-24,2025-06-26,CLI-040,Retail,Estados Unidos,Contrato,1223,1223,0.251,2,Alta,30,0,13995,11600,100.0,10377,Bajo,Alto,174.72,70.8,0.334,-0.057
2025-04-23,FIN-02-L046,FIN-02,Clavel,Nelson,Invernadero,2025-02-25,57,0.81,78343,90,Goteo,Coco,Cosecha,5265,105000,0.88,15.0,19.8,9.5,75.9,22.9,0.6,0.4,12.4,19.2,20,19,10.8,5.3,74.6,Medio,0,11.5,5.5,9.0,15,PED-01231,2025-04-09,2025-04-25,CLI-004,Mayorista,Estados Unidos,Preventa,2034,2034,0.299,0,Media,14,0,6412,4876,100.0,2842,Bajo,Alto,390.93,55.4,0.18,0.017
2025-04-23,FIN-01-L019,FIN-01,Gypsophila,New Love,Invernadero,2025-01-26,87,0.39,101977,75,Microaspersión,Suelo,Cosecha,2535,78000,0.88,18.9,27.1,13.3,76.6,10.1,4.8,0.49,11.8,73.5,22,7,3.6,3.5,83.5,Medio,1,14.6,12.0,9.3,0,PED-01232,2025-03-24,2025-04-24,CLI-114,Supermercado,Estados Unidos,Contrato,1968,712,0.231,0,Alta,30,1,1053,734,36.2,-1234,Alto,Bajo,93.01,42.9,0.45,-0.039
2025-09-01,FIN-03-L036,FIN-03,Clavel,Bizet,Invernadero,2025-06-13,80,1.43,70204,90,Microaspersión,Coco,Cosecha,9295,105000,0.88,17.3,22.8,11.6,63.6,14.5,0.0,0.69,11.9,42.7,20,29,14.7,10.2,81.2,Alto,0,1.1,6.6,9.3,17,PED-01233,2025-08-02,2025-09-05,CLI-074,Broker,Estados Unidos,Preventa,2257,2257,0.204,2,Media,30,0,14407,11807,100.0,9550,Bajo,Alto,175.32,69.3,0.334,-0.009
2025-01-24,FIN-01-L048,FIN-01,Rosa,Explorer,Invernadero,2024-11-06,79,1.7,67100,105,Goteo,Suelo,Vegetativo,11050,85000,0.88,17.3,24.9,11.8,84.6,15.6,0.7,0.29,11.7,57.0,30,26,16.0,19.2,78.1,Alto,1,20.0,14.4,12.7,12,PED-01234,2024-12-25,2025-01-27,CLI-094,Broker,Canadá,Contrato,5326,4580,0.479,5,Alta,30,1,8764,5495,86.0,169,Bajo,Bajo,1170.52,23.3,0.325,-0.043
2025-06-20,FIN-01-L058,FIN-01,Rosa,Explorer,Invernadero,2025-04-14,67,1.04,55092,105,Microaspersión,Suelo,Cosecha,6760,85000,0.88,13.9,21.9,9.1,87.0,18.4,0.4,0.25,11.7,55.4,23,20,13.0,15.6,97.5,Alto,0,23.3,10.2,12.2,8,PED-01235,2025-06-06,2025-06-25,CLI-091,Exportador,Estados Unidos,Spot,9386,2340,0.551,5,Alta,14,0,4042,2677,24.9,-6709,Alto,Bajo,821.09,30.8,0.295,0.167
2025-12-10,FIN-04-L039,FIN-04,Clavel,Dover,Invernadero,2025-08-31,101,1.41,79098,90,Microaspersión,Cascarilla,Cosecha,9165,105000,0.88,17.9,24.8,13.8,77.8,21.5,4.0,0.44,12.1,16.7,35,29,19.5,12.8,100.0,Medio,0,14.4,11.3,10.0,12,PED-01236,2025-11-10,2025-12-15,CLI-028,Supermercado,Canadá,Contrato,4576,4576,0.245,2,Media,30,0,13541,9725,100.0,5149,Bajo,Alto,606.54,46.9,0.334,0.002
2025-02-15,FIN-02-L014,FIN-02,Gypsophila,Xlence,Invernadero,2024-12-31,46,1.34,90751,75,Microaspersión,Coco,Botón,8710,78000,0.88,20.3,27.6,14.2,83.9,18.8,0.2,0.36,11.7,48.9,27,21,20.0,16.0,87.7,Alto,0,14.0,5.0,10.0,13,PED-01237,2025-02-08,2025-02-20,CLI-077,Broker,Colombia,Spot,4040,4040,0.193,0,Media,7,0,5812,4409,100.0,369,Bajo,Bajo,370.94,53.8,0.11,0.015
2025-04-29,FIN-01-L023,FIN-01,Clavel,Bizet,Invernadero,2025-03-03,57,1.13,83472,90,Goteo,Cascarilla,Botón,7344,105000,0.88,17.6,25.9,12.3,77.8,18.2,0.7,0.43,11.6,42.4,27,22,16.9,6.5,89.9,Medio,1,12.4,7.4,8.8,6,PED-01238,2025-04-22,2025-05-04,CLI-003,Supermercado,España,Spot,1714,1714,0.294,2,Media,7,0,8346,6310,100.0,4596,Bajo,Alto,285.81,55.5,0.104,0.134
2025-12-07,FIN-01-L026,FIN-01,Gypsophila,Million Star,Invernadero,2025-08-23,106,1.47,91198,75,Goteo,Cascarilla,Vegetativo,9555,78000,0.88,18.4,23.3,13.3,69.4,17.7,5.3,0.62,12.5,58.5,21,34,15.0,7.9,88.0,Alto,1,19.9,13.6,16.2,0,PED-01239,2025-11-30,2025-12-09,CLI-103,Retail,Chile,Spot,1510,1510,0.221,5,Media,7,0,4697,2959,100.0,1449,Bajo,Alto,172.94,19.7,0.095,0.005
2025-06-19,FIN-03-L028,FIN-03,Clavel,Dover,Invernadero,2025-02-21,118,1.26,75772,90,Microaspersión,Cascarilla,Cosecha,8190,105000,0.88,14.9,21.6,8.7,73.7,19.9,1.2,0.43,11.8,36.1,24,32,12.4,11.6,98.3,Medio,1,0.5,0.8,6.1,13,PED-01240,2025-06-05,2025-06-21,CLI-091,Exportador,Estados Unidos,Preventa,7038,7038,0.301,0,Media,14,0,12412,11164,100.0,4126,Bajo,Alto,1350.58,89.9,0.18,0.043
2025-10-06,FIN-04-L059,FIN-04,Rosa,Vendela,Campo abierto,2025-06-30,98,1.22,73076,105,Goteo,Suelo,Cosecha,7930,85000,0.88,13.3,19.9,9.2,81.6,13.4,0.0,0.27,12.4,52.6,31,22,18.4,11.0,87.2,Bajo,0,8.8,15.1,9.3,3,PED-01241,2025-09-15,2025-10-07,CLI-095,Broker,Países Bajos,Contrato,4576,2918,0.481,5,Alta,21,0,4684,3332,63.8,-1244,Alto,Bajo,750.61,47.3,0.365,0.082
2025-07-27,FIN-03-L015,FIN-03,Gypsophila,New Love,Invernadero,2025-06-17,40,0.35,92466,75,Microaspersión,Coco,Vegetativo,2275,78000,0.88,14.0,19.6,7.4,71.8,16.3,2.9,0.43,11.6,51.8,22,6,3.3,3.9,96.8,Medio,1,8.2,1.8,7.8,4,PED-01242,2025-07-13,2025-08-01,CLI-074,Exportador,España,Marketplace,5376,853,0.242,0,Media,14,0,1265,1058,15.9,-4318,Alto,Bajo,123.76,73.6,0.31,0.046
2025-08-24,FIN-04-L017,FIN-04,Rosa,Explorer,Invernadero,2025-05-18,98,0.38,70356,105,Goteo,Suelo,Vegetativo,2470,85000,0.88,18.6,25.8,13.3,83.4,24.7,0.0,0.34,12.2,21.5,33,8,3.8,2.9,85.2,Alto,0,1.5,17.2,9.6,5,PED-01243,2025-08-17,2025-08-29,CLI-064,Supermercado,Estados Unidos,Contrato,4148,2999,0.561,10,Media,7,0,4359,3204,72.3,-944,Alto,Bajo,907.8,53.2,0.21,-0.05
2025-10-22,FIN-04-L023,FIN-04,Rosa,Freedom,Invernadero,2025-07-29,85,0.29,60283,105,Microaspersión,Cascarilla,Botón,1884,85000,0.88,16.0,23.3,9.5,55.6,12.9,0.0,0.78,11.9,71.5,31,6,2.7,2.4,89.8,Bajo,1,35.0,2.3,12.0,9,PED-01244,2025-10-08,2025-10-26,CLI-082,Exportador,Países Bajos,Preventa,8715,563,0.562,0,Baja,14,0,847,549,6.5,-8166,Alto,Bajo,210.89,24.8,0.35,0.082
2025-07-14,FIN-02-L028,FIN-02,Gypsophila,Million Star,Invernadero,2025-05-22,53,0.25,94518,75,Microaspersión,Cascarilla,Cosecha,1625,78000,0.88,13.5,20.9,7.8,80.9,23.9,2.6,0.28,11.9,33.1,37,4,2.7,2.9,70.9,Medio,0,0.7,8.5,7.6,13,PED-01245,2025-06-30,2025-07-15,CLI-034,Exportador,Países Bajos,Preventa,9529,1434,0.195,2,Media,14,0,1735,1393,15.0,-8136,Alto,Bajo,144.42,68.0,0.304,0.023
2025-03-01,FIN-03-L021,FIN-03,Rosa,Mondial,Invernadero,2025-01-17,43,1.74,64531,105,Goteo,Coco,Botón,11310,85000,0.88,18.4,24.2,11.9,58.8,10.6,0.8,0.83,11.7,81.4,26,44,28.1,17.3,89.8,Bajo,1,13.4,8.8,15.0,5,PED-01246,2025-02-08,2025-03-06,CLI-074,Supermercado,Canadá,Spot,2715,1323,0.496,0,Alta,21,1,2401,1714,48.7,-1001,Alto,Bajo,413.37,39.0,0.38,0.186
2025-05-08,FIN-04-L036,FIN-04,Rosa,Explorer,Invernadero,2025-01-13,115,0.39,64183,105,Microaspersión,Cascarilla,Cosecha,2535,85000,0.88,17.4,23.4,12.7,60.8,22.3,1.6,0.75,12.7,38.6,22,6,5.5,3.3,72.2,Alto,1,4.1,15.6,8.6,13,PED-01247,2025-04-24,2025-05-13,CLI-007,Mayorista,Estados Unidos,Preventa,11440,2422,0.631,5,Media,14,0,3845,2781,21.2,-8659,Alto,Bajo,1037.43,50.9,0.295,-0.056
2025-09-09,FIN-01-L023,FIN-01,Rosa,Vendela,Invernadero,2025-05-08,124,0.37,71187,105,Microaspersión,Cascarilla,Botón,2405,85000,0.88,22.4,26.6,17.0,48.7,15.7,0.0,1.26,12.1,44.6,28,7,4.5,3.2,87.2,Alto,1,4.3,13.8,7.5,8,PED-01248,2025-08-19,2025-09-11,CLI-047,Supermercado,Estados Unidos,Preventa,2861,1243,0.378,8,Media,21,0,1739,1314,43.4,-1547,Alto,Bajo,180.18,59.3,0.356,-0.017
2025-05-25,FIN-02-L037,FIN-02,Rosa,Freedom,Campo abierto,2025-02-09,105,0.59,63926,105,Microaspersión,Cascarilla,Reposo,3835,85000,0.88,15.6,24.3,10.2,72.8,19.4,1.7,0.47,12.5,39.1,11,13,5.5,3.5,81.6,Medio,1,9.7,7.9,10.2,2,PED-01249,2025-05-11,2025-05-26,CLI-006,Supermercado,España,Contrato,4455,3795,0.398,12,Baja,14,0,5684,4288,85.2,-167,Medio,Bajo,689.43,53.6,0.184,0.032
2025-03-30,FIN-02-L060,FIN-02,Rosa,Explorer,Invernadero,2025-01-14,75,1.35,63838,105,Microaspersión,Suelo,Botón,8775,85000,0.88,18.3,22.8,13.1,68.9,19.6,2.1,0.63,12.2,45.2,29,21,14.6,11.8,97.2,Medio,1,7.9,24.6,12.4,2,PED-01250,2025-03-16,2025-04-02,CLI-079,Broker,Países Bajos,Marketplace,6907,3599,0.491,5,Media,14,0,7182,4584,52.1,-2323,Alto,Bajo,1016.32,30.3,0.295,-0.103
2025-06-26,FIN-03-L033,FIN-03,Rosa,Mondial,Campo abierto,2025-03-14,104,1.5,67494,105,Microaspersión,Cascarilla,Botón,9750,85000,0.88,16.6,23.0,10.0,66.4,13.9,6.7,0.61,12.1,66.4,25,31,19.4,11.3,90.0,Medio,1,1.9,28.5,14.1,17,PED-01251,2025-05-27,2025-06-27,CLI-054,Mayorista,Estados Unidos,Contrato,4923,4923,0.376,5,Media,30,0,8409,5290,100.0,367,Bajo,Bajo,909.87,27.5,0.325,-0.058
2025-02-09,FIN-01-L044,FIN-01,Clavel,Dover,Invernadero,2024-10-25,107,1.02,83341,90,Goteo,Cascarilla,Botón,6630,105000,0.88,14.1,20.7,9.5,67.9,12.1,0.2,0.5,12.1,45.8,25,17,13.6,12.3,86.0,Alto,1,6.1,7.9,7.5,7,PED-01252,2025-01-26,2025-02-14,CLI-053,Mayorista,Países Bajos,Preventa,6228,4842,0.339,8,Alta,14,0,6423,5081,77.7,-1147,Alto,Bajo,962.71,65.4,0.286,0.13
2025-02-08,FIN-02-L060,FIN-02,Rosa,Explorer,Invernadero,2024-10-26,105,0.79,63610,105,Microaspersión,Cascarilla,Vegetativo,5135,85000,0.88,9.6,16.2,5.0,54.7,18.3,0.0,0.48,12.4,36.2,27,13,8.1,7.8,91.2,Medio,0,0.8,0.4,4.3,7,PED-01253,2025-01-09,2025-02-13,CLI-018,Exportador,Colombia,Preventa,19862,4010,0.513,12,Alta,30,0,4887,4403,20.2,-15459,Alto,Bajo,1060.36,92.0,0.434,-0.044
2025-10-22,FIN-03-L005,FIN-03,Rosa,Freedom,Invernadero,2025-06-16,128,1.49,63256,105,Microaspersión,Cascarilla,Cosecha,9685,85000,0.88,16.6,25.0,10.5,56.7,14.8,0.0,0.79,12.1,64.5,11,31,23.8,15.7,92.2,Medio,0,5.8,10.7,13.7,16,PED-01254,2025-10-08,2025-10-26,CLI-032,Broker,Estados Unidos,Contrato,5894,5894,0.459,0,Baja,14,0,8595,6463,100.0,569,Bajo,Bajo,1623.2,50.1,0.22,0.014
2025-06-27,FIN-02-L035,FIN-02,Rosa,Explorer,Invernadero,2025-04-11,77,0.73,66150,105,Microaspersión,Cascarilla,Cosecha,4745,85000,0.88,14.9,20.4,8.9,64.5,9.8,3.0,0.58,12.0,82.7,19,9,9.3,2.8,76.7,Alto,1,27.1,25.0,18.9,17,PED-01255,2025-06-06,2025-07-02,CLI-082,Mayorista,Estados Unidos,Preventa,4126,580,0.557,5,Media,21,0,1013,557,14.1,-3569,Alto,Bajo,193.98,0.0,0.365,0.228
2025-09-25,FIN-03-L041,FIN-03,Rosa,Mondial,Invernadero,2025-05-02,146,1.04,66522,105,Microaspersión,Cascarilla,Botón,6760,85000,0.88,21.4,28.1,15.5,90.4,14.9,1.1,0.25,11.4,44.9,30,21,10.1,12.1,96.0,Medio,0,9.2,16.7,8.9,15,PED-01256,2025-09-18,2025-09-27,CLI-110,Exportador,Estados Unidos,Spot,7138,1743,0.524,8,Alta,7,0,3176,2244,24.4,-4894,Alto,Bajo,544.9,47.4,0.216,0.097
2025-11-14,FIN-03-L002,FIN-03,Rosa,Freedom,Campo abierto,2025-09-23,52,1.18,67990,105,Microaspersión,Cascarilla,Botón,7670,85000,0.88,19.9,27.4,13.8,57.2,14.3,0.2,0.94,12.2,64.3,37,29,16.8,9.9,94.0,Medio,1,19.3,5.6,11.1,0,PED-01257,2025-10-31,2025-11-16,CLI-015,Exportador,España,Spot,6894,1963,0.397,10,Baja,14,0,2980,2157,28.5,-4737,Alto,Bajo,383.12,44.8,0.32,-0.041
2025-02-16,FIN-03-L032,FIN-03,Rosa,Mondial,Campo abierto,2024-10-29,110,0.94,63833,105,Goteo,Cascarilla,Cosecha,6110,85000,0.88,17.1,25.2,12.9,57.6,10.2,1.2,0.8,11.9,54.9,21,23,16.7,6.6,80.7,Medio,1,8.6,23.8,16.0,17,PED-01258,2025-01-26,2025-02-20,CLI-074,Mayorista,Colombia,Spot,4785,1709,0.357,10,Media,21,0,3273,1995,35.7,-2790,Alto,Bajo,264.05,18.8,0.35,-0.056
2025-01-22,FIN-02-L044,FIN-02,Gypsophila,New Love,Campo abierto,2024-11-05,78,0.87,97563,75,Microaspersión,Coco,Cosecha,5655,78000,0.88,15.5,24.0,9.1,66.5,20.7,4.9,0.57,12.3,47.1,30,19,10.2,6.3,86.3,Alto,1,35.0,11.7,15.8,4,PED-01259,2025-01-08,2025-01-27,CLI-015,Supermercado,Estados Unidos,Preventa,1223,1223,0.19,0,Media,14,1,4630,2567,100.0,1344,Bajo,Alto,106.75,1.8,0.18,-0.116
2025-11-27,FIN-04-L033,FIN-04,Clavel,Dover,Invernadero,2025-07-01,149,0.53,88472,90,Microaspersión,Cascarilla,Cosecha,3445,105000,0.88,15.2,22.9,10.2,94.1,13.0,0.0,0.25,11.9,65.5,16,10,6.5,5.2,89.1,Medio,0,31.1,30.0,18.0,15,PED-01260,2025-11-20,2025-12-01,CLI-120,Retail,Estados Unidos,Preventa,1867,125,0.247,5,Media,7,0,297,163,6.7,-1704,Alto,Bajo,15.44,0.0,0.225,0.095
2025-01-04,FIN-04-L022,FIN-04,Clavel,Dover,Invernadero,2024-11-09,56,0.96,87938,90,Goteo,Coco,Vegetativo,6240,105000,0.88,13.8,19.0,7.3,57.2,13.5,1.3,0.65,11.9,48.7,18,15,11.9,8.5,84.0,Bajo,0,28.9,12.4,13.0,3,PED-01261,2024-11-20,2025-01-06,CLI-003,Mayorista,Canadá,Marketplace,1007,1007,0.259,8,Media,45,1,2384,1417,100.0,410,Bajo,Alto,122.01,14.6,0.45,0.143
2025-12-13,FIN-04-L040,FIN-04,Gypsophila,Million Star,Invernadero,2025-09-30,74,1.35,97378,75,Microaspersión,Suelo,Cosecha,8775,78000,0.88,17.6,22.7,11.4,69.7,8.4,0.0,0.59,11.8,78.6,20,26,12.5,13.6,91.3,Alto,0,15.7,2.1,10.8,16,PED-01262,2025-11-22,2025-12-14,CLI-109,Retail,Estados Unidos,Preventa,2116,2116,0.192,0,Alta,21,0,5012,3869,100.0,1753,Bajo,Alto,215.9,55.0,0.25,-0.057
2025-07-24,FIN-02-L048,FIN-02,Clavel,Bizet,Invernadero,2025-05-10,75,0.59,78666,90,Microaspersión,Cascarilla,Cosecha,3835,105000,0.88,21.0,28.8,16.3,64.1,17.5,5.6,0.83,12.1,44.6,24,11,4.5,4.8,67.4,Alto,0,17.5,3.9,11.6,1,PED-01263,2025-06-09,2025-07-26,CLI-033,Retail,Estados Unidos,Contrato,1276,1276,0.318,0,Media,45,1,4177,3006,100.0,1730,Bajo,Alto,276.05,42.1,0.45,0.089
2025-09-01,FIN-01-L035,FIN-01,Rosa,Freedom,Invernadero,2025-06-18,75,0.44,64197,105,Goteo,Cascarilla,Vegetativo,2860,85000,0.88,16.9,23.4,12.6,82.5,15.6,1.4,0.33,11.5,33.1,41,8,3.0,3.7,81.6,Medio,0,2.5,0.4,2.0,6,PED-01264,2025-08-18,2025-09-05,CLI-006,Supermercado,Estados Unidos,Preventa,3662,2594,0.548,0,Media,14,1,3011,2680,70.8,-982,Alto,Bajo,943.04,92.1,0.31,-0.006
2025-08-04,FIN-01-L050,FIN-01,Clavel,Dover,Invernadero,2025-05-19,77,0.51,70570,90,Goteo,Coco,Cosecha,3315,105000,0.88,18.8,27.1,11.9,70.9,16.4,0.9,0.6,12.5,44.9,24,8,6.7,4.6,81.7,Medio,1,7.0,16.9,8.3,6,PED-01265,2025-07-14,2025-08-06,CLI-043,Supermercado,Canadá,Preventa,3057,2461,0.251,5,Alta,21,0,3803,2686,80.5,-371,Medio,Bajo,313.84,47.8,0.235,0.084
2025-10-18,FIN-02-L017,FIN-02,Clavel,Dover,Invernadero,2025-07-04,106,1.78,79479,90,Goteo,Cascarilla,Botón,11570,105000,0.88,16.2,20.3,9.4,82.0,18.7,0.9,0.32,12.1,27.1,27,38,22.7,12.4,75.9,Medio,1,28.5,13.7,19.4,16,PED-01266,2025-09-03,2025-10-21,CLI-023,Mayorista,Estados Unidos,Preventa,4853,4853,0.305,0,Media,45,1,10971,6063,100.0,1210,Bajo,Medio,991.19,0.0,0.45,-0.002
2025-08-01,FIN-04-L021,FIN-04,Rosa,Vendela,Campo abierto,2025-05-05,88,1.45,71688,105,Microaspersión,Suelo,Vegetativo,9425,85000,0.88,14.8,21.8,7.9,78.5,23.0,3.6,0.35,12.5,58.5,21,34,14.9,14.6,62.6,Alto,0,25.0,14.6,18.0,17,PED-01267,2025-07-02,2025-08-06,CLI-024,Retail,Países Bajos,Preventa,1612,1612,0.364,12,Media,30,0,8062,4505,100.0,2893,Bajo,Alto,227.02,0.9,0.304,0.041
2025-11-25,FIN-01-L037,FIN-01,Rosa,Vendela,Invernadero,2025-07-10,138,0.33,67497,105,Goteo,Cascarilla,Cosecha,2145,85000,0.88,15.5,19.6,11.4,82.8,14.4,0.2,0.29,12.2,46.8,28,6,3.3,2.1,93.2,Medio,1,1.8,0.1,5.5,0,PED-01268,2025-11-11,2025-11-28,CLI-013,Mayorista,Estados Unidos,Preventa,6968,1385,0.445,0,Alta,14,0,1837,1643,19.9,-5325,Alto,Bajo,345.62,89.1,0.31,0.074
2025-11-30,FIN-03-L047,FIN-03,Gypsophila,New Love,Campo abierto,2025-09-12,79,1.28,102821,75,Microaspersión,Cascarilla,Reposo,8320,78000,0.88,18.5,23.9,12.9,81.4,18.8,0.0,0.38,12.3,43.8,24,23,17.2,15.8,85.2,Medio,0,10.1,4.5,8.3,11,PED-01269,2025-11-23,2025-12-05,CLI-104,Supermercado,Estados Unidos,Spot,1806,1806,0.173,5,Media,7,0,10852,8577,100.0,6771,Bajo,Alto,131.75,63.0,0.095,0.0
2025-02-04,FIN-04-L019,FIN-04,Gypsophila,Million Star,Invernadero,2024-12-16,50,0.74,103792,75,Microaspersión,Suelo,Botón,4810,78000,0.88,15.7,21.9,10.6,76.7,13.0,3.7,0.4,11.7,44.8,29,17,12.5,7.5,100.0,Alto,1,25.4,18.6,15.6,8,PED-01270,2025-01-28,2025-02-09,CLI-024,Broker,Estados Unidos,Marketplace,6768,1100,0.249,8,Alta,7,0,1732,989,16.3,-5779,Alto,Bajo,157.1,8.8,0.216,-0.002
2025-03-27,FIN-03-L003,FIN-03,Gypsophila,Xlence,Invernadero,2025-01-11,75,1.05,89878,75,Goteo,Coco,Botón,6825,78000,0.88,17.0,23.7,12.5,69.4,14.9,0.0,0.57,12.7,49.3,21,25,9.5,6.6,69.5,Medio,0,10.3,15.6,11.5,8,PED-01271,2025-03-20,2025-03-30,CLI-067,Mayorista,Estados Unidos,Contrato,5514,2653,0.157,2,Alta,7,0,4746,3188,48.1,-2326,Alto,Bajo,144.36,35.4,0.234,0.058
2025-06-25,FIN-03-L056,FIN-03,Clavel,Nelson,Invernadero,2025-03-17,100,0.6,84531,90,Goteo,Cascarilla,Cosecha,3900,105000,0.88,15.7,21.4,10.9,67.6,22.5,1.1,0.56,11.9,23.1,21,11,7.0,5.0,99.0,Medio,0,1.0,3.8,5.7,11,PED-01272,2025-06-18,2025-06-30,CLI-104,Mayorista,Estados Unidos,Preventa,4705,4705,0.292,5,Media,7,0,8765,7667,100.0,2962,Bajo,Alto,823.86,85.7,0.095,0.02
2025-03-05,FIN-01-L022,FIN-01,Rosa,Vendela,Invernadero,2024-11-12,113,0.3,66566,105,Goteo,Cascarilla,Botón,1950,85000,0.88,16.2,21.7,9.6,80.2,16.0,2.1,0.35,12.2,57.1,27,6,4.3,2.2,85.7,Alto,1,3.2,13.0,7.1,11,PED-01273,2025-02-19,2025-03-08,CLI-002,Broker,España,Contrato,8847,1547,0.485,10,Alta,14,0,2374,1825,17.5,-7022,Alto,Bajo,395.82,62.5,0.28,0.069
2025-10-13,FIN-02-L058,FIN-02,Rosa,Mondial,Invernadero,2025-06-11,124,1.79,66776,105,Goteo,Suelo,Cosecha,11635,85000,0.88,15.6,20.4,10.5,95.0,15.5,6.8,0.25,12.2,51.1,29,40,18.4,16.7,87.2,Medio,1,12.3,30.0,16.4,12,PED-01274,2025-09-29,2025-10-14,CLI-113,Broker,Colombia,Contrato,5649,2977,0.432,10,Media,14,0,6289,3458,52.7,-2191,Alto,Bajo,620.63,5.1,0.28,-0.032
2025-04-11,FIN-02-L059,FIN-02,Clavel,Bizet,Campo abierto,2024-12-17,115,1.06,83206,90,Microaspersión,Coco,Botón,6890,105000,0.88,17.0,25.1,10.7,51.6,11.4,1.0,0.91,12.1,58.0,22,15,16.2,10.9,80.3,Bajo,0,19.3,8.2,10.6,15,PED-01275,2025-03-28,2025-04-12,CLI-006,Retail,España,Preventa,947,947,0.308,0,Alta,14,1,3853,2664,100.0,1717,Bajo,Alto,185.43,38.5,0.18,-0.05
2025-12-22,FIN-04-L035,FIN-04,Rosa,Mondial,Invernadero,2025-09-01,112,0.23,71157,105,Goteo,Suelo,Cosecha,1495,85000,0.88,17.9,23.1,13.3,67.5,14.7,1.0,0.64,11.9,52.5,43,4,2.9,2.0,80.3,Alto,1,3.7,3.1,6.3,16,PED-01276,2025-12-15,2025-12-24,CLI-005,Broker,Estados Unidos,Preventa,11629,1236,0.53,5,Baja,7,1,1949,1643,10.6,-9986,Alto,Bajo,398.7,77.0,0.265,0.113
2025-01-29,FIN-02-L031,FIN-02,Rosa,Explorer,Invernadero,2024-11-26,64,0.9,65082,105,Microaspersión,Cascarilla,Cosecha,5850,85000,0.88,16.3,21.1,11.0,69.2,17.8,4.4,0.55,11.9,48.6,33,14,11.2,7.8,83.6,Medio,1,8.0,5.8,6.1,16,PED-01277,2025-01-15,2025-01-30,CLI-066,Broker,España,Spot,3900,3094,0.382,2,Alta,14,1,4410,3527,79.3,-373,Medio,Bajo,651.4,68.2,0.174,-0.031
2025-11-18,FIN-04-L028,FIN-04,Gypsophila,Million Star,Campo abierto,2025-10-19,30,1.45,88385,75,Microaspersión,Cascarilla,Cosecha,9425,78000,0.88,18.4,23.1,14.1,74.2,12.7,5.8,0.52,12.2,62.7,38,21,17.4,11.2,81.2,Medio,1,10.4,7.8,6.8,2,PED-01278,2025-11-04,2025-11-23,CLI-068,Exportador,Chile,Preventa,5552,1740,0.173,2,Media,14,1,2637,2015,31.3,-3537,Alto,Bajo,134.73,59.8,0.304,0.065
2025-02-05,FIN-01-L020,FIN-01,Clavel,Bizet,Invernadero,2024-09-29,129,0.83,69791,90,Goteo,Suelo,Reposo,5395,105000,0.88,12.4,16.6,6.6,85.2,16.1,0.0,0.25,11.9,54.7,40,15,11.2,8.4,81.7,Medio,1,28.1,18.2,14.8,0,PED-01279,2025-01-06,2025-02-08,CLI-023,Mayorista,Estados Unidos,Contrato,8870,942,0.288,5,Baja,30,1,1744,959,10.6,-7911,Alto,Bajo,155.32,2.7,0.45,-0.051
2025-07-18,FIN-04-L043,FIN-04,Clavel,Dover,Invernadero,2025-04-13,96,1.1,71651,90,Microaspersión,Coco,Botón,7150,105000,0.88,16.3,24.7,10.6,68.9,24.9,2.4,0.56,12.3,16.7,39,21,18.5,8.8,94.4,Alto,0,11.1,0.7,10.1,9,PED-01280,2025-06-27,2025-07-21,CLI-090,Exportador,Estados Unidos,Contrato,5217,5217,0.218,0,Alta,21,0,19180,15666,100.0,10449,Bajo,Alto,500.67,65.8,0.25,-0.018
2025-04-05,FIN-04-L051,FIN-04,Clavel,Bizet,Invernadero,2025-01-10,85,0.65,82493,90,Goteo,Coco,Cosecha,4225,105000,0.88,15.2,19.5,11.0,64.7,7.8,3.8,0.59,12.2,59.7,18,11,7.2,2.9,85.8,Medio,1,8.4,4.1,7.9,8,PED-01281,2025-03-29,2025-04-07,CLI-051,Supermercado,España,Contrato,2626,2299,0.252,0,Media,7,0,3042,2451,87.5,-175,Medio,Bajo,311.94,66.9,0.11,-0.071
2025-12-03,FIN-02-L017,FIN-02,Rosa,Mondial,Invernadero,2025-07-09,147,1.79,75057,105,Goteo,Suelo,Botón,11635,85000,0.88,15.7,23.5,10.9,70.8,17.9,0.0,0.5,11.8,48.8,18,36,18.1,14.9,97.0,Alto,1,17.8,8.3,16.4,7,PED-01282,2025-11-19,2025-12-04,CLI-088,Mayorista,Colombia,Preventa,12160,4436,0.465,8,Media,14,0,6477,4489,36.5,-7671,Alto,Bajo,1100.02,32.4,0.286,0.029
2025-07-26,FIN-02-L029,FIN-02,Rosa,Mondial,Invernadero,2025-03-11,137,1.8,63569,105,Goteo,Suelo,Botón,11700,85000,0.88,16.3,21.4,11.2,60.3,19.9,0.0,0.71,12.4,16.0,24,38,21.6,22.3,72.3,Bajo,1,8.0,5.4,13.1,0,PED-01283,2025-06-11,2025-07-29,CLI-052,Exportador,Estados Unidos,Preventa,10670,6727,0.561,2,Media,45,1,9900,7560,63.0,-3110,Alto,Bajo,2492.99,51.3,0.45,0.055
2025-01-17,FIN-03-L033,FIN-03,Rosa,Explorer,Invernadero,2024-10-13,96,0.87,63737,105,Goteo,Suelo,Reposo,5655,85000,0.88,18.0,26.9,12.5,69.3,11.2,2.4,0.61,12.2,78.0,45,15,7.5,5.9,76.3,Medio,0,0.5,12.6,10.2,10,PED-01284,2024-12-27,2025-01-18,CLI-097,Mayorista,Colombia,Preventa,4043,2447,0.499,2,Alta,21,0,3780,2898,60.5,-1145,Alto,Bajo,763.58,58.1,0.374,0.029
2025-12-02,FIN-01-L016,FIN-01,Rosa,Vendela,Invernadero,2025-08-16,108,0.46,52088,105,Microaspersión,Coco,Vegetativo,2990,85000,0.88,16.9,25.3,10.8,83.4,11.0,0.5,0.31,11.9,72.1,21,10,4.7,4.1,100.0,Medio,1,3.2,2.1,3.9,7,PED-01285,2025-11-18,2025-12-07,CLI-027,Retail,España,Preventa,3074,1932,0.409,2,Media,14,0,2809,2481,62.8,-593,Alto,Bajo,440.44,89.2,0.304,0.084
2025-05-01,FIN-04-L054,FIN-04,Rosa,Explorer,Invernadero,2025-01-27,94,1.15,63055,105,Goteo,Coco,Reposo,7474,85000,0.88,13.7,19.0,8.4,68.6,13.3,0.7,0.47,11.8,46.4,43,21,13.2,11.9,97.9,Bajo,1,2.4,17.1,9.5,16,PED-01286,2025-04-24,2025-05-05,CLI-021,Mayorista,Colombia,Preventa,11294,3278,0.43,5,Media,7,0,4892,3638,29.0,-7656,Alto,Bajo,739.99,55.5,0.225,0.157
2025-09-17,FIN-04-L031,FIN-04,Rosa,Mondial,Invernadero,2025-06-20,89,0.3,56683,105,Goteo,Cascarilla,Cosecha,1950,85000,0.88,19.0,24.5,14.9,88.3,14.4,0.1,0.25,12.1,41.1,34,6,3.2,2.4,81.9,Medio,1,6.5,3.9,6.2,5,PED-01287,2025-09-03,2025-09-21,CLI-024,Supermercado,Estados Unidos,Contrato,5318,1391,0.44,0,Baja,14,1,1913,1572,26.2,-3746,Alto,Bajo,357.92,72.5,0.35,0.089
2025-07-02,FIN-01-L006,FIN-01,Clavel,Nelson,Invernadero,2025-04-09,84,1.38,86854,90,Goteo,Coco,Botón,8970,105000,0.88,15.2,20.5,9.4,91.5,17.8,0.5,0.25,12.4,43.9,33,24,12.0,14.7,94.6,Medio,1,14.3,12.4,9.5,7,PED-01288,2025-06-25,2025-07-05,CLI-120,Mayorista,Canadá,Preventa,5704,5704,0.209,10,Alta,7,0,10825,7648,100.0,1944,Bajo,Medio,411.36,45.1,0.08,0.009
2025-12-30,FIN-02-L023,FIN-02,Rosa,Explorer,Campo abierto,2025-09-23,98,0.5,70576,105,Microaspersión,Suelo,Cosecha,3250,85000,0.88,14.2,18.5,9.6,77.6,9.0,0.0,0.35,12.5,74.1,41,9,3.9,4.6,77.3,Medio,1,4.0,4.8,7.1,9,PED-01289,2025-11-30,2026-01-04,CLI-007,Retail,Estados Unidos,Contrato,3071,1451,0.591,12,Baja,30,1,2045,1679,47.2,-1392,Alto,Bajo,507.7,71.6,0.45,-0.018
2025-05-10,FIN-04-L051,FIN-04,Rosa,Explorer,Invernadero,2025-01-07,123,0.2,60730,105,Microaspersión,Suelo,Cosecha,1300,85000,0.88,17.8,26.3,12.7,89.0,17.2,1.9,0.25,12.3,47.8,33,4,2.3,1.5,85.5,Medio,1,35.0,25.3,17.5,9,PED-01290,2025-04-10,2025-05-13,CLI-116,Supermercado,Estados Unidos,Spot,8293,220,0.62,0,Baja,30,0,498,273,2.7,-8020,Alto,Bajo,100.33,0.0,0.45,0.027
2025-09-19,FIN-04-L038,FIN-04,Gypsophila,Xlence,Invernadero,2025-07-10,71,1.54,101237,75,Goteo,Cascarilla,Cosecha,10010,78000,0.88,17.8,22.4,12.1,90.5,21.8,1.9,0.25,13.0,38.1,23,36,18.3,15.4,87.1,Alto,1,9.2,21.8,15.2,11,PED-01291,2025-09-05,2025-09-22,CLI-091,Mayorista,Estados Unidos,Preventa,1642,1642,0.169,2,Media,14,0,10872,6867,100.0,5225,Bajo,Alto,104.45,24.3,0.174,-0.059
2025-04-23,FIN-01-L047,FIN-01,Rosa,Vendela,Invernadero,2025-01-28,85,0.67,62863,105,Microaspersión,Suelo,Cosecha,4355,85000,0.88,13.2,19.6,7.0,65.3,12.1,0.0,0.5,11.4,68.8,23,14,6.8,6.6,89.2,Medio,0,3.8,30.0,15.4,5,PED-01292,2025-04-09,2025-04-26,CLI-083,Supermercado,Canadá,Preventa,5581,1081,0.512,0,Media,14,0,1708,1024,19.4,-4557,Alto,Bajo,375.85,19.6,0.31,0.02
2025-02-27,FIN-02-L021,FIN-02,Rosa,Mondial,Invernadero,2024-10-02,148,1.25,61217,105,Goteo,Cascarilla,Reposo,8125,85000,0.88,10.1,16.7,5.7,65.3,18.4,3.7,0.39,11.9,36.8,28,16,14.5,7.7,81.5,Medio,1,14.2,18.7,11.6,6,PED-01293,2025-02-20,2025-03-02,CLI-051,Broker,Estados Unidos,Preventa,7424,1649,0.493,0,Baja,7,0,3041,1931,22.2,-5493,Alto,Bajo,524.26,28.1,0.28,-0.04
2025-09-19,FIN-01-L055,FIN-01,Rosa,Vendela,Invernadero,2025-06-06,105,1.17,58214,105,Goteo,Suelo,Vegetativo,7604,85000,0.88,15.7,19.9,10.0,81.5,15.6,0.9,0.32,12.2,49.2,28,21,15.9,9.7,84.1,Medio,1,10.4,4.7,9.4,12,PED-01294,2025-09-05,2025-09-23,CLI-024,Mayorista,Estados Unidos,Preventa,5050,5050,0.436,10,Baja,14,0,9476,7405,100.0,2355,Bajo,Alto,1038.94,59.7,0.19,-0.105
2025-09-17,FIN-01-L049,FIN-01,Clavel,Bizet,Invernadero,2025-06-20,89,0.86,77348,90,Goteo,Cascarilla,Cosecha,5590,105000,0.88,16.2,24.8,10.1,75.8,8.9,7.8,0.43,12.2,72.3,24,20,5.5,5.0,92.1,Medio,1,5.7,4.3,6.0,13,PED-01295,2025-08-18,2025-09-18,CLI-037,Exportador,Canadá,Preventa,8794,3964,0.22,5,Alta,30,0,5027,4195,45.1,-4599,Alto,Bajo,392.5,76.0,0.45,0.039
2025-12-23,FIN-04-L058,FIN-04,Clavel,Bizet,Invernadero,2025-10-09,75,0.61,82630,90,Goteo,Cascarilla,Botón,3965,105000,0.88,16.1,24.8,10.5,68.5,16.0,4.9,0.56,10.9,46.8,25,12,9.7,5.7,83.7,Alto,1,7.7,18.0,11.7,14,PED-01296,2025-11-23,2025-12-28,CLI-115,Exportador,Estados Unidos,Contrato,11134,2121,0.25,2,Media,30,1,4103,2797,19.0,-8337,Alto,Bajo,299.11,38.6,0.45,0.007
2025-08-28,FIN-03-L059,FIN-03,Rosa,Explorer,Invernadero,2025-05-18,102,1.26,58757,105,Goteo,Suelo,Botón,8190,85000,0.88,16.9,22.0,10.1,76.0,13.4,0.4,0.45,12.2,58.2,14,27,12.7,11.8,86.7,Alto,1,32.3,5.8,16.7,3,PED-01297,2025-08-07,2025-09-01,CLI-111,Exportador,Países Bajos,Contrato,6712,3307,0.486,5,Media,21,1,6145,3777,49.3,-2935,Alto,Bajo,866.16,12.7,0.365,0.204
2025-01-29,FIN-04-L021,FIN-04,Rosa,Mondial,Invernadero,2024-10-22,99,0.31,70394,105,Goteo,Suelo,Vegetativo,2015,85000,0.88,21.1,26.8,15.3,73.2,20.2,1.1,0.62,11.7,36.7,32,7,3.8,2.9,78.1,Medio,1,12.0,2.8,8.7,8,PED-01298,2024-12-30,2025-02-03,CLI-068,Exportador,Estados Unidos,Marketplace,12603,1333,0.454,10,Media,30,1,2116,1658,10.6,-10945,Alto,Bajo,295.37,60.3,0.44,0.052
2025-08-06,FIN-03-L050,FIN-03,Rosa,Explorer,Invernadero,2025-04-11,117,1.41,68235,105,Microaspersión,Suelo,Vegetativo,9165,85000,0.88,15.7,24.6,10.9,80.4,15.6,2.4,0.34,12.3,56.6,31,26,16.3,12.1,80.5,Bajo,1,19.6,9.4,12.4,0,PED-01299,2025-07-30,2025-08-09,CLI-118,Retail,Colombia,Preventa,878,878,0.405,8,Alta,7,0,6703,4511,100.0,3633,Bajo,Alto,168.88,32.5,0.086,-0.101
2025-11-12,FIN-01-L038,FIN-01,Rosa,Vendela,Invernadero,2025-06-26,139,1.54,59640,105,Goteo,Coco,Cosecha,10010,85000,0.88,24.2,31.7,19.5,56.8,16.2,0.0,1.15,11.9,36.9,31,30,21.2,13.8,75.1,Alto,0,15.8,0.2,7.0,8,PED-01300,2025-10-22,2025-11-17,CLI-081,Exportador,Canadá,Contrato,7064,4072,0.41,0,Media,21,1,5440,4274,57.6,-2790,Alto,Bajo,853.96,61.7,0.38,0.181
2025-12-02,FIN-03-L057,FIN-03,Rosa,Mondial,Invernadero,2025-09-04,89,1.39,64610,105,Microaspersión,Cascarilla,Cosecha,9035,85000,0.88,13.4,21.4,8.4,81.6,10.7,0.0,0.27,11.5,57.4,36,26,18.1,10.1,90.6,Alto,0,25.9,6.1,10.8,2,PED-01301,2025-11-11,2025-12-06,CLI-027,Retail,Países Bajos,Contrato,3440,3052,0.522,0,Alta,21,1,4427,3002,88.7,-438,Medio,Bajo,970.19,34.6,0.25,-0.042
2025-05-20,FIN-04-L032,FIN-04,Rosa,Freedom,Invernadero,2025-01-20,120,1.49,63150,105,Microaspersión,Coco,Botón,9685,85000,0.88,17.3,22.0,10.8,79.9,16.8,5.0,0.38,12.1,35.6,28,27,15.4,13.1,73.2,Medio,0,1.0,7.6,6.6,16,PED-01302,2025-04-29,2025-05-23,CLI-043,Exportador,Países Bajos,Preventa,7612,7612,0.421,0,Baja,21,0,12230,9967,100.0,2355,Bajo,Medio,1799.68,71.6,0.29,-0.025
2025-10-28,FIN-01-L007,FIN-01,Rosa,Explorer,Invernadero,2025-08-03,86,1.22,52126,105,Goteo,Cascarilla,Cosecha,7930,85000,0.88,16.6,21.2,11.3,64.1,8.2,0.0,0.66,12.2,59.8,22,31,11.8,10.3,83.7,Medio,1,34.3,25.8,22.3,14,PED-01303,2025-10-07,2025-11-01,CLI-086,Exportador,Chile,Preventa,14075,828,0.452,0,Alta,21,0,1383,760,5.9,-13315,Alto,Bajo,226.58,0.0,0.38,-0.076
2025-05-07,FIN-02-L007,FIN-02,Rosa,Mondial,Invernadero,2025-01-27,100,1.41,72420,105,Goteo,Coco,Botón,9165,85000,0.88,19.5,26.8,14.9,74.2,17.7,0.5,0.55,11.8,33.6,22,23,16.6,14.8,74.4,Alto,1,4.8,10.7,8.4,5,PED-01304,2025-04-30,2025-05-12,CLI-083,Retail,Países Bajos,Marketplace,4187,4187,0.568,2,Media,7,0,11522,8772,100.0,4585,Bajo,Alto,1570.07,58.2,0.104,-0.176
2025-02-24,FIN-02-L049,FIN-02,Clavel,Bizet,Invernadero,2024-12-07,79,1.31,69696,90,Microaspersión,Cascarilla,Vegetativo,8515,105000,0.88,15.6,20.3,10.6,81.1,16.6,0.0,0.32,12.1,55.9,27,31,13.9,11.5,82.9,Alto,1,8.6,30.0,14.7,5,PED-01305,2025-02-03,2025-02-26,CLI-107,Mayorista,Estados Unidos,Spot,2228,2228,0.218,0,Media,21,1,6742,3826,100.0,1598,Bajo,Alto,216.18,12.8,0.25,-0.123
2025-12-14,FIN-03-L015,FIN-03,Clavel,Dover,Invernadero,2025-10-14,61,1.12,85216,90,Microaspersión,Suelo,Botón,7280,105000,0.88,15.5,19.5,10.6,66.1,10.5,0.0,0.58,12.0,73.5,21,25,14.7,12.3,82.7,Alto,1,26.5,7.4,12.8,13,PED-01306,2025-12-07,2025-12-16,CLI-112,Exportador,Estados Unidos,Preventa,6720,2566,0.232,0,Media,7,0,3613,2342,38.2,-4378,Alto,Bajo,340.45,25.6,0.24,0.078
2025-01-19,FIN-04-L044,FIN-04,Rosa,Explorer,Invernadero,2024-10-28,83,1.53,69456,105,Goteo,Coco,Cosecha,9945,85000,0.88,15.4,22.4,10.5,63.1,17.5,1.7,0.63,11.8,52.3,21,36,18.7,14.8,85.3,Bajo,1,11.5,15.2,15.5,15,PED-01307,2025-01-12,2025-01-24,CLI-103,Retail,España,Preventa,1825,1825,0.56,10,Alta,7,1,7448,4973,100.0,3148,Bajo,Alto,553.16,29.9,0.08,-0.061
2025-04-01,FIN-03-L050,FIN-03,Rosa,Vendela,Invernadero,2024-12-26,96,1.69,75286,105,Microaspersión,Suelo,Botón,10985,85000,0.88,18.8,23.0,12.0,78.0,17.4,1.5,0.45,12.2,57.9,38,33,18.0,15.9,94.9,Alto,1,1.7,0.5,3.4,7,PED-01308,2025-03-11,2025-04-06,CLI-096,Exportador,Estados Unidos,Contrato,8915,8915,0.445,10,Media,21,0,17568,15848,100.0,6933,Bajo,Alto,1947.26,93.5,0.22,-0.135
2025-03-27,FIN-01-L042,FIN-01,Rosa,Explorer,Invernadero,2024-11-18,129,1.54,73742,105,Microaspersión,Cascarilla,Cosecha,10010,85000,0.88,15.9,22.0,11.8,85.8,9.7,3.6,0.25,12.4,74.2,28,27,22.2,9.5,77.2,Medio,0,22.8,4.2,10.6,4,PED-01309,2025-02-25,2025-03-28,CLI-088,Exportador,Países Bajos,Preventa,9912,2426,0.387,0,Media,30,1,4313,3016,24.5,-6896,Alto,Bajo,499.22,38.8,0.45,0.007
2025-07-20,FIN-03-L037,FIN-03,Clavel,Nelson,Campo abierto,2025-04-26,85,0.4,86661,90,Goteo,Cascarilla,Botón,2600,105000,0.88,17.5,22.9,12.1,73.6,13.6,1.6,0.51,12.4,68.4,22,7,6.0,4.5,81.1,Medio,1,4.8,23.5,12.2,2,PED-01310,2025-07-06,2025-07-23,CLI-006,Exportador,Países Bajos,Preventa,10143,1586,0.323,10,Media,14,0,2598,1689,15.6,-8454,Alto,Bajo,280.18,32.7,0.28,-0.107
2025-12-24,FIN-04-L008,FIN-04,Clavel,Dover,Invernadero,2025-08-30,116,0.73,62117,90,Goteo,Cascarilla,Reposo,4745,105000,0.88,19.8,24.7,13.6,79.3,20.8,2.8,0.45,11.3,20.1,39,13,9.0,6.4,72.2,Bajo,1,17.3,10.9,12.1,1,PED-01311,2025-12-10,2025-12-29,CLI-106,Exportador,Estados Unidos,Marketplace,13085,2410,0.343,8,Media,14,1,4496,3002,18.4,-10083,Alto,Bajo,502.33,32.1,0.286,0.01
2025-03-03,FIN-02-L056,FIN-02,Rosa,Explorer,Invernadero,2024-11-09,114,1.42,60290,105,Microaspersión,Suelo,Cosecha,9230,85000,0.88,19.2,26.2,13.5,69.5,19.9,2.2,0.64,12.3,39.5,21,30,18.4,19.7,86.8,Medio,1,34.6,3.9,13.7,8,PED-01312,2025-02-01,2025-03-06,CLI-095,Mayorista,Países Bajos,Spot,5734,4469,0.485,5,Media,30,0,8108,5093,77.9,-641,Medio,Bajo,1188.59,18.6,0.325,0.073
2025-03-02,FIN-03-L059,FIN-03,Rosa,Freedom,Invernadero,2024-11-06,116,0.83,61241,105,Goteo,Cascarilla,Cosecha,5395,85000,0.88,16.0,20.3,10.6,65.3,10.4,3.9,0.61,11.3,53.1,25,16,10.2,8.5,85.5,Medio,1,6.6,17.0,9.9,5,PED-01313,2025-02-09,2025-03-07,CLI-106,Supermercado,Estados Unidos,Preventa,3193,2675,0.565,0,Baja,21,1,3529,2489,83.8,-704,Alto,Bajo,1067.45,45.8,0.42,-0.09
2025-11-22,FIN-02-L044,FIN-02,Clavel,Bizet,Campo abierto,2025-08-27,87,0.91,78662,90,Goteo,Cascarilla,Botón,5915,105000,0.88,18.8,24.6,12.5,72.4,14.9,0.0,0.57,12.6,35.9,26,20,9.6,7.8,97.4,Alto,1,4.4,4.8,6.0,13,PED-01314,2025-11-15,2025-11-24,CLI-084,Exportador,Países Bajos,Preventa,3290,3290,0.225,2,Media,7,0,8736,7369,100.0,4079,Bajo,Alto,351.87,78.4,0.104,-0.026
2025-12-22,FIN-03-L033,FIN-03,Rosa,Vendela,Invernadero,2025-09-04,109,1.35,70576,105,Microaspersión,Coco,Botón,8775,85000,0.88,18.6,26.0,12.5,61.1,14.1,6.3,0.8,12.0,47.8,38,24,21.1,11.9,71.1,Medio,1,35.0,30.0,19.3,3,PED-01315,2025-12-08,2025-12-24,CLI-002,Mayorista,Canadá,Contrato,8462,1565,0.627,5,Media,14,0,2865,1575,18.5,-6887,Alto,Bajo,676.95,0.0,0.295,0.088
2025-02-25,FIN-01-L008,FIN-01,Rosa,Vendela,Invernadero,2024-12-10,77,1.29,68576,105,Goteo,Suelo,Cosecha,8385,85000,0.88,16.2,22.6,10.8,59.7,15.8,4.5,0.72,12.3,61.8,17,27,17.3,13.2,72.3,Medio,1,7.7,14.8,14.7,17,PED-01316,2025-02-11,2025-03-01,CLI-065,Broker,Estados Unidos,Spot,4909,3439,0.421,2,Baja,14,0,6580,4500,70.1,-409,Medio,Bajo,710.24,34.2,0.214,-0.058
2025-06-23,FIN-02-L021,FIN-02,Clavel,Nelson,Invernadero,2025-04-04,80,0.25,88095,90,Goteo,Suelo,Botón,1625,105000,0.88,15.4,23.2,9.5,64.4,21.5,1.0,0.6,12.0,16.9,23,5,2.2,2.2,75.0,Medio,1,2.5,2.6,6.0,7,PED-01317,2025-05-09,2025-06-27,CLI-090,Exportador,Colombia,Contrato,5685,2804,0.312,0,Baja,45,0,3312,2815,49.3,-2870,Alto,Bajo,521.4,78.8,0.45,0.05
2025-09-12,FIN-02-L017,FIN-02,Rosa,Freedom,Invernadero,2025-06-12,92,0.65,67936,105,Goteo,Coco,Cosecha,4225,85000,0.88,15.8,22.5,10.6,83.2,19.6,0.0,0.29,11.1,27.6,31,10,8.1,6.4,80.9,Alto,0,15.5,3.5,8.2,17,PED-01318,2025-08-29,2025-09-15,CLI-061,Supermercado,Colombia,Marketplace,5126,4023,0.428,5,Alta,14,0,4905,3738,78.5,-1388,Alto,Bajo,971.96,56.1,0.295,0.135
2025-01-27,FIN-01-L049,FIN-01,Rosa,Freedom,Invernadero,2024-10-30,89,0.79,59332,105,Goteo,Coco,Vegetativo,5135,85000,0.88,16.2,20.5,9.5,76.2,22.7,0.1,0.42,12.0,30.6,35,17,10.6,6.1,84.3,Medio,1,26.5,6.7,10.7,9,PED-01319,2024-12-13,2025-02-01,CLI-085,Broker,Colombia,Marketplace,6598,3995,0.493,5,Baja,45,1,5897,3915,60.5,-2683,Alto,Bajo,1058.28,31.5,0.45,0.029
2025-05-20,FIN-03-L049,FIN-03,Gypsophila,Xlence,Invernadero,2025-03-28,53,1.2,97278,75,Goteo,Suelo,Botón,7800,78000,0.88,15.5,19.6,11.3,84.1,19.8,1.4,0.27,11.7,38.5,31,17,14.8,6.9,83.8,Medio,1,23.3,1.7,10.1,16,PED-01320,2025-04-20,2025-05-25,CLI-090,Exportador,Estados Unidos,Contrato,7648,5567,0.204,8,Media,30,0,6881,4988,72.8,-2660,Alto,Bajo,514.88,44.6,0.446,0.028
2025-07-22,FIN-04-L031,FIN-04,Rosa,Vendela,Invernadero,2025-04-23,90,0.45,65341,105,Microaspersión,Coco,Cosecha,2925,85000,0.88,18.1,23.1,11.8,73.5,21.2,2.6,0.53,11.4,24.6,33,11,7.1,3.8,92.0,Alto,1,19.4,3.8,8.6,5,PED-01321,2025-07-15,2025-07-24,CLI-110,Mayorista,Estados Unidos,Contrato,2658,2658,0.381,8,Media,7,0,4063,3030,100.0,372,Bajo,Bajo,417.37,52.1,0.086,0.035
2025-11-14,FIN-01-L030,FIN-01,Rosa,Mondial,Invernadero,2025-08-01,105,1.54,71987,105,Goteo,Cascarilla,Cosecha,10010,85000,0.88,14.2,20.1,8.6,72.5,13.2,3.6,0.43,12.2,63.6,33,27,17.0,16.2,81.5,Medio,1,28.3,2.3,11.6,10,PED-01322,2025-10-31,2025-11-16,CLI-007,Exportador,Estados Unidos,Marketplace,10082,4712,0.448,5,Media,14,0,7125,4858,46.7,-5224,Alto,Bajo,1052.62,32.9,0.295,-0.087
2025-01-28,FIN-04-L051,FIN-04,Clavel,Bizet,Invernadero,2024-12-29,30,0.37,82831,90,Goteo,Suelo,Vegetativo,2405,105000,0.88,16.5,23.7,12.1,64.8,16.6,1.1,0.64,11.4,51.3,19,8,4.5,2.5,75.3,Medio,1,13.1,11.7,10.9,9,PED-01323,2025-01-14,2025-02-01,CLI-077,Broker,España,Preventa,6021,522,0.212,2,Media,14,0,857,595,8.7,-5426,Alto,Bajo,56.05,40.0,0.304,0.078
2025-02-12,FIN-01-L053,FIN-01,Clavel,Bizet,Invernadero,2024-10-20,115,1.28,80789,90,Microaspersión,Cascarilla,Cosecha,8320,105000,0.88,16.8,24.4,10.6,68.7,14.6,0.0,0.58,11.9,50.3,27,23,19.3,11.6,82.8,Medio,1,5.9,5.6,6.9,17,PED-01324,2025-02-05,2025-02-17,CLI-024,Retail,Chile,Preventa,2417,2417,0.231,12,Alta,7,0,8373,6782,100.0,4365,Bajo,Alto,246.61,69.6,0.074,0.193
2025-03-17,FIN-01-L003,FIN-01,Clavel,Bizet,Campo abierto,2024-12-19,88,0.33,75252,90,Goteo,Coco,Vegetativo,2145,105000,0.88,16.5,22.3,11.1,61.4,11.0,0.7,0.7,12.7,64.2,36,7,4.6,4.5,93.4,Alto,1,35.0,5.7,13.7,14,PED-01325,2025-02-24,2025-03-22,CLI-003,Exportador,Estados Unidos,Contrato,9542,935,0.275,0,Media,21,1,1571,970,9.8,-8572,Alto,Bajo,150.21,17.0,0.38,0.051
2025-03-29,FIN-03-L009,FIN-03,Rosa,Freedom,Invernadero,2024-12-15,104,0.38,60657,105,Goteo,Suelo,Vegetativo,2470,85000,0.88,15.2,20.0,8.5,70.0,16.5,1.0,0.5,12.6,50.9,28,9,4.8,3.1,83.1,Medio,1,17.0,17.5,14.0,7,PED-01326,2025-03-15,2025-04-03,CLI-017,Mayorista,Colombia,Preventa,4272,1129,0.394,2,Media,14,0,2302,1427,26.4,-2845,Alto,Bajo,227.14,21.3,0.304,0.118
2025-01-01,FIN-01-L030,FIN-01,Rosa,Vendela,Invernadero,2024-10-25,68,1.77,70404,105,Goteo,Cascarilla,Vegetativo,11505,85000,0.88,15.7,20.6,11.0,83.8,15.9,0.0,0.28,11.7,48.3,28,32,19.9,18.6,100.0,Alto,1,1.9,5.1,6.0,1,PED-01327,2024-12-11,2025-01-03,CLI-090,Exportador,Estados Unidos,Contrato,10599,7731,0.446,5,Alta,21,0,9024,7749,72.9,-2850,Alto,Bajo,1793.95,82.1,0.365,-0.141
2025-12-23,FIN-02-L012,FIN-02,Clavel,Nelson,Invernadero,2025-10-22,62,0.4,81428,90,Goteo,Suelo,Botón,2600,105000,0.88,17.3,22.6,10.7,76.6,15.2,0.0,0.45,12.0,52.4,30,7,5.0,4.2,99.9,Medio,1,14.3,1.0,8.0,4,PED-01328,2025-11-23,2025-12-26,CLI-060,Exportador,Estados Unidos,Preventa,11965,1770,0.244,10,Media,30,0,2879,2329,14.8,-9636,Alto,Bajo,176.69,66.7,0.44,0.26
2025-08-26,FIN-04-L046,FIN-04,Rosa,Freedom,Invernadero,2025-04-02,146,1.65,52153,105,Goteo,Coco,Reposo,10725,85000,0.88,17.4,26.0,12.5,59.6,13.4,0.0,0.77,12.4,57.0,28,37,19.9,14.5,96.3,Medio,0,3.4,26.4,15.0,16,PED-01329,2025-08-05,2025-08-29,CLI-052,Broker,Países Bajos,Spot,3997,2604,0.475,5,Media,21,0,4939,3159,65.1,-838,Alto,Bajo,738.67,28.2,0.365,-0.083
2025-08-05,FIN-01-L049,FIN-01,Rosa,Vendela,Invernadero,2025-04-10,117,1.47,71267,105,Goteo,Cascarilla,Cosecha,9555,85000,0.88,18.8,27.5,14.0,67.5,15.2,0.9,0.67,12.2,48.3,40,22,15.0,13.8,87.4,Medio,0,2.7,5.4,4.5,6,PED-01330,2025-07-15,2025-08-09,CLI-116,Mayorista,Chile,Spot,3902,3902,0.438,2,Media,21,0,10498,8870,100.0,4968,Bajo,Alto,926.77,80.5,0.244,-0.3
2025-07-20,FIN-02-L019,FIN-02,Rosa,Vendela,Invernadero,2025-03-18,124,1.59,69935,105,Microaspersión,Cascarilla,Vegetativo,10335,85000,0.88,18.1,22.6,13.7,77.0,24.1,0.3,0.46,12.2,34.6,27,29,15.6,13.8,75.5,Alto,1,7.0,7.4,7.6,10,PED-01331,2025-07-06,2025-07-25,CLI-055,Retail,Colombia,Preventa,1459,1459,0.389,0,Media,14,1,15392,11988,100.0,10529,Bajo,Alto,328.56,62.0,0.18,0.062
2025-02-13,FIN-03-L021,FIN-03,Clavel,Bizet,Invernadero,2024-11-09,96,1.06,85538,90,Goteo,Coco,Cosecha,6890,105000,0.88,17.2,25.8,13.1,56.8,13.8,0.0,0.82,12.0,60.4,32,19,11.8,8.1,79.3,Alto,1,14.6,2.2,6.7,8,PED-01332,2025-02-06,2025-02-15,CLI-045,Supermercado,Estados Unidos,Contrato,4850,4850,0.245,0,Media,7,0,9400,7353,100.0,2503,Bajo,Alto,630.56,62.0,0.11,-0.064
2025-01-31,FIN-04-L032,FIN-04,Rosa,Freedom,Invernadero,2024-10-14,109,1.45,65880,105,Goteo,Coco,Vegetativo,9425,85000,0.88,12.9,18.8,6.9,86.9,14.8,3.3,0.25,12.4,57.4,31,29,15.6,9.6,89.8,Medio,1,21.7,7.4,10.8,10,PED-01333,2025-01-01,2025-02-03,CLI-033,Exportador,Chile,Spot,10772,4805,0.457,0,Media,30,1,6815,4717,44.6,-6055,Alto,Bajo,1371.83,38.3,0.45,0.11
2025-11-16,FIN-04-L018,FIN-04,Rosa,Vendela,Invernadero,2025-07-26,113,0.99,64775,105,Microaspersión,Coco,Cosecha,6435,85000,0.88,12.5,17.8,6.0,76.5,15.2,1.9,0.32,12.4,25.7,30,16,13.6,6.8,78.9,Medio,1,2.8,0.6,5.2,8,PED-01334,2025-10-26,2025-11-17,CLI-031,Retail,Estados Unidos,Contrato,2196,2196,0.54,0,Alta,21,0,6429,5602,100.0,3406,Bajo,Alto,806.61,84.0,0.25,0.018
2025-07-13,FIN-04-L048,FIN-04,Clavel,Bizet,Invernadero,2025-04-24,80,0.27,88408,90,Goteo,Suelo,Botón,1755,105000,0.88,17.9,22.7,13.8,72.8,18.3,3.6,0.54,12.4,52.1,25,5,4.0,1.8,69.7,Medio,1,1.8,11.1,8.1,1,PED-01335,2025-06-13,2025-07-14,CLI-085,Supermercado,Estados Unidos,Spot,3579,1628,0.209,10,Media,30,0,2601,2009,45.5,-1570,Alto,Bajo,102.86,61.2,0.44,0.049
2025-02-03,FIN-03-L026,FIN-03,Rosa,Explorer,Invernadero,2024-10-27,99,1.55,68343,105,Microaspersión,Suelo,Botón,10075,85000,0.88,14.5,21.8,8.5,88.5,15.1,1.2,0.25,12.7,56.5,23,30,12.5,14.9,75.2,Medio,1,23.5,7.8,12.7,11,PED-01336,2025-01-27,2025-02-04,CLI-115,Supermercado,Canadá,Contrato,7573,3801,0.586,0,Media,7,1,7094,4653,50.2,-2920,Alto,Bajo,1521.03,27.5,0.24,0.014
2025-09-08,FIN-04-L024,FIN-04,Clavel,Bizet,Invernadero,2025-07-19,51,0.75,89936,90,Goteo,Cascarilla,Botón,4875,105000,0.88,18.2,25.7,12.8,78.7,18.3,0.0,0.43,12.7,42.9,14,9,10.1,6.3,78.3,Medio,1,1.8,9.7,6.6,15,PED-01337,2025-08-09,2025-09-09,CLI-085,Broker,Países Bajos,Contrato,6179,3737,0.21,2,Media,30,0,4437,3542,60.5,-2637,Alto,Bajo,390.74,68.6,0.45,0.068
2025-05-30,FIN-03-L049,FIN-03,Rosa,Freedom,Invernadero,2025-01-09,141,1.71,68138,105,Goteo,Suelo,Botón,11115,85000,0.88,15.6,21.3,9.3,58.9,18.3,0.0,0.71,11.9,51.2,25,29,23.3,7.5,86.1,Medio,1,5.2,8.4,7.5,12,PED-01338,2025-05-16,2025-06-04,CLI-014,Exportador,Países Bajos,Spot,6320,6320,0.386,5,Media,14,0,9152,7254,100.0,934,Bajo,Bajo,1294.81,65.9,0.165,-0.009
2025-02-10,FIN-02-L013,FIN-02,Rosa,Explorer,Invernadero,2024-11-05,97,0.25,69473,105,Goteo,Coco,Reposo,1625,85000,0.88,14.0,18.1,9.3,75.3,18.6,4.5,0.38,12.2,32.2,36,5,3.0,2.1,96.2,Alto,0,1.5,13.5,6.6,17,PED-01339,2025-01-20,2025-02-15,CLI-119,Mayorista,Estados Unidos,Preventa,12443,1382,0.494,5,Alta,21,0,1761,1387,11.1,-11056,Alto,Bajo,392.52,67.8,0.365,0.077
2025-10-29,FIN-03-L034,FIN-03,Rosa,Mondial,Invernadero,2025-06-13,138,1.13,71152,105,Microaspersión,Suelo,Cosecha,7344,85000,0.88,16.6,21.3,11.0,71.3,21.6,0.2,0.52,12.2,20.8,29,21,17.2,11.8,70.4,Medio,1,14.5,25.8,12.4,16,PED-01340,2025-10-22,2025-11-01,CLI-023,Mayorista,Estados Unidos,Contrato,5253,2723,0.516,2,Baja,7,0,5684,3196,51.8,-2057,Alto,Bajo,842.28,12.6,0.274,0.036
2025-11-10,FIN-01-L022,FIN-01,Gypsophila,Xlence,Invernadero,2025-08-26,76,0.55,91977,75,Goteo,Coco,Cosecha,3575,78000,0.88,18.4,22.8,14.3,77.6,17.7,0.0,0.45,11.8,33.3,31,12,6.5,3.5,100.0,Medio,1,26.5,21.5,15.7,0,PED-01341,2025-10-11,2025-11-13,CLI-049,Mayorista,Países Bajos,Spot,2351,1211,0.213,5,Alta,30,0,2067,1136,51.5,-1215,Alto,Bajo,130.12,2.7,0.45,-0.115
2025-07-10,FIN-04-L006,FIN-04,Rosa,Explorer,Invernadero,2025-03-18,114,0.21,62644,105,Microaspersión,Cascarilla,Vegetativo,1365,85000,0.88,18.8,25.3,13.9,61.4,20.1,2.4,0.8,12.2,27.5,34,4,2.6,1.7,74.5,Medio,1,4.7,10.6,9.8,14,PED-01342,2025-06-10,2025-07-13,CLI-086,Broker,España,Contrato,7602,1401,0.493,8,Alta,30,0,1795,1359,18.4,-6243,Alto,Bajo,347.11,55.6,0.446,0.152
2025-09-29,FIN-03-L057,FIN-03,Rosa,Freedom,Invernadero,2025-06-26,95,0.7,70252,105,Microaspersión,Coco,Reposo,4550,85000,0.88,18.2,25.3,11.4,66.0,14.4,0.5,0.68,11.8,65.0,27,14,10.4,5.0,88.3,Medio,1,22.1,4.4,9.7,13,PED-01343,2025-09-22,2025-10-04,CLI-070,Mayorista,Estados Unidos,Preventa,5014,3338,0.551,2,Baja,7,1,4227,3029,66.6,-1985,Alto,Bajo,1212.31,44.2,0.274,0.165
2025-04-08,FIN-01-L039,FIN-01,Clavel,Dover,Campo abierto,2025-01-05,93,1.38,87648,90,Goteo,Cascarilla,Botón,8970,105000,0.88,16.6,24.3,12.1,70.1,21.4,4.3,0.55,12.0,49.6,10,30,18.0,10.7,73.6,Bajo,1,7.8,2.8,10.8,5,PED-01344,2025-03-25,2025-04-10,CLI-018,Broker,Canadá,Preventa,6163,6163,0.228,5,Media,14,0,18567,14783,100.0,8620,Bajo,Alto,633.7,60.6,0.165,-0.102
2025-06-26,FIN-02-L010,FIN-02,Rosa,Mondial,Invernadero,2025-02-04,142,0.25,76372,105,Microaspersión,Cascarilla,Cosecha,1625,85000,0.88,18.9,26.1,13.9,80.8,11.7,0.0,0.4,11.6,62.3,15,4,2.8,2.3,91.5,Alto,0,30.4,11.0,13.5,7,PED-01345,2025-06-05,2025-06-30,CLI-024,Broker,España,Preventa,6916,300,0.564,5,Media,21,1,548,329,4.3,-6587,Alto,Bajo,108.23,15.5,0.365,-0.062
2025-03-15,FIN-03-L039,FIN-03,Clavel,Dover,Invernadero,2025-01-06,68,1.11,78546,90,Goteo,Cascarilla,Reposo,7215,105000,0.88,13.7,19.4,9.2,71.4,11.3,0.0,0.43,12.0,47.0,29,24,10.3,7.6,93.1,Medio,1,6.7,5.7,7.4,11,PED-01346,2025-03-08,2025-03-20,CLI-104,Supermercado,Chile,Contrato,933,933,0.32,0,Media,7,0,5212,4235,100.0,3302,Bajo,Alto,194.57,69.8,0.11,0.013
2025-01-26,FIN-03-L048,FIN-03,Rosa,Vendela,Campo abierto,2024-09-17,131,0.82,61981,105,Microaspersión,Coco,Cosecha,5330,85000,0.88,19.2,27.5,13.9,84.3,18.1,0.0,0.33,11.4,37.9,28,15,10.7,4.3,83.4,Bajo,1,13.3,4.8,9.4,12,PED-01347,2025-01-12,2025-01-27,CLI-012,Supermercado,Estados Unidos,Spot,3997,2594,0.514,2,Media,14,1,4201,3203,64.9,-794,Alto,Bajo,850.12,55.3,0.304,0.11
2025-04-02,FIN-01-L020,FIN-01,Rosa,Vendela,Invernadero,2024-12-11,112,1.53,75224,105,Goteo,Cascarilla,Cosecha,9945,85000,0.88,14.4,23.2,10.1,65.8,17.6,0.6,0.54,12.1,67.4,43,25,17.6,18.2,78.4,Medio,0,24.0,3.6,7.9,4,PED-01348,2025-03-03,2025-04-05,CLI-081,Exportador,Canadá,Preventa,8620,5109,0.533,2,Media,30,0,8089,5735,59.3,-2885,Alto,Bajo,1761.91,44.0,0.45,0.109
2025-06-27,FIN-02-L033,FIN-02,Rosa,Freedom,Invernadero,2025-05-11,47,0.4,68297,105,Goteo,Cascarilla,Vegetativo,2600,85000,0.88,15.1,19.2,9.3,65.9,17.2,0.3,0.57,12.2,74.4,25,8,4.2,4.4,86.6,Medio,0,0.9,0.8,4.1,5,PED-01349,2025-06-06,2025-06-28,CLI-061,Exportador,Países Bajos,Contrato,8511,1368,0.545,5,Media,21,0,1621,1448,16.1,-7063,Alto,Bajo,481.24,90.6,0.365,0.065
2025-06-29,FIN-04-L041,FIN-04,Clavel,Dover,Campo abierto,2025-04-17,73,1.5,85446,90,Goteo,Coco,Cosecha,9750,105000,0.88,15.5,20.5,10.7,69.6,17.2,0.0,0.52,12.0,42.2,23,23,18.3,13.9,92.2,Alto,0,12.3,8.9,9.2,17,PED-01350,2025-06-22,2025-07-01,CLI-073,Broker,Estados Unidos,Spot,4632,4632,0.233,2,Alta,7,0,12782,9527,100.0,4895,Bajo,Alto,578.34,53.2,0.104,-0.126
2025-07-12,FIN-03-L017,FIN-03,Gypsophila,New Love,Invernadero,2025-06-04,38,1.44,96242,75,Goteo,Suelo,Vegetativo,9360,78000,0.88,13.6,18.1,8.4,57.1,14.0,0.0,0.64,12.4,53.9,29,29,21.0,14.1,90.6,Medio,1,16.5,1.5,8.2,10,PED-01351,2025-07-05,2025-07-16,CLI-114,Supermercado,Estados Unidos,Preventa,2817,1918,0.214,2,Media,7,0,3040,2376,68.1,-441,Medio,Bajo,241.8,60.1,0.104,-0.039
2025-08-06,FIN-01-L047,FIN-01,Gypsophila,Million Star,Invernadero,2025-05-09,89,0.39,96880,75,Goteo,Coco,Reposo,2535,78000,0.88,17.6,24.7,13.6,67.5,21.4,1.1,0.63,12.5,32.3,23,9,4.8,4.1,64.0,Medio,1,23.5,5.8,12.4,7,PED-01352,2025-07-23,2025-08-07,CLI-052,Exportador,Estados Unidos,Spot,6013,1709,0.23,2,Media,14,0,2560,1694,28.4,-4319,Alto,Bajo,212.17,28.4,0.304,0.091
2025-01-02,FIN-03-L033,FIN-03,Clavel,Nelson,Campo abierto,2024-11-02,61,0.42,81570,90,Goteo,Coco,Vegetativo,2730,105000,0.88,19.5,24.7,12.8,75.1,10.2,0.9,0.53,12.1,75.5,27,9,6.1,4.8,90.2,Medio,0,4.4,1.9,7.9,13,PED-01353,2024-11-18,2025-01-06,CLI-068,Exportador,Estados Unidos,Contrato,5497,925,0.321,5,Baja,45,1,1429,1217,16.8,-4280,Alto,Bajo,167.31,77.0,0.45,-0.02
2025-10-14,FIN-01-L011,FIN-01,Rosa,Vendela,Invernadero,2025-07-27,79,0.51,58246,105,Microaspersión,Suelo,Cosecha,3315,85000,0.88,16.4,21.9,11.5,61.1,19.9,0.4,0.7,11.8,23.3,22,8,5.8,5.6,78.3,Medio,0,10.7,14.0,11.7,13,PED-01354,2025-10-07,2025-10-19,CLI-119,Broker,Colombia,Preventa,3082,1802,0.454,0,Alta,7,0,2915,2012,58.5,-1070,Alto,Bajo,492.16,39.0,0.24,0.12
2025-10-20,FIN-03-L040,FIN-03,Gypsophila,New Love,Invernadero,2025-08-09,72,1.78,87318,75,Goteo,Cascarilla,Cosecha,11570,78000,0.88,15.0,20.2,8.1,61.8,17.9,0.0,0.63,11.8,44.2,30,32,23.4,11.9,77.3,Medio,1,8.2,0.3,5.1,4,PED-01355,2025-09-29,2025-10-25,CLI-094,Supermercado,Estados Unidos,Marketplace,1161,1161,0.16,5,Media,21,1,13020,10940,100.0,9779,Bajo,Alto,80.02,76.7,0.235,0.009
2025-08-12,FIN-01-L013,FIN-01,Clavel,Bizet,Invernadero,2025-05-09,95,0.84,74218,90,Goteo,Suelo,Reposo,5460,105000,0.88,18.5,23.1,11.6,63.4,17.0,6.0,0.74,12.3,45.1,16,14,7.5,8.2,89.4,Bajo,0,3.2,4.1,5.6,2,PED-01356,2025-06-28,2025-08-13,CLI-010,Retail,España,Marketplace,2079,2079,0.293,2,Media,45,0,8216,6983,100.0,4904,Bajo,Alto,385.11,80.0,0.45,-0.105
2025-01-01,FIN-01-L052,FIN-01,Rosa,Explorer,Invernadero,2024-08-19,135,0.24,64706,105,Goteo,Suelo,Cosecha,1560,85000,0.88,14.7,22.0,10.0,76.3,15.4,0.1,0.38,12.8,46.8,19,4,2.4,1.7,83.9,Medio,1,20.1,2.0,10.9,5,PED-01357,2024-11-17,2025-01-03,CLI-108,Broker,Estados Unidos,Preventa,7715,818,0.528,0,Media,45,1,1108,818,10.6,-6897,Alto,Bajo,269.24,46.9,0.45,0.001
2025-04-14,FIN-03-L002,FIN-03,Clavel,Dover,Invernadero,2024-12-04,131,0.33,86314,90,Microaspersión,Cascarilla,Botón,2145,105000,0.88,11.5,17.3,6.3,70.3,16.9,0.7,0.38,11.5,48.7,33,9,4.0,3.7,71.5,Alto,0,9.0,16.0,13.2,12,PED-01358,2025-03-31,2025-04-19,CLI-067,Broker,Colombia,Preventa,4085,803,0.323,0,Alta,14,1,1167,783,19.7,-3302,Alto,Bajo,165.77,33.6,0.31,0.184
2025-07-13,FIN-03-L034,FIN-03,Rosa,Vendela,Campo abierto,2025-03-26,109,0.8,57474,105,Goteo,Coco,Cosecha,5200,85000,0.88,18.2,26.4,13.3,92.6,19.1,0.0,0.25,11.8,44.9,27,19,8.7,7.1,93.9,Bajo,1,9.7,6.7,9.3,6,PED-01359,2025-06-29,2025-07-16,CLI-001,Broker,Estados Unidos,Preventa,7430,5528,0.434,5,Media,14,0,6720,5240,74.4,-2190,Alto,Bajo,1146.42,60.3,0.295,0.095
2025-03-18,FIN-02-L015,FIN-02,Rosa,Vendela,Invernadero,2024-12-05,103,1.21,80303,105,Goteo,Coco,Cosecha,7865,85000,0.88,17.9,24.0,12.3,63.3,21.4,0.7,0.72,12.1,49.5,29,24,10.1,10.2,71.2,Medio,1,27.0,30.0,17.8,12,PED-01360,2025-03-11,2025-03-22,CLI-035,Broker,Países Bajos,Spot,7262,2407,0.371,0,Media,7,1,4611,2536,33.1,-4726,Alto,Bajo,454.42,0.0,0.24,-0.108
2025-10-06,FIN-03-L019,FIN-03,Clavel,Nelson,Invernadero,2025-07-11,87,1.44,72679,90,Goteo,Cascarilla,Cosecha,9360,105000,0.88,19.7,28.0,15.5,67.2,13.0,0.5,0.71,12.3,65.0,26,28,17.3,10.6,76.3,Bajo,1,21.4,6.6,10.8,10,PED-01361,2025-09-22,2025-10-10,CLI-014,Supermercado,Canadá,Contrato,2129,2129,0.267,0,Media,14,0,7090,4870,100.0,2741,Bajo,Alto,353.34,36.5,0.18,-0.081
2025-09-26,FIN-01-L040,FIN-01,Rosa,Vendela,Invernadero,2025-06-05,113,1.55,68111,105,Goteo,Cascarilla,Cosecha,10075,85000,0.88,15.8,24.3,10.6,65.5,9.9,1.4,0.6,12.6,71.0,17,31,10.7,16.4,93.7,Medio,0,11.0,12.1,12.6,4,PED-01362,2025-08-27,2025-09-28,CLI-018,Retail,Canadá,Contrato,1596,1596,0.362,0,Alta,30,1,5470,3913,100.0,2317,Bajo,Alto,260.38,43.4,0.34,-0.055
2025-01-08,FIN-02-L017,FIN-02,Rosa,Freedom,Invernadero,2024-08-30,131,1.36,63436,105,Goteo,Coco,Botón,8840,85000,0.88,15.9,23.4,10.7,80.8,16.9,0.7,0.34,11.8,22.4,38,27,15.3,10.1,86.8,Medio,1,13.8,13.9,10.0,0,PED-01363,2024-12-09,2025-01-12,CLI-084,Mayorista,Colombia,Contrato,5665,4014,0.49,8,Media,30,1,6741,4636,70.9,-1029,Alto,Bajo,1038.4,40.5,0.446,0.014
2025-10-05,FIN-03-L004,FIN-03,Rosa,Explorer,Invernadero,2025-06-10,117,1.22,65989,105,Microaspersión,Coco,Cosecha,7930,85000,0.88,17.3,23.8,12.3,74.6,15.7,2.0,0.48,12.0,63.4,30,24,9.3,11.9,92.3,Bajo,0,31.4,1.2,12.4,8,PED-01364,2025-09-14,2025-10-10,CLI-090,Mayorista,Países Bajos,Preventa,5026,4433,0.482,2,Media,21,0,6059,4118,88.2,-908,Alto,Bajo,1223.72,31.3,0.374,0.059
2025-04-20,FIN-01-L026,FIN-01,Rosa,Explorer,Campo abierto,2024-12-11,130,0.44,69487,105,Microaspersión,Cascarilla,Vegetativo,2860,85000,0.88,16.6,20.7,10.0,83.3,19.7,1.8,0.3,12.0,38.7,20,11,5.6,4.0,100.0,Medio,1,3.2,13.1,7.9,16,PED-01365,2025-04-13,2025-04-21,CLI-111,Broker,España,Spot,8286,2072,0.416,5,Alta,7,1,3471,2705,25.0,-5581,Alto,Bajo,455.93,64.3,0.225,0.068
2025-10-11,FIN-04-L001,FIN-04,Clavel,Nelson,Invernadero,2025-07-28,75,1.24,74746,90,Microaspersión,Cascarilla,Reposo,8060,105000,0.88,16.8,22.0,12.5,66.7,12.1,0.1,0.62,12.0,40.5,35,25,14.5,12.4,75.8,Medio,1,8.5,16.4,10.4,3,PED-01366,2025-09-11,2025-10-16,CLI-105,Exportador,Chile,Contrato,7415,4595,0.255,12,Media,30,1,7414,5093,62.0,-2322,Alto,Bajo,463.25,40.6,0.434,-0.008
2025-04-07,FIN-02-L001,FIN-02,Rosa,Explorer,Invernadero,2024-12-28,100,1.53,62096,105,Goteo,Coco,Cosecha,9945,85000,0.88,14.9,20.1,9.2,71.0,16.5,0.0,0.48,12.2,59.0,36,28,23.1,13.3,100.0,Medio,0,21.2,1.1,9.7,4,PED-01367,2025-03-24,2025-04-12,CLI-008,Mayorista,Países Bajos,Contrato,4966,4966,0.473,2,Media,14,0,10991,8355,100.0,3389,Bajo,Alto,1394.57,53.3,0.174,-0.018
2025-03-11,FIN-02-L040,FIN-02,Rosa,Explorer,Invernadero,2024-10-07,155,1.42,67564,105,Microaspersión,Coco,Cosecha,9230,85000,0.88,17.3,21.8,12.2,68.9,17.2,3.6,0.59,11.5,41.8,27,37,10.7,12.7,80.3,Medio,1,7.5,0.6,7.2,13,PED-01368,2025-03-04,2025-03-12,CLI-038,Mayorista,Estados Unidos,Contrato,5529,4135,0.507,2,Baja,7,0,6436,5385,74.8,-144,Medio,Bajo,1325.58,73.6,0.144,0.059
2025-10-20,FIN-01-L039,FIN-01,Clavel,Dover,Campo abierto,2025-06-30,112,0.84,73660,90,Goteo,Cascarilla,Cosecha,5460,105000,0.88,19.2,26.8,14.0,81.6,13.8,4.1,0.39,11.7,68.8,22,15,9.4,5.2,85.8,Medio,1,3.4,12.1,7.5,3,PED-01369,2025-10-13,2025-10-21,CLI-097,Supermercado,Estados Unidos,Preventa,4287,4210,0.222,8,Alta,7,1,5440,4208,98.2,-79,Medio,Bajo,417.66,62.8,0.086,0.009
2025-04-10,FIN-01-L007,FIN-01,Rosa,Freedom,Invernadero,2024-12-11,120,1.48,72900,105,Goteo,Coco,Cosecha,9620,85000,0.88,20.4,27.4,14.0,88.6,18.9,0.0,0.26,13.2,35.8,29,30,21.5,13.1,92.7,Medio,0,16.6,20.6,14.8,7,PED-01370,2025-03-27,2025-04-15,CLI-007,Supermercado,Estados Unidos,Preventa,3974,3974,0.515,5,Media,14,0,6066,3664,100.0,-310,Medio,Bajo,1214.87,18.0,0.165,0.026
2025-06-04,FIN-01-L038,FIN-01,Clavel,Bizet,Invernadero,2025-02-23,101,0.76,85903,90,Goteo,Suelo,Vegetativo,4940,105000,0.88,14.3,22.8,10.2,59.7,19.9,0.0,0.63,11.9,38.8,34,12,4.4,7.7,98.0,Bajo,0,9.8,4.5,7.6,0,PED-01371,2025-05-21,2025-06-05,CLI-115,Supermercado,España,Preventa,2614,2614,0.241,2,Alta,14,0,6920,5589,100.0,2975,Bajo,Alto,353.81,68.1,0.174,-0.0
2025-07-30,FIN-02-L047,FIN-02,Rosa,Explorer,Campo abierto,2025-03-29,123,0.21,63355,105,Goteo,Coco,Botón,1365,85000,0.88,13.8,21.8,8.4,68.6,20.7,1.6,0.48,12.1,31.6,31,4,2.2,2.2,79.6,Bajo,1,2.1,27.4,12.9,3,PED-01372,2025-06-30,2025-08-01,CLI-033,Retail,Chile,Marketplace,1611,507,0.376,10,Alta,30,0,1002,632,31.5,-979,Alto,Bajo,83.01,28.8,0.44,0.152
2025-05-13,FIN-03-L003,FIN-03,Rosa,Vendela,Invernadero,2025-01-25,108,0.67,69721,105,Microaspersión,Cascarilla,Cosecha,4355,85000,0.88,16.1,21.2,10.8,91.5,17.3,7.4,0.25,12.1,34.6,35,13,9.3,9.3,75.9,Medio,1,33.7,6.1,14.0,9,PED-01373,2025-04-29,2025-05-18,CLI-046,Exportador,Estados Unidos,Contrato,10575,1923,0.447,12,Alta,14,1,4187,2528,18.2,-8047,Alto,Bajo,390.06,13.2,0.274,0.009
2025-09-26,FIN-04-L048,FIN-04,Rosa,Mondial,Invernadero,2025-04-21,158,1.06,61008,105,Goteo,Cascarilla,Reposo,6890,85000,0.88,12.8,20.0,6.1,56.2,10.9,2.8,0.62,12.0,64.9,31,23,10.6,12.4,85.3,Medio,0,0.1,4.3,4.0,1,PED-01374,2025-09-12,2025-09-28,CLI-011,Exportador,Estados Unidos,Preventa,9216,2203,0.556,5,Media,14,0,2600,2260,23.9,-6956,Alto,Bajo,731.46,86.3,0.295,-0.071
2025-05-24,FIN-01-L031,FIN-01,Rosa,Vendela,Invernadero,2025-02-22,91,0.52,55420,105,Microaspersión,Cascarilla,Cosecha,3380,85000,0.88,16.1,22.9,10.2,86.3,14.7,1.2,0.25,11.7,44.8,24,11,7.5,3.2,84.6,Bajo,0,27.5,7.0,11.6,13,PED-01375,2025-04-09,2025-05-25,CLI-005,Mayorista,Países Bajos,Contrato,4925,1388,0.403,8,Media,45,0,2251,1468,28.2,-3457,Alto,Bajo,240.52,27.8,0.45,0.09
2025-02-06,FIN-01-L025,FIN-01,Rosa,Vendela,Invernadero,2024-11-11,87,1.75,57154,105,Goteo,Coco,Vegetativo,11375,85000,0.88,16.5,21.4,11.4,86.6,13.6,0.0,0.25,11.6,71.0,29,32,18.1,14.0,99.6,Alto,0,4.5,10.8,6.9,17,PED-01376,2025-01-23,2025-02-10,CLI-046,Supermercado,Chile,Contrato,9554,7105,0.615,0,Alta,14,1,9804,7780,74.4,-1774,Alto,Bajo,2982.08,67.9,0.31,-0.075
2025-11-29,FIN-03-L051,FIN-03,Clavel,Bizet,Invernadero,2025-08-15,106,1.76,87662,90,Microaspersión,Coco,Cosecha,11440,105000,0.88,15.7,22.9,10.0,55.0,15.6,0.6,0.78,11.8,41.5,43,25,12.9,13.9,89.3,Medio,1,8.0,30.0,12.6,5,PED-01377,2025-10-30,2025-11-30,CLI-103,Retail,Colombia,Preventa,1213,1213,0.29,10,Media,30,0,8997,5271,100.0,4058,Bajo,Alto,168.5,19.7,0.31,-0.089
2025-12-14,FIN-02-L028,FIN-02,Rosa,Explorer,Invernadero,2025-08-30,106,0.56,64114,105,Goteo,Suelo,Cosecha,3640,85000,0.88,15.0,19.7,10.5,81.1,12.3,3.6,0.31,12.0,52.2,31,10,6.9,4.7,100.0,Medio,1,9.4,1.0,8.6,13,PED-01378,2025-11-30,2025-12-16,CLI-029,Exportador,Colombia,Spot,17554,2417,0.427,8,Alta,14,0,3214,2687,13.8,-14867,Alto,Bajo,481.01,72.3,0.286,-0.007
2025-07-05,FIN-03-L036,FIN-03,Rosa,Mondial,Invernadero,2025-03-26,101,1.25,54849,105,Microaspersión,Coco,Vegetativo,8125,85000,0.88,18.1,22.1,11.9,96.0,19.7,4.6,0.25,12.4,28.9,36,24,12.6,11.2,74.8,Bajo,1,26.9,12.5,12.3,16,PED-01379,2025-06-05,2025-07-07,CLI-042,Broker,Canadá,Marketplace,2562,2562,0.453,0,Media,30,0,8050,4823,100.0,2261,Bajo,Alto,666.99,16.5,0.34,-0.048
2025-12-23,FIN-02-L001,FIN-02,Rosa,Freedom,Invernadero,2025-08-01,144,0.84,64934,105,Goteo,Coco,Cosecha,5460,85000,0.88,18.2,23.6,12.1,80.1,12.1,3.6,0.4,12.1,65.9,24,16,10.1,6.8,94.0,Medio,1,16.2,17.6,14.3,15,PED-01380,2025-12-02,2025-12-24,CLI-085,Retail,Estados Unidos,Contrato,2652,1160,0.581,8,Media,21,1,1993,1263,43.7,-1389,Alto,Bajo,418.09,24.4,0.356,0.058
2025-06-17,FIN-03-L031,FIN-03,Rosa,Mondial,Invernadero,2025-01-01,167,1.19,61709,105,Goteo,Coco,Vegetativo,7735,85000,0.88,19.4,28.1,15.2,95.7,23.5,0.6,0.25,12.5,22.6,30,26,11.4,13.8,92.0,Bajo,1,5.1,4.5,8.1,6,PED-01381,2025-06-10,2025-06-21,CLI-076,Broker,Países Bajos,Contrato,5495,3306,0.533,5,Baja,7,1,4269,3534,60.2,-1961,Alto,Bajo,1122.62,72.1,0.265,0.133
2025-02-28,FIN-01-L033,FIN-01,Clavel,Nelson,Invernadero,2024-11-10,110,0.65,81543,90,Microaspersión,Cascarilla,Botón,4225,105000,0.88,13.7,18.2,7.8,79.9,17.7,4.0,0.3,12.6,42.7,24,16,8.6,7.2,75.4,Medio,1,8.5,7.6,7.8,10,PED-01382,2025-02-21,2025-03-02,CLI-043,Exportador,Países Bajos,Spot,6827,3997,0.28,5,Media,7,0,5036,3864,58.5,-2963,Alto,Bajo,577.78,59.2,0.225,0.089
2025-05-29,FIN-03-L023,FIN-03,Clavel,Nelson,Invernadero,2025-03-14,76,1.04,85239,90,Microaspersión,Cascarilla,Cosecha,6760,105000,0.88,13.7,19.2,9.0,74.2,12.1,0.0,0.39,12.1,61.7,23,17,10.2,4.4,79.8,Medio,1,6.7,13.3,9.0,10,PED-01383,2025-05-22,2025-06-03,CLI-114,Mayorista,Colombia,Preventa,4299,3334,0.253,0,Media,7,0,4575,3349,77.6,-950,Alto,Bajo,422.29,51.7,0.24,0.118
2025-12-20,FIN-04-L002,FIN-04,Gypsophila,Xlence,Invernadero,2025-09-22,89,0.24,91951,75,Microaspersión,Cascarilla,Reposo,1560,78000,0.88,20.4,26.2,16.1,88.0,12.2,1.0,0.27,11.9,58.4,23,4,3.0,1.0,80.2,Medio,1,27.0,12.0,14.0,12,PED-01384,2025-12-13,2025-12-21,CLI-044,Retail,Estados Unidos,Preventa,2267,346,0.18,8,Alta,7,0,668,401,15.3,-1866,Alto,Bajo,25.04,14.8,0.216,0.124
2025-08-26,FIN-04-L041,FIN-04,Rosa,Freedom,Invernadero,2025-05-30,88,1.05,69561,105,Microaspersión,Coco,Botón,6825,85000,0.88,16.2,24.5,10.7,66.9,14.7,0.0,0.59,12.4,65.7,26,17,10.5,6.8,94.1,Alto,1,30.5,30.0,21.5,16,PED-01385,2025-07-12,2025-08-29,CLI-107,Broker,Chile,Contrato,8007,1333,0.553,5,Alta,45,1,2295,1262,16.6,-6745,Alto,Bajo,455.76,0.0,0.45,0.11
2025-01-22,FIN-02-L031,FIN-02,Rosa,Explorer,Invernadero,2024-11-08,75,0.89,66938,105,Goteo,Coco,Botón,5785,85000,0.88,17.7,26.1,11.2,76.8,13.8,0.4,0.45,12.1,63.3,28,21,8.6,8.2,77.0,Alto,1,22.1,9.4,10.6,0,PED-01386,2025-01-08,2025-01-24,CLI-060,Exportador,Países Bajos,Preventa,11215,2364,0.5,2,Media,14,0,3694,2444,21.1,-8771,Alto,Bajo,674.54,31.9,0.304,0.092
2025-03-14,FIN-04-L033,FIN-04,Rosa,Explorer,Invernadero,2024-12-10,94,0.77,68136,105,Goteo,Coco,Cosecha,5005,85000,0.88,20.2,25.7,14.2,93.1,17.6,2.1,0.25,12.4,39.7,34,15,10.4,5.0,84.4,Alto,1,23.7,13.1,13.4,6,PED-01387,2025-02-12,2025-03-16,CLI-001,Exportador,Chile,Marketplace,10748,2510,0.405,0,Baja,30,1,3769,2332,23.4,-8416,Alto,Bajo,520.29,20.1,0.45,0.107
2025-02-18,FIN-04-L024,FIN-04,Rosa,Freedom,Invernadero,2024-10-26,115,0.5,63600,105,Goteo,Cascarilla,Botón,3250,85000,0.88,15.9,24.0,11.9,76.3,12.5,2.0,0.41,12.0,57.8,29,7,4.2,3.6,100.0,Alto,1,4.0,10.1,8.2,4,PED-01388,2025-02-04,2025-02-20,CLI-047,Mayorista,España,Contrato,4119,2164,0.558,0,Media,14,0,2851,2273,52.5,-1846,Alto,Bajo,835.66,67.0,0.31,-0.037
2025-06-27,FIN-02-L007,FIN-02,Clavel,Nelson,Invernadero,2025-04-04,84,0.33,85572,90,Microaspersión,Cascarilla,Cosecha,2145,105000,0.88,15.2,23.6,9.2,79.1,23.4,0.7,0.35,12.6,30.9,32,7,3.7,4.4,76.5,Medio,0,10.0,30.0,15.0,9,PED-01389,2025-06-13,2025-07-02,CLI-113,Mayorista,Países Bajos,Preventa,2986,1197,0.269,0,Alta,14,0,2583,1424,40.1,-1562,Alto,Bajo,184.3,8.6,0.31,-0.058
2025-02-28,FIN-01-L043,FIN-01,Rosa,Mondial,Invernadero,2024-10-19,132,1.16,68399,105,Microaspersión,Coco,Vegetativo,7539,85000,0.88,19.2,25.8,14.3,73.5,19.8,4.6,0.56,12.4,31.3,43,24,13.8,12.3,96.5,Bajo,1,10.9,5.0,6.6,15,PED-01390,2025-01-29,2025-03-03,CLI-046,Mayorista,Países Bajos,Preventa,6654,3966,0.505,0,Media,30,0,6000,4798,59.6,-1856,Alto,Bajo,1341.85,67.5,0.45,0.142
2025-03-30,FIN-04-L048,FIN-04,Rosa,Freedom,Invernadero,2025-01-04,85,1.07,72105,105,Microaspersión,Cascarilla,Reposo,6955,85000,0.88,20.1,27.6,15.6,70.4,14.8,1.7,0.65,12.2,52.8,36,20,9.8,9.9,94.3,Alto,1,9.0,24.2,12.3,17,PED-01391,2025-03-16,2025-04-01,CLI-083,Exportador,España,Preventa,7600,2191,0.535,10,Media,14,0,3429,2168,28.8,-5432,Alto,Bajo,646.82,28.8,0.28,0.004
2025-10-08,FIN-02-L057,FIN-02,Clavel,Bizet,Invernadero,2025-07-08,92,1.22,83967,90,Goteo,Suelo,Cosecha,7930,105000,0.88,15.1,20.3,10.9,77.5,9.7,0.3,0.37,12.0,80.0,37,20,15.1,5.3,81.1,Medio,1,6.9,0.1,6.1,15,PED-01392,2025-09-17,2025-10-12,CLI-026,Supermercado,Estados Unidos,Contrato,2974,2974,0.206,0,Alta,21,0,7695,6536,100.0,3562,Bajo,Alto,267.53,77.7,0.25,-0.014
2025-02-20,FIN-02-L020,FIN-02,Rosa,Explorer,Invernadero,2024-10-14,129,0.39,68081,105,Microaspersión,Coco,Cosecha,2535,85000,0.88,20.7,28.8,13.8,86.3,17.1,2.5,0.31,12.2,41.2,27,10,4.4,3.9,82.5,Alto,1,8.3,19.1,13.2,6,PED-01393,2025-01-21,2025-02-23,CLI-107,Retail,Colombia,Preventa,2275,1110,0.561,2,Media,30,1,1766,1169,48.8,-1106,Alto,Bajo,381.65,32.6,0.45,0.009
2025-07-25,FIN-01-L052,FIN-01,Clavel,Nelson,Invernadero,2025-03-21,126,0.96,84970,90,Goteo,Coco,Cosecha,6240,105000,0.88,13.6,18.5,6.9,71.3,24.7,4.9,0.43,12.4,27.3,23,18,12.9,7.6,95.0,Medio,0,14.7,3.7,6.5,14,PED-01394,2025-07-04,2025-07-30,CLI-033,Exportador,Colombia,Contrato,6594,6594,0.235,8,Media,21,0,7839,6163,100.0,-431,Medio,Bajo,643.47,64.0,0.226,-0.037
2025-08-25,FIN-02-L017,FIN-02,Rosa,Freedom,Invernadero,2025-05-03,114,0.93,61126,105,Goteo,Suelo,Reposo,6045,85000,0.88,18.1,26.5,12.7,64.2,19.5,0.1,0.71,12.4,47.3,33,20,12.7,8.4,86.3,Medio,1,4.2,4.7,8.0,6,PED-01395,2025-08-11,2025-08-28,CLI-079,Broker,Estados Unidos,Contrato,6267,6267,0.463,12,Media,14,0,9454,7813,100.0,1546,Bajo,Medio,1456.11,71.8,0.144,0.075
2025-01-07,FIN-02-L012,FIN-02,Rosa,Explorer,Invernadero,2024-10-24,75,1.13,64131,105,Microaspersión,Suelo,Reposo,7344,85000,0.88,19.4,28.0,13.6,78.3,15.0,5.6,0.46,11.8,51.9,26,24,18.3,9.0,69.6,Alto,1,16.3,7.4,8.2,11,PED-01396,2024-12-31,2025-01-12,CLI-005,Supermercado,Colombia,Preventa,4198,3059,0.523,8,Alta,7,0,4758,3401,72.9,-797,Alto,Bajo,842.81,46.3,0.216,0.052
2025-02-21,FIN-03-L005,FIN-03,Gypsophila,New Love,Invernadero,2024-11-03,110,1.72,94031,75,Microaspersión,Suelo,Cosecha,11180,78000,0.88,17.6,22.7,12.1,75.5,18.0,0.0,0.47,11.7,48.8,16,27,24.8,9.9,83.1,Bajo,1,28.0,16.6,19.3,11,PED-01397,2025-01-31,2025-02-24,CLI-033,Exportador,Canadá,Spot,5963,1893,0.155,2,Baja,21,0,4124,2268,31.7,-3695,Alto,Bajo,114.13,0.0,0.414,0.1
2025-06-17,FIN-03-L028,FIN-03,Rosa,Vendela,Invernadero,2025-03-27,82,1.12,69040,105,Microaspersión,Coco,Cosecha,7280,85000,0.88,18.2,26.5,12.8,65.0,12.4,0.6,0.7,12.5,50.9,40,17,17.5,10.1,82.3,Bajo,1,35.0,6.2,11.8,5,PED-01398,2025-05-27,2025-06-19,CLI-117,Supermercado,Países Bajos,Spot,3913,1419,0.374,5,Alta,21,0,3049,1861,36.3,-2052,Alto,Bajo,256.01,17.5,0.365,0.246
2025-09-04,FIN-03-L058,FIN-03,Clavel,Nelson,Invernadero,2025-05-06,121,0.87,93336,90,Goteo,Coco,Botón,5655,105000,0.88,16.5,22.5,10.0,67.3,13.6,0.0,0.59,12.0,46.3,27,13,9.9,7.9,95.6,Alto,0,3.8,3.3,5.4,15,PED-01399,2025-08-21,2025-09-09,CLI-084,Mayorista,Estados Unidos,Contrato,4729,4729,0.247,2,Baja,14,0,5428,4666,100.0,-63,Medio,Bajo,656.75,82.3,0.214,-0.006
2025-10-09,FIN-04-L058,FIN-04,Rosa,Mondial,Invernadero,2025-07-11,90,1.11,68304,105,Microaspersión,Cascarilla,Botón,7215,85000,0.88,15.4,22.6,10.3,78.3,13.8,3.2,0.37,11.6,56.3,29,21,14.2,11.5,76.0,Alto,0,1.2,8.6,7.0,7,PED-01400,2025-10-02,2025-10-13,CLI-088,Retail,Países Bajos,Contrato,1902,1902,0.47,10,Media,7,0,7323,5909,100.0,4007,Bajo,Alto,417.65,69.7,0.08,0.085
2025-06-18,FIN-04-L027,FIN-04,Rosa,Freedom,Invernadero,2025-02-15,123,0.38,53963,105,Goteo,Cascarilla,Botón,2470,85000,0.88,14.8,19.1,8.9,76.9,18.1,0.1,0.38,11.8,56.9,18,6,4.3,2.9,89.2,Alto,1,15.5,4.3,8.0,3,PED-01401,2025-05-19,2025-06-20,CLI-078,Broker,Estados Unidos,Contrato,5779,2012,0.461,0,Media,30,1,2576,1970,34.8,-3809,Alto,Bajo,512.8,57.4,0.45,-0.009
2025-03-06,FIN-04-L005,FIN-04,Gypsophila,Million Star,Invernadero,2024-12-05,91,1.07,94760,75,Goteo,Suelo,Cosecha,6955,78000,0.88,15.4,22.4,8.7,69.2,15.6,0.0,0.52,12.0,47.1,18,15,11.6,3.2,87.5,Medio,0,8.6,0.7,5.6,10,PED-01402,2025-02-13,2025-03-07,CLI-010,Exportador,Estados Unidos,Preventa,7223,4898,0.182,5,Media,21,1,6674,5625,67.8,-1598,Alto,Bajo,369.55,77.0,0.365,-0.09
2025-01-10,FIN-04-L029,FIN-04,Clavel,Dover,Invernadero,2024-10-15,87,1.25,85953,90,Microaspersión,Cascarilla,Botón,8125,105000,0.88,18.8,23.9,12.3,80.4,9.3,1.1,0.41,12.0,77.2,27,23,15.0,16.7,91.3,Alto,1,14.2,1.1,6.7,10,PED-01403,2024-12-20,2025-01-15,CLI-119,Exportador,Estados Unidos,Contrato,7904,6011,0.228,5,Media,21,0,8007,6449,76.1,-1455,Alto,Bajo,577.82,67.2,0.365,0.007
2025-12-27,FIN-04-L008,FIN-04,Clavel,Bizet,Invernadero,2025-11-15,42,1.12,87266,90,Goteo,Suelo,Botón,7280,105000,0.88,15.6,20.8,10.0,78.5,17.6,0.0,0.37,12.5,46.6,38,22,9.2,7.2,82.8,Medio,0,14.3,15.5,11.0,0,PED-01404,2025-11-12,2025-12-31,CLI-027,Exportador,España,Preventa,9143,2005,0.27,0,Alta,45,1,3715,2466,21.9,-6677,Alto,Bajo,294.82,34.3,0.45,0.025
2025-08-06,FIN-02-L003,FIN-02,Gypsophila,Million Star,Invernadero,2025-04-20,108,0.36,89799,75,Microaspersión,Coco,Cosecha,2340,78000,0.88,18.3,24.0,11.3,71.8,20.9,0.1,0.57,12.7,28.2,22,6,4.9,3.9,88.1,Medio,0,13.8,2.7,8.2,2,PED-01405,2025-07-30,2025-08-09,CLI-105,Exportador,Canadá,Preventa,9379,1145,0.162,5,Media,7,1,1642,1290,12.2,-8089,Alto,Bajo,66.32,61.4,0.225,-0.001
2025-09-26,FIN-01-L029,FIN-01,Rosa,Explorer,Invernadero,2025-05-24,125,1.56,62977,105,Microaspersión,Cascarilla,Cosecha,10140,85000,0.88,15.5,22.1,10.5,58.0,17.2,1.1,0.72,12.4,42.0,33,27,20.0,14.6,78.5,Medio,1,6.4,10.8,8.4,11,PED-01406,2025-09-19,2025-10-01,CLI-100,Mayorista,Canadá,Preventa,6987,6987,0.515,5,Media,7,0,10374,7833,100.0,846,Bajo,Bajo,2011.11,56.8,0.095,-0.085
2025-06-23,FIN-01-L022,FIN-01,Rosa,Freedom,Invernadero,2025-03-26,89,1.16,63175,105,Goteo,Cascarilla,Cosecha,7539,85000,0.88,16.4,22.4,9.6,56.8,8.4,0.0,0.78,12.3,71.9,45,22,18.5,9.0,73.5,Bajo,0,18.7,19.4,14.5,2,PED-01407,2025-05-24,2025-06-25,CLI-117,Mayorista,Estados Unidos,Preventa,6496,1211,0.359,5,Alta,30,0,2375,1384,18.6,-5112,Alto,Bajo,178.23,12.6,0.45,0.12
2025-07-19,FIN-03-L049,FIN-03,Rosa,Explorer,Invernadero,2025-04-23,87,0.94,60859,105,Goteo,Cascarilla,Cosecha,6110,85000,0.88,16.3,21.6,11.7,60.6,10.2,1.2,0.71,12.3,59.3,35,16,9.3,8.4,89.0,Medio,1,21.8,6.5,11.7,12,PED-01408,2025-06-28,2025-07-24,CLI-112,Exportador,Países Bajos,Contrato,9226,2513,0.557,0,Media,21,0,3582,2487,27.2,-6739,Alto,Bajo,985.87,37.4,0.38,0.047
2025-02-28,FIN-03-L004,FIN-03,Rosa,Mondial,Invernadero,2024-11-10,110,0.88,64742,105,Microaspersión,Suelo,Cosecha,5720,85000,0.88,13.5,21.8,6.8,55.9,16.8,5.4,0.65,11.8,41.5,22,16,9.5,7.5,88.6,Alto,1,7.9,19.6,13.0,10,PED-01409,2025-02-07,2025-03-02,CLI-003,Retail,España,Preventa,2097,2097,0.358,5,Media,21,1,5323,3552,100.0,1455,Bajo,Alto,315.62,34.4,0.235,-0.025
2025-06-02,FIN-04-L012,FIN-04,Gypsophila,Million Star,Invernadero,2025-03-19,75,1.38,92924,75,Goteo,Coco,Cosecha,8970,78000,0.88,15.7,20.3,11.2,90.9,14.7,0.0,0.25,11.6,56.7,36,28,13.4,13.9,83.6,Bajo,0,35.0,18.1,18.0,15,PED-01410,2025-05-19,2025-06-04,CLI-086,Supermercado,Países Bajos,Contrato,1007,1007,0.228,8,Media,14,0,3932,2162,100.0,1155,Bajo,Alto,129.52,0.0,0.156,-0.084
2025-01-27,FIN-01-L036,FIN-01,Rosa,Vendela,Campo abierto,2024-10-16,103,0.43,69264,105,Goteo,Suelo,Botón,2795,85000,0.88,16.0,22.8,9.2,70.3,11.7,0.0,0.52,12.2,47.3,30,9,6.0,2.8,91.0,Medio,1,3.4,13.3,7.6,15,PED-01411,2025-01-13,2025-01-30,CLI-069,Retail,Estados Unidos,Preventa,1524,1524,0.565,2,Media,14,1,2263,1739,100.0,215,Bajo,Bajo,560.03,62.1,0.174,-0.04
2025-04-25,FIN-04-L001,FIN-04,Rosa,Freedom,Campo abierto,2024-12-24,122,0.78,67881,105,Microaspersión,Coco,Cosecha,5070,85000,0.88,15.6,22.8,9.0,81.7,23.9,1.3,0.31,12.3,30.5,30,17,10.0,8.9,79.5,Medio,1,14.9,17.9,12.0,9,PED-01412,2025-03-11,2025-04-26,CLI-052,Mayorista,Estados Unidos,Preventa,4242,3412,0.542,0,Media,45,1,4965,3147,80.4,-1095,Alto,Bajo,1172.5,27.0,0.45,0.155
2025-09-24,FIN-04-L014,FIN-04,Rosa,Explorer,Invernadero,2025-06-07,109,1.02,73454,105,Goteo,Cascarilla,Vegetativo,6630,85000,0.88,17.5,23.3,11.3,68.0,21.0,0.0,0.62,12.8,42.9,35,23,13.7,10.1,79.9,Alto,1,4.0,8.9,8.5,8,PED-01413,2025-09-10,2025-09-27,CLI-027,Mayorista,Países Bajos,Preventa,8146,8146,0.404,5,Media,14,0,11420,8972,100.0,826,Bajo,Bajo,1638.95,63.2,0.165,-0.14
2025-05-09,FIN-01-L009,FIN-01,Rosa,Mondial,Invernadero,2025-01-18,111,1.23,56619,105,Microaspersión,Coco,Vegetativo,7995,85000,0.88,18.2,22.2,12.2,57.2,14.8,4.0,0.86,12.2,45.0,25,30,14.0,11.1,70.5,Medio,0,7.3,4.3,8.8,15,PED-01414,2025-05-02,2025-05-11,CLI-037,Retail,Colombia,Spot,4215,4215,0.511,5,Baja,7,0,9489,7516,100.0,3301,Bajo,Alto,1311.94,62.5,0.135,-0.034
2025-03-27,FIN-01-L017,FIN-01,Rosa,Explorer,Invernadero,2025-01-12,74,0.47,73248,105,Microaspersión,Suelo,Cosecha,3055,85000,0.88,20.2,28.8,15.6,79.7,9.7,0.0,0.45,12.3,51.7,29,11,6.0,5.3,99.2,Medio,1,12.5,12.2,8.2,4,PED-01415,2025-03-20,2025-03-30,CLI-057,Retail,Estados Unidos,Preventa,2217,660,0.532,2,Media,7,0,1095,798,29.8,-1419,Alto,Bajo,226.65,51.8,0.234,0.226
2025-06-12,FIN-03-L038,FIN-03,Rosa,Freedom,Invernadero,2025-02-16,116,1.44,62344,105,Goteo,Coco,Cosecha,9360,85000,0.88,16.7,25.5,11.0,61.9,7.0,0.2,0.7,11.5,66.1,26,29,18.3,7.4,78.9,Alto,1,11.1,5.1,9.1,3,PED-01416,2025-06-05,2025-06-14,CLI-062,Exportador,Estados Unidos,Spot,6947,3890,0.501,0,Media,7,0,5052,3890,56.0,-3057,Alto,Bajo,1191.59,57.4,0.24,0.106
2025-01-18,FIN-03-L042,FIN-03,Rosa,Vendela,Invernadero,2024-10-04,106,1.05,69349,105,Microaspersión,Cascarilla,Reposo,6825,85000,0.88,15.2,22.2,9.8,80.0,17.5,0.4,0.33,12.0,57.4,29,20,14.1,11.1,87.0,Medio,1,1.5,1.7,3.4,3,PED-01417,2025-01-04,2025-01-20,CLI-021,Supermercado,Canadá,Preventa,3817,3817,0.467,0,Media,14,1,12282,10879,100.0,7062,Bajo,Alto,1076.69,90.0,0.18,0.091
2025-01-27,FIN-04-L024,FIN-04,Clavel,Bizet,Campo abierto,2024-11-17,71,0.38,65998,90,Goteo,Suelo,Cosecha,2470,105000,0.88,14.6,20.7,8.8,63.8,24.8,0.5,0.58,12.1,5.0,33,8,3.8,3.1,98.2,Bajo,1,21.3,18.5,14.0,3,PED-01418,2025-01-06,2025-02-01,CLI-119,Exportador,Chile,Preventa,3370,1358,0.298,5,Baja,21,1,2518,1514,40.3,-1856,Alto,Bajo,224.17,17.6,0.405,0.085
2025-09-18,FIN-04-L003,FIN-04,Rosa,Freedom,Invernadero,2025-06-26,84,0.29,66799,105,Microaspersión,Suelo,Vegetativo,1884,85000,0.88,16.3,24.3,11.1,82.7,15.4,1.1,0.31,11.8,51.2,27,4,3.6,2.7,77.9,Bajo,1,35.0,15.9,17.5,15,PED-01419,2025-09-04,2025-09-19,CLI-020,Mayorista,Países Bajos,Spot,2695,449,0.56,0,Media,14,1,809,444,16.7,-2251,Alto,Bajo,176.09,0.0,0.31,0.148
2025-07-28,FIN-03-L006,FIN-03,Rosa,Freedom,Invernadero,2025-05-08,81,0.54,58049,105,Goteo,Suelo,Botón,3510,85000,0.88,16.0,21.8,9.1,68.2,12.2,2.9,0.56,11.9,68.7,26,8,5.8,6.2,82.9,Medio,0,15.5,6.0,9.2,3,PED-01420,2025-07-07,2025-07-29,CLI-116,Mayorista,Estados Unidos,Marketplace,5485,2037,0.403,5,Baja,21,1,2630,1946,37.1,-3539,Alto,Bajo,435.78,50.7,0.405,0.012
2025-12-10,FIN-01-L058,FIN-01,Rosa,Vendela,Invernadero,2025-08-17,115,0.89,64485,105,Goteo,Cascarilla,Vegetativo,5785,85000,0.88,17.6,24.9,12.8,47.5,10.8,3.6,1.02,12.0,68.4,28,18,9.3,7.6,76.3,Alto,1,35.0,0.4,11.9,11,PED-01421,2025-11-26,2025-12-15,CLI-081,Exportador,Canadá,Spot,14098,2760,0.401,0,Media,14,1,3840,2497,19.6,-11601,Alto,Bajo,632.31,24.5,0.31,0.078
2025-03-03,FIN-04-L011,FIN-04,Clavel,Dover,Invernadero,2024-12-24,69,0.8,87308,90,Microaspersión,Cascarilla,Reposo,5200,105000,0.88,16.1,22.5,9.8,80.8,13.9,0.0,0.34,12.7,53.0,33,18,10.7,8.1,93.2,Medio,1,8.7,1.8,3.7,2,PED-01422,2025-02-01,2025-03-08,CLI-052,Exportador,Estados Unidos,Preventa,5600,4124,0.296,2,Media,30,0,4996,4230,73.6,-1370,Alto,Bajo,779.45,80.6,0.45,-0.005
2025-08-31,FIN-03-L050,FIN-03,Rosa,Mondial,Invernadero,2025-04-19,134,1.26,52546,105,Goteo,Coco,Botón,8190,85000,0.88,17.2,24.4,10.8,80.6,17.2,0.5,0.37,12.1,41.0,30,19,13.8,12.4,83.4,Medio,0,35.0,7.0,14.9,14,PED-01423,2025-08-17,2025-09-03,CLI-077,Supermercado,Canadá,Preventa,3963,3181,0.449,0,Media,14,0,4884,2895,80.3,-1068,Alto,Bajo,777.92,10.1,0.31,0.031
2025-03-10,FIN-03-L035,FIN-03,Rosa,Mondial,Invernadero,2024-10-12,149,1.12,64163,105,Goteo,Suelo,Reposo,7280,85000,0.88,16.1,21.8,10.4,57.4,17.3,0.2,0.75,12.7,35.5,29,21,16.9,9.4,88.5,Medio,0,2.9,13.4,7.4,16,PED-01424,2025-02-08,2025-03-11,CLI-117,Mayorista,Países Bajos,Preventa,6299,3553,0.464,0,Alta,30,1,5443,4187,56.4,-2112,Alto,Bajo,994.04,62.4,0.45,-0.002
2025-02-21,FIN-03-L027,FIN-03,Gypsophila,Xlence,Invernadero,2024-11-12,101,0.87,91196,75,Goteo,Cascarilla,Botón,5655,78000,0.88,18.3,27.1,12.1,63.1,16.8,5.3,0.74,12.0,78.3,33,18,9.7,5.2,78.8,Alto,0,15.4,9.2,9.4,5,PED-01425,2025-01-22,2025-02-25,CLI-047,Mayorista,España,Contrato,3803,2922,0.175,10,Media,30,0,4344,3085,76.8,-718,Alto,Bajo,216.69,44.6,0.44,-0.004
2025-02-26,FIN-02-L020,FIN-02,Clavel,Dover,Invernadero,2024-12-25,63,1.67,86784,90,Goteo,Coco,Vegetativo,10855,105000,0.88,19.3,23.8,13.2,71.9,17.5,0.1,0.6,11.8,40.0,21,30,23.4,15.5,84.4,Bajo,0,21.4,7.9,12.7,1,PED-01426,2025-02-12,2025-03-03,CLI-100,Supermercado,Colombia,Preventa,2803,2803,0.301,0,Media,14,0,7935,5371,100.0,2568,Bajo,Alto,566.67,32.6,0.18,-0.096
2025-07-25,FIN-04-L032,FIN-04,Rosa,Mondial,Invernadero,2025-03-23,124,1.01,59755,105,Microaspersión,Suelo,Vegetativo,6565,85000,0.88,15.3,23.9,9.7,78.1,21.6,0.0,0.37,11.8,42.2,31,26,13.7,8.9,97.9,Bajo,1,10.9,4.1,7.4,7,PED-01427,2025-07-11,2025-07-28,CLI-076,Exportador,Colombia,Preventa,9950,5713,0.418,2,Media,14,0,7301,5878,57.4,-4072,Alto,Bajo,1327.65,67.5,0.304,0.059
2025-07-23,FIN-03-L014,FIN-03,Rosa,Explorer,Invernadero,2025-05-04,80,1.45,61535,105,Goteo,Cascarilla,Cosecha,9425,85000,0.88,14.6,19.6,8.3,61.7,21.2,0.9,0.62,12.1,28.5,25,34,13.3,11.3,63.4,Alto,1,0.3,0.2,8.9,11,PED-01428,2025-07-16,2025-07-27,CLI-120,Mayorista,Canadá,Spot,3497,3497,0.499,2,Baja,7,0,13121,11276,100.0,7779,Bajo,Alto,1024.7,76.4,0.144,0.031
2025-01-16,FIN-02-L013,FIN-02,Rosa,Freedom,Campo abierto,2024-08-22,147,1.18,72394,105,Goteo,Coco,Vegetativo,7670,85000,0.88,17.8,25.7,11.3,60.3,15.3,0.0,0.78,12.2,57.0,32,23,13.2,8.2,87.6,Medio,1,30.5,13.3,15.8,13,PED-01429,2025-01-02,2025-01-20,CLI-007,Exportador,España,Preventa,9115,1380,0.367,0,Alta,14,1,2869,1635,15.1,-7480,Alto,Bajo,233.06,6.1,0.31,0.164
2025-04-18,FIN-01-L009,FIN-01,Rosa,Freedom,Invernadero,2025-02-07,70,0.53,56166,105,Goteo,Coco,Cosecha,3445,85000,0.88,17.0,21.6,11.8,69.1,15.9,0.0,0.58,12.1,35.4,25,10,8.1,3.9,93.6,Bajo,1,4.6,1.9,6.3,6,PED-01430,2025-03-19,2025-04-21,CLI-076,Broker,Estados Unidos,Contrato,5507,2199,0.414,2,Baja,30,0,2795,2405,39.9,-3102,Alto,Bajo,454.08,80.9,0.45,-0.093
2025-04-15,FIN-03-L060,FIN-03,Clavel,Nelson,Campo abierto,2025-02-25,49,1.44,76052,90,Goteo,Coco,Reposo,9360,105000,0.88,12.2,17.5,5.9,77.4,18.7,1.9,0.3,11.7,28.1,36,29,20.8,10.9,76.5,Medio,1,2.1,10.6,6.9,14,PED-01431,2025-04-01,2025-04-19,CLI-086,Broker,Colombia,Preventa,4821,4821,0.248,0,Media,14,0,6302,4956,100.0,135,Bajo,Bajo,685.35,65.8,0.18,0.245
2025-11-11,FIN-01-L041,FIN-01,Rosa,Vendela,Invernadero,2025-07-20,114,1.44,64469,105,Goteo,Coco,Vegetativo,9360,85000,0.88,18.5,27.4,13.5,70.3,14.9,0.7,0.6,11.8,32.0,29,29,19.6,13.5,89.6,Medio,0,9.5,18.9,11.7,17,PED-01432,2025-10-21,2025-11-16,CLI-016,Mayorista,Chile,Preventa,5185,4411,0.419,0,Baja,21,0,7384,4944,85.1,-241,Medio,Bajo,1049.46,36.2,0.29,0.009
2025-11-17,FIN-02-L030,FIN-02,Rosa,Mondial,Invernadero,2025-08-04,105,1.77,60176,105,Microaspersión,Cascarilla,Cosecha,11505,85000,0.88,18.4,23.7,11.6,75.4,11.9,1.7,0.5,12.0,56.0,27,33,23.1,19.0,81.2,Medio,1,4.8,16.5,12.5,9,PED-01433,2025-10-27,2025-11-19,CLI-103,Supermercado,Estados Unidos,Spot,3941,3941,0.423,5,Media,21,0,8908,6283,100.0,2342,Bajo,Alto,776.36,42.6,0.235,-0.063
2025-09-03,FIN-04-L057,FIN-04,Rosa,Freedom,Invernadero,2025-05-21,105,1.57,59427,105,Microaspersión,Suelo,Cosecha,10205,85000,0.88,11.1,16.3,4.3,70.6,12.7,2.0,0.36,11.8,56.9,35,32,23.6,10.4,84.9,Alto,0,14.5,2.1,9.2,13,PED-01434,2025-08-13,2025-09-04,CLI-082,Exportador,Estados Unidos,Contrato,9095,5681,0.414,2,Alta,21,1,8240,6421,62.5,-2674,Alto,Bajo,1160.37,58.5,0.374,0.038
2025-09-23,FIN-01-L004,FIN-01,Clavel,Bizet,Invernadero,2025-07-14,71,1.18,80437,90,Goteo,Suelo,Cosecha,7670,105000,0.88,14.4,20.7,10.3,77.5,12.9,0.0,0.36,12.3,52.8,28,24,14.6,9.1,81.2,Medio,1,19.8,13.6,11.9,15,PED-01435,2025-09-09,2025-09-27,CLI-055,Mayorista,Estados Unidos,Contrato,4645,2639,0.262,10,Baja,14,0,4618,2960,56.8,-1685,Alto,Bajo,349.02,27.2,0.32,-0.119
2025-05-25,FIN-04-L029,FIN-04,Rosa,Freedom,Campo abierto,2025-01-26,119,1.03,65262,105,Goteo,Cascarilla,Botón,6695,85000,0.88,17.7,24.0,10.9,68.7,21.6,0.0,0.61,11.7,27.2,13,16,12.9,8.8,87.7,Medio,0,14.3,30.0,18.3,6,PED-01436,2025-05-18,2025-05-27,CLI-093,Exportador,Colombia,Contrato,8682,2585,0.394,8,Media,7,0,4971,2734,29.8,-5948,Alto,Bajo,438.44,0.0,0.216,0.181
2025-11-03,FIN-01-L021,FIN-01,Gypsophila,Xlence,Invernadero,2025-09-11,53,1.34,101300,75,Goteo,Cascarilla,Cosecha,8710,78000,0.88,16.0,20.1,11.7,59.0,11.2,0.9,0.72,12.3,70.0,22,21,17.3,12.0,87.4,Bajo,0,4.6,12.0,7.2,11,PED-01437,2025-10-27,2025-11-07,CLI-016,Exportador,Canadá,Preventa,5057,2583,0.168,0,Media,7,1,3979,3063,51.1,-1994,Alto,Bajo,213.82,62.3,0.24,-0.024
2025-11-28,FIN-04-L044,FIN-04,Rosa,Mondial,Invernadero,2025-08-07,113,1.35,63585,105,Goteo,Coco,Botón,8775,85000,0.88,17.5,23.0,11.3,63.6,19.5,0.0,0.7,12.3,36.8,28,25,15.9,15.8,100.0,Medio,0,9.4,15.0,9.4,6,PED-01438,2025-11-14,2025-11-30,CLI-040,Exportador,Estados Unidos,Contrato,10851,8240,0.389,5,Media,14,0,10955,7898,75.9,-2953,Alto,Bajo,1351.78,49.6,0.295,-0.035
2025-06-05,FIN-01-L004,FIN-01,Rosa,Explorer,Campo abierto,2024-12-31,156,1.3,61253,105,Goteo,Suelo,Cosecha,8450,85000,0.88,17.0,25.3,12.9,76.7,12.7,1.1,0.44,12.4,65.4,40,30,16.0,11.4,77.0,Alto,1,34.5,13.9,16.6,9,PED-01439,2025-05-06,2025-06-10,CLI-080,Supermercado,Colombia,Spot,4649,1262,0.468,0,Media,30,0,2296,1262,27.1,-3387,Alto,Bajo,349.78,0.0,0.45,0.047
2025-02-08,FIN-02-L010,FIN-02,Rosa,Freedom,Invernadero,2024-11-19,81,1.08,71763,105,Goteo,Suelo,Botón,7020,85000,0.88,15.5,22.4,8.8,72.0,9.4,2.7,0.48,12.1,58.7,28,14,11.8,9.8,72.2,Alto,0,15.8,1.8,7.8,1,PED-01440,2025-01-18,2025-02-10,CLI-103,Mayorista,Países Bajos,Preventa,12890,2628,0.453,2,Media,21,0,3801,2914,20.4,-9976,Alto,Bajo,654.74,56.8,0.374,0.16
2025-03-10,FIN-04-L041,FIN-04,Gypsophila,Million Star,Invernadero,2025-01-01,68,1.27,102770,75,Microaspersión,Cascarilla,Botón,8255,78000,0.88,16.8,22.6,12.4,84.1,16.9,0.0,0.29,11.9,60.7,30,26,15.6,9.4,100.0,Medio,1,4.6,11.4,8.9,12,PED-01441,2025-02-24,2025-03-14,CLI-103,Mayorista,España,Spot,1261,1261,0.239,0,Alta,14,1,9454,7379,100.0,6118,Bajo,Alto,175.45,62.8,0.18,-0.191
2025-06-11,FIN-04-L017,FIN-04,Rosa,Freedom,Invernadero,2025-03-03,100,0.49,69795,105,Microaspersión,Suelo,Cosecha,3185,85000,0.88,17.3,22.7,12.2,80.7,19.1,7.5,0.37,11.8,37.3,33,9,5.5,5.5,92.6,Medio,1,4.7,10.2,7.7,9,PED-01442,2025-05-21,2025-06-13,CLI-045,Mayorista,Estados Unidos,Spot,3958,2476,0.456,0,Media,21,0,4177,3287,62.6,-671,Medio,Bajo,629.39,65.1,0.25,0.0
2025-11-28,FIN-04-L022,FIN-04,Rosa,Vendela,Invernadero,2025-08-29,91,1.55,56856,105,Goteo,Suelo,Cosecha,10075,85000,0.88,16.2,23.5,10.2,67.4,10.3,7.2,0.58,12.6,61.0,26,30,17.3,17.4,100.0,Medio,0,21.8,10.9,12.7,14,PED-01443,2025-11-14,2025-12-03,CLI-091,Supermercado,Canadá,Spot,3413,3413,0.439,5,Alta,14,0,5734,3819,100.0,406,Bajo,Bajo,726.32,31.5,0.165,0.044
2025-04-23,FIN-02-L005,FIN-02,Rosa,Mondial,Campo abierto,2025-02-08,74,1.52,58172,105,Goteo,Suelo,Cosecha,9880,85000,0.88,16.0,23.3,11.4,86.7,18.9,0.0,0.25,11.9,30.1,24,34,12.2,15.5,77.5,Medio,1,35.0,24.0,21.2,17,PED-01444,2025-03-24,2025-04-24,CLI-069,Retail,España,Contrato,1317,1317,0.401,5,Media,30,1,3110,1710,100.0,393,Bajo,Medio,248.61,0.0,0.325,-0.133
2025-10-06,FIN-04-L060,FIN-04,Rosa,Freedom,Invernadero,2025-07-09,89,0.56,71855,105,Microaspersión,Coco,Botón,3640,85000,0.88,15.3,24.1,9.4,66.2,17.3,1.9,0.57,11.9,45.5,23,9,6.6,3.7,89.1,Alto,1,6.7,25.4,12.5,10,PED-01445,2025-09-06,2025-10-07,CLI-022,Broker,España,Spot,8774,1714,0.549,10,Alta,30,1,3261,2056,19.5,-6718,Alto,Bajo,537.32,28.5,0.44,0.017
2025-11-07,FIN-02-L037,FIN-02,Clavel,Dover,Invernadero,2025-07-10,120,0.42,71046,90,Microaspersión,Coco,Cosecha,2730,105000,0.88,18.0,25.2,11.3,63.7,14.8,2.1,0.72,12.4,45.6,24,7,4.8,3.4,96.2,Medio,1,1.4,2.8,4.0,14,PED-01446,2025-10-24,2025-11-12,CLI-049,Mayorista,Canadá,Contrato,1925,1789,0.322,0,Media,14,0,2462,2177,92.9,252,Bajo,Bajo,385.81,89.5,0.18,-0.113
2025-09-17,FIN-04-L041,FIN-04,Rosa,Freedom,Invernadero,2025-05-24,116,0.85,72007,105,Goteo,Coco,Botón,5525,85000,0.88,16.5,22.6,10.1,57.0,14.8,1.0,0.78,12.2,56.1,23,16,14.0,7.2,76.3,Medio,1,13.2,11.4,9.8,4,PED-01447,2025-09-10,2025-09-21,CLI-072,Retail,Países Bajos,Preventa,1330,1330,0.359,12,Alta,7,0,5102,3580,100.0,2250,Bajo,Alto,193.04,42.9,0.074,0.018
2025-02-12,FIN-02-L028,FIN-02,Gypsophila,Million Star,Invernadero,2024-11-15,89,1.14,89110,75,Microaspersión,Coco,Cosecha,7409,78000,0.88,14.6,21.9,8.7,74.4,18.0,0.2,0.41,12.0,59.2,32,20,13.5,6.9,74.9,Medio,1,15.4,6.1,11.5,9,PED-01448,2025-02-05,2025-02-14,CLI-120,Supermercado,Estados Unidos,Contrato,3825,3825,0.187,5,Alta,7,0,6612,4778,100.0,953,Bajo,Medio,363.22,43.9,0.095,0.012
2025-08-20,FIN-01-L031,FIN-01,Rosa,Mondial,Invernadero,2025-05-19,93,0.63,71935,105,Goteo,Cascarilla,Cosecha,4095,85000,0.88,15.1,21.6,9.8,78.5,14.9,6.4,0.36,12.3,48.9,23,13,7.8,6.1,85.9,Alto,1,35.0,5.7,12.6,10,PED-01449,2025-07-06,2025-08-23,CLI-080,Exportador,Estados Unidos,Preventa,11263,1696,0.448,0,Alta,45,0,2514,1545,15.1,-9718,Alto,Bajo,467.63,17.5,0.45,0.052
2025-01-29,FIN-03-L038,FIN-03,Rosa,Mondial,Invernadero,2024-09-15,136,1.71,73823,105,Goteo,Cascarilla,Botón,11115,85000,0.88,15.1,22.6,9.5,67.8,11.4,0.0,0.53,12.0,69.1,23,37,19.6,16.2,89.0,Bajo,1,31.2,1.1,15.0,13,PED-01450,2024-12-15,2025-01-31,CLI-107,Mayorista,Estados Unidos,Spot,2835,2593,0.393,5,Media,45,1,4505,3009,91.5,174,Bajo,Bajo,528.54,25.4,0.45,0.216
2025-12-26,FIN-01-L025,FIN-01,Rosa,Vendela,Campo abierto,2025-09-17,100,0.68,71191,105,Goteo,Coco,Vegetativo,4420,85000,0.88,16.3,24.5,9.7,75.3,16.7,5.0,0.44,12.6,43.5,18,11,9.4,6.6,84.1,Alto,1,10.8,5.1,7.6,11,PED-01451,2025-12-05,2025-12-31,CLI-036,Retail,Chile,Preventa,2793,2793,0.553,8,Media,21,0,5174,4051,100.0,1258,Bajo,Alto,925.99,62.3,0.226,-0.1
2025-10-25,FIN-02-L031,FIN-02,Gypsophila,Million Star,Invernadero,2025-08-16,70,0.35,97833,75,Goteo,Suelo,Cosecha,2275,78000,0.88,17.0,25.8,10.4,73.9,13.4,0.0,0.49,11.8,53.6,23,8,5.7,2.4,95.1,Alto,1,6.5,2.0,6.0,5,PED-01452,2025-10-11,2025-10-30,CLI-069,Exportador,Colombia,Preventa,8470,2474,0.187,0,Media,14,0,2785,2370,29.2,-6100,Alto,Bajo,213.23,79.1,0.31,0.109
2025-12-07,FIN-01-L033,FIN-01,Rosa,Vendela,Invernadero,2025-09-21,77,0.44,80934,105,Goteo,Coco,Cosecha,2860,85000,0.88,17.6,24.0,11.5,56.0,18.9,0.0,0.85,12.2,33.5,23,7,4.8,3.8,86.6,Medio,1,19.5,0.1,8.5,15,PED-01453,2025-11-16,2025-12-08,CLI-024,Mayorista,Chile,Marketplace,10026,2180,0.54,2,Alta,21,1,2811,2163,21.7,-7863,Alto,Bajo,715.86,56.4,0.374,-0.104
2025-03-22,FIN-04-L046,FIN-04,Rosa,Freedom,Invernadero,2024-10-18,155,1.23,70741,105,Goteo,Coco,Cosecha,7995,85000,0.88,18.6,25.7,14.4,55.0,13.5,1.9,0.92,12.1,46.4,30,27,14.6,11.3,92.7,Medio,0,30.0,12.3,14.6,6,PED-01454,2025-02-20,2025-03-26,CLI-107,Retail,Canadá,Preventa,2291,1485,0.385,2,Media,30,1,2459,1453,64.8,-838,Alto,Bajo,318.33,12.1,0.45,0.013
2025-09-10,FIN-03-L020,FIN-03,Rosa,Vendela,Invernadero,2025-06-12,90,1.13,61885,105,Goteo,Suelo,Cosecha,7344,85000,0.88,15.1,23.0,10.1,59.8,9.4,2.1,0.67,12.1,72.4,31,22,10.8,6.4,85.4,Medio,1,29.8,16.8,16.0,8,PED-01455,2025-08-27,2025-09-14,CLI-053,Exportador,Países Bajos,Preventa,8190,1134,0.438,12,Media,14,0,2259,1242,13.8,-6948,Alto,Bajo,228.64,0.8,0.274,-0.055
2025-04-01,FIN-04-L034,FIN-04,Gypsophila,New Love,Invernadero,2025-01-07,84,1.32,85466,75,Goteo,Cascarilla,Cosecha,8580,78000,0.88,18.6,23.2,12.5,89.5,7.8,0.0,0.25,12.0,61.8,28,21,17.1,10.8,89.1,Medio,1,4.3,17.0,10.5,17,PED-01456,2025-03-18,2025-04-05,CLI-109,Supermercado,Estados Unidos,Contrato,1727,1727,0.176,0,Alta,14,0,3252,2342,100.0,615,Bajo,Alto,129.05,48.7,0.18,0.157
2025-04-17,FIN-01-L057,FIN-01,Rosa,Mondial,Invernadero,2025-01-17,90,0.53,61012,105,Goteo,Cascarilla,Botón,3445,85000,0.88,16.2,24.4,10.2,78.0,17.9,5.1,0.39,11.8,52.1,28,9,5.2,3.9,79.4,Medio,1,5.1,23.4,12.1,5,PED-01457,2025-04-10,2025-04-22,CLI-020,Broker,Países Bajos,Contrato,9655,1641,0.409,0,Media,7,0,3059,1982,17.0,-7673,Alto,Bajo,367.03,32.2,0.24,0.115
2025-07-01,FIN-01-L022,FIN-01,Rosa,Vendela,Invernadero,2025-03-27,96,0.96,65504,105,Goteo,Coco,Cosecha,6240,85000,0.88,13.6,19.0,7.4,84.5,10.5,0.0,0.25,11.9,70.3,30,17,8.7,9.6,94.0,Medio,1,3.7,4.0,7.2,9,PED-01458,2025-06-01,2025-07-04,CLI-024,Retail,Países Bajos,Contrato,742,742,0.556,5,Media,30,0,4538,3839,100.0,3097,Bajo,Alto,258.86,77.2,0.325,0.006
2025-02-07,FIN-02-L032,FIN-02,Rosa,Explorer,Invernadero,2024-09-22,138,1.3,58410,105,Goteo,Cascarilla,Botón,8450,85000,0.88,16.1,21.3,10.8,73.7,16.2,0.7,0.47,12.6,40.8,38,29,16.2,8.1,92.5,Alto,0,30.3,3.5,10.7,7,PED-01459,2025-01-24,2025-02-10,CLI-109,Exportador,Países Bajos,Contrato,19433,3919,0.553,5,Baja,14,0,5499,3711,20.2,-15722,Alto,Bajo,1321.65,33.0,0.335,-0.005
2025-03-20,FIN-03-L050,FIN-03,Gypsophila,New Love,Invernadero,2024-12-30,80,1.34,88883,75,Goteo,Coco,Reposo,8710,78000,0.88,11.7,17.8,6.2,75.7,14.9,0.0,0.31,12.3,31.8,43,28,17.3,14.9,85.4,Alto,1,1.5,16.0,7.8,5,PED-01460,2025-02-27,2025-03-21,CLI-091,Exportador,Estados Unidos,Preventa,12814,4114,0.208,2,Media,21,0,6227,4683,32.1,-8131,Alto,Bajo,440.88,58.9,0.374,0.101
2025-02-13,FIN-04-L026,FIN-04,Rosa,Explorer,Invernadero,2024-10-29,107,1.45,67740,105,Microaspersión,Cascarilla,Botón,9425,85000,0.88,17.6,24.2,10.9,59.6,21.6,5.7,0.78,12.7,37.6,23,29,16.5,10.8,79.8,Medio,0,15.0,9.8,12.6,11,PED-01461,2025-01-30,2025-02-14,CLI-112,Broker,España,Spot,16132,9619,0.608,0,Media,14,0,13881,9661,59.6,-6471,Alto,Bajo,4008.54,37.8,0.31,0.109
2025-08-07,FIN-01-L016,FIN-01,Clavel,Nelson,Invernadero,2025-05-01,98,1.07,76510,90,Microaspersión,Suelo,Cosecha,6955,105000,0.88,14.4,18.7,9.6,75.5,14.6,0.1,0.39,11.9,51.0,20,19,12.0,10.5,89.5,Medio,0,6.7,15.5,10.5,15,PED-01462,2025-07-17,2025-08-09,CLI-035,Supermercado,Países Bajos,Spot,1350,1350,0.317,0,Media,21,0,7033,5051,100.0,3701,Bajo,Alto,265.96,47.7,0.25,-0.049
2025-08-26,FIN-02-L014,FIN-02,Rosa,Vendela,Campo abierto,2025-05-21,97,0.4,68166,105,Goteo,Cascarilla,Cosecha,2600,85000,0.88,17.5,23.3,12.2,89.8,17.4,0.2,0.25,11.8,52.1,22,9,4.7,3.7,95.2,Medio,1,10.5,14.2,11.6,14,PED-01463,2025-08-19,2025-08-31,CLI-027,Mayorista,Países Bajos,Preventa,3998,1590,0.532,8,Media,7,0,2563,1812,39.8,-2186,Alto,Bajo,450.66,43.4,0.216,0.055
2025-12-27,FIN-04-L021,FIN-04,Rosa,Vendela,Invernadero,2025-10-07,81,1.54,68719,105,Goteo,Cascarilla,Botón,10010,85000,0.88,19.4,24.4,14.3,57.8,16.3,2.9,0.9,11.6,52.7,27,33,17.7,16.8,77.9,Alto,1,3.4,7.5,8.5,4,PED-01464,2025-12-13,2025-12-28,CLI-046,Exportador,Colombia,Contrato,14249,6362,0.537,5,Media,14,1,10115,8076,44.6,-6173,Alto,Bajo,2166.08,65.6,0.295,-0.013
2025-01-31,FIN-02-L045,FIN-02,Rosa,Mondial,Invernadero,2024-11-10,82,1.05,75915,105,Microaspersión,Suelo,Botón,6825,85000,0.88,18.6,23.7,12.7,86.5,24.0,3.0,0.28,12.0,27.9,24,22,16.8,7.7,74.3,Alto,1,7.1,2.8,6.5,3,PED-01465,2025-01-17,2025-02-05,CLI-106,Broker,España,Preventa,7615,7615,0.545,0,Media,14,1,12233,10010,100.0,2395,Bajo,Medio,2627.84,70.8,0.18,-0.076
2025-11-04,FIN-04-L011,FIN-04,Rosa,Freedom,Invernadero,2025-07-01,126,0.65,79790,105,Microaspersión,Suelo,Botón,4225,85000,0.88,17.7,22.5,10.9,79.8,16.4,0.5,0.39,11.7,54.5,26,13,8.4,4.6,74.6,Medio,1,13.9,18.1,11.9,16,PED-01466,2025-10-14,2025-11-09,CLI-114,Mayorista,Países Bajos,Spot,5812,1774,0.465,8,Alta,21,1,2912,1845,30.5,-3967,Alto,Bajo,437.88,27.0,0.356,-0.022
2025-06-19,FIN-04-L002,FIN-04,Rosa,Vendela,Invernadero,2025-03-30,81,0.32,57813,105,Microaspersión,Coco,Botón,2080,85000,0.88,18.3,22.6,13.9,83.9,20.7,0.0,0.32,12.2,14.1,35,4,4.1,4.4,94.4,Alto,1,8.3,12.7,9.7,5,PED-01467,2025-06-05,2025-06-22,CLI-018,Supermercado,Países Bajos,Preventa,2673,1928,0.427,0,Media,14,0,2491,1841,72.1,-832,Alto,Bajo,480.1,52.6,0.31,-0.04
2025-12-16,FIN-03-L046,FIN-03,Rosa,Explorer,Invernadero,2025-10-31,46,0.93,65158,105,Microaspersión,Cascarilla,Botón,6045,85000,0.88,13.1,21.3,6.7,87.3,16.2,0.8,0.25,11.9,48.3,35,18,10.5,7.2,89.6,Medio,1,31.2,26.5,19.2,8,PED-01468,2025-12-09,2025-12-20,CLI-023,Exportador,Chile,Spot,19780,402,0.409,2,Baja,7,0,865,475,2.0,-19305,Alto,Bajo,80.22,0.0,0.274,-0.04
2025-04-20,FIN-02-L006,FIN-02,Clavel,Bizet,Invernadero,2025-03-01,50,1.04,85640,90,Microaspersión,Suelo,Vegetativo,6760,105000,0.88,18.2,22.3,12.4,53.1,13.2,3.2,0.94,11.9,54.6,20,22,12.8,5.0,91.9,Medio,1,35.0,4.0,13.5,4,PED-01469,2025-04-06,2025-04-21,CLI-117,Mayorista,España,Preventa,4758,2111,0.219,10,Media,14,1,3203,2020,44.4,-2738,Alto,Bajo,163.45,19.6,0.28,0.19
2025-04-22,FIN-03-L052,FIN-03,Clavel,Nelson,Invernadero,2025-01-18,94,1.46,80835,90,Goteo,Cascarilla,Botón,9490,105000,0.88,15.4,22.7,9.2,66.9,14.3,0.0,0.56,12.1,59.3,30,27,18.4,13.2,86.0,Medio,1,6.3,9.9,7.1,17,PED-01470,2025-03-23,2025-04-24,CLI-048,Exportador,Estados Unidos,Preventa,8160,8160,0.283,2,Media,30,0,10936,8481,100.0,321,Bajo,Bajo,1439.11,62.9,0.334,0.069
2025-02-22,FIN-04-L002,FIN-04,Gypsophila,Million Star,Invernadero,2024-12-17,67,1.24,78477,75,Microaspersión,Coco,Botón,8060,78000,0.88,15.0,23.4,10.6,61.5,19.4,3.0,0.64,11.8,39.2,27,27,14.3,10.9,90.3,Medio,1,20.6,17.8,11.8,11,PED-01471,2025-02-08,2025-02-25,CLI-065,Retail,Países Bajos,Spot,664,664,0.223,8,Alta,14,0,6358,3891,100.0,3227,Bajo,Alto,80.45,22.3,0.156,0.0
2025-05-22,FIN-02-L029,FIN-02,Rosa,Mondial,Invernadero,2025-02-15,96,1.32,69627,105,Goteo,Coco,Botón,8580,85000,0.88,15.4,24.0,10.0,70.5,15.8,0.5,0.5,11.5,44.0,25,23,17.4,9.1,92.3,Medio,1,16.6,2.3,9.3,0,PED-01472,2025-05-01,2025-05-26,CLI-077,Exportador,Estados Unidos,Contrato,8038,6776,0.525,0,Media,21,0,9121,7042,84.3,-996,Medio,Bajo,2249.46,56.9,0.25,0.106
2025-06-16,FIN-01-L047,FIN-01,Rosa,Explorer,Invernadero,2025-02-07,129,1.43,68040,105,Goteo,Suelo,Cosecha,9295,85000,0.88,17.5,21.6,10.8,71.1,13.2,1.4,0.56,12.0,66.3,26,32,17.4,11.1,88.1,Medio,0,11.3,19.4,14.1,4,PED-01473,2025-06-02,2025-06-20,CLI-088,Retail,Estados Unidos,Contrato,2325,2325,0.501,10,Media,14,0,6048,3893,100.0,1568,Bajo,Alto,668.0,27.5,0.15,0.103
2025-06-29,FIN-02-L044,FIN-02,Gypsophila,Xlence,Invernadero,2025-04-16,74,1.19,96448,75,Microaspersión,Coco,Cosecha,7735,78000,0.88,17.8,26.6,11.5,79.1,22.9,1.7,0.41,12.1,21.6,36,21,15.5,12.0,84.7,Medio,1,4.3,0.7,4.7,8,PED-01474,2025-06-15,2025-07-01,CLI-022,Broker,Estados Unidos,Spot,3281,3281,0.184,8,Media,14,0,15399,13389,100.0,10108,Bajo,Alto,226.8,84.2,0.156,0.167
2025-01-27,FIN-02-L009,FIN-02,Clavel,Dover,Invernadero,2024-10-11,108,1.22,74650,90,Goteo,Suelo,Vegetativo,7930,105000,0.88,15.7,22.0,11.1,58.5,19.5,0.8,0.72,11.4,39.7,33,16,16.4,15.6,83.7,Medio,0,18.5,17.1,12.5,7,PED-01475,2025-01-13,2025-01-30,CLI-024,Mayorista,Estados Unidos,Preventa,4757,4757,0.212,0,Media,14,0,8890,5519,100.0,762,Bajo,Medio,494.29,23.1,0.18,0.047
2025-02-20,FIN-02-L008,FIN-02,Rosa,Mondial,Campo abierto,2024-11-05,107,0.4,62031,105,Goteo,Coco,Vegetativo,2600,85000,0.88,20.2,29.0,13.8,89.7,21.8,7.8,0.25,12.7,38.6,23,7,5.4,2.6,83.9,Medio,0,13.7,11.6,9.7,8,PED-01476,2025-02-06,2025-02-25,CLI-036,Mayorista,Estados Unidos,Preventa,5734,2102,0.565,5,Alta,14,1,3507,2472,36.7,-3262,Alto,Bajo,730.89,44.0,0.295,-0.038
2025-07-17,FIN-02-L005,FIN-02,Clavel,Bizet,Invernadero,2025-06-05,42,0.51,84209,90,Microaspersión,Coco,Cosecha,3315,105000,0.88,17.2,23.8,11.5,74.7,15.6,3.9,0.48,12.7,54.9,33,8,5.1,4.5,89.0,Bajo,1,26.7,30.0,17.3,15,PED-01477,2025-07-03,2025-07-21,CLI-092,Broker,Estados Unidos,Spot,7147,393,0.257,5,Media,14,0,757,416,5.5,-6731,Alto,Bajo,55.8,0.0,0.295,0.014
2025-08-02,FIN-02-L013,FIN-02,Rosa,Explorer,Invernadero,2025-05-14,80,0.58,70296,105,Microaspersión,Cascarilla,Botón,3769,85000,0.88,18.4,24.9,12.9,75.8,10.0,0.0,0.49,12.2,77.3,13,10,6.1,5.1,98.4,Medio,1,14.7,18.1,11.0,11,PED-01478,2025-07-26,2025-08-06,CLI-004,Exportador,España,Preventa,9181,728,0.434,0,Baja,7,0,1274,836,7.9,-8345,Alto,Bajo,187.48,33.8,0.28,-0.038
2025-08-11,FIN-01-L012,FIN-01,Clavel,Bizet,Invernadero,2025-04-22,111,1.29,74476,90,Goteo,Coco,Botón,8385,105000,0.88,18.6,24.8,11.9,69.7,9.3,1.5,0.62,12.1,61.4,25,20,17.5,13.7,90.1,Medio,1,3.1,1.5,4.0,4,PED-01479,2025-07-12,2025-08-15,CLI-112,Mayorista,Estados Unidos,Spot,4250,4250,0.23,0,Baja,30,0,7301,6413,100.0,2163,Bajo,Alto,552.97,87.5,0.38,0.007
2025-04-01,FIN-04-L033,FIN-04,Gypsophila,Million Star,Campo abierto,2024-12-15,107,1.32,96328,75,Goteo,Suelo,Botón,8580,78000,0.88,12.7,19.3,5.9,70.4,11.7,0.4,0.41,12.0,60.8,30,29,18.0,14.8,68.3,Medio,1,21.9,12.7,13.0,11,PED-01480,2025-02-15,2025-04-05,CLI-064,Supermercado,España,Preventa,1386,1211,0.172,0,Baja,45,0,1774,1096,87.4,-290,Alto,Bajo,97.74,20.1,0.45,0.014
2025-06-21,FIN-04-L028,FIN-04,Rosa,Explorer,Invernadero,2025-02-20,121,0.7,65756,105,Goteo,Suelo,Botón,4550,85000,0.88,15.8,23.8,9.8,55.4,9.2,0.7,0.78,11.7,58.3,30,17,9.2,5.0,93.7,Medio,1,4.2,4.2,6.8,10,PED-01481,2025-05-07,2025-06-22,CLI-003,Broker,Estados Unidos,Preventa,8300,1733,0.477,5,Baja,45,0,2582,2175,20.9,-6125,Alto,Bajo,463.64,77.0,0.45,0.138
2025-06-15,FIN-02-L048,FIN-02,Gypsophila,Million Star,Invernadero,2025-03-05,102,1.39,99428,75,Goteo,Coco,Botón,9035,78000,0.88,16.8,25.7,11.6,58.2,20.3,0.0,0.77,11.9,57.0,13,21,15.5,13.1,100.0,Alto,1,20.4,8.1,12.5,9,PED-01482,2025-05-16,2025-06-16,CLI-056,Mayorista,Estados Unidos,Preventa,2701,2701,0.233,8,Alta,30,0,7720,5387,100.0,2686,Bajo,Alto,313.98,38.0,0.316,0.151
2025-12-28,FIN-04-L046,FIN-04,Rosa,Mondial,Invernadero,2025-07-25,156,1.25,57347,105,Goteo,Coco,Cosecha,8125,85000,0.88,17.1,22.5,11.9,55.9,15.5,1.1,0.83,12.5,59.3,33,27,15.7,16.4,93.2,Medio,1,4.4,6.8,6.8,4,PED-01483,2025-12-14,2026-01-01,CLI-009,Mayorista,Estados Unidos,Spot,10934,3361,0.48,10,Alta,14,1,5378,4411,30.7,-6523,Alto,Bajo,793.76,72.7,0.28,0.033
2025-01-09,FIN-03-L035,FIN-03,Clavel,Nelson,Invernadero,2024-10-02,99,1.22,93231,90,Goteo,Cascarilla,Vegetativo,7930,105000,0.88,13.2,20.9,7.0,62.8,10.6,2.0,0.54,11.6,78.1,38,22,10.8,9.3,93.3,Medio,0,6.2,0.7,6.0,8,PED-01484,2024-12-26,2025-01-10,CLI-034,Mayorista,Estados Unidos,Preventa,3666,3666,0.222,0,Media,14,0,6429,5538,100.0,1872,Bajo,Alto,385.91,81.0,0.18,-0.036
2025-07-14,FIN-02-L017,FIN-02,Rosa,Explorer,Invernadero,2025-03-04,132,1.76,72077,105,Goteo,Suelo,Botón,11440,85000,0.88,18.5,27.2,12.9,92.9,20.9,2.8,0.25,12.7,18.7,24,38,25.4,11.7,94.2,Medio,1,14.4,10.0,13.5,16,PED-01485,2025-06-30,2025-07-15,CLI-029,Broker,Estados Unidos,Contrato,8898,5858,0.385,2,Alta,14,1,10122,7174,65.8,-1724,Alto,Bajo,1014.35,40.0,0.304,0.169
2025-08-04,FIN-03-L001,FIN-03,Rosa,Vendela,Invernadero,2025-04-11,115,0.66,68568,105,Microaspersión,Suelo,Cosecha,4290,85000,0.88,20.4,27.6,15.8,71.0,17.0,2.3,0.65,11.3,50.7,24,12,8.4,5.0,87.3,Bajo,1,19.9,1.4,8.8,14,PED-01486,2025-07-05,2025-08-06,CLI-070,Exportador,Países Bajos,Contrato,7192,2600,0.474,5,Baja,30,1,3637,2751,36.2,-4441,Alto,Bajo,694.94,53.4,0.45,-0.064
2025-10-10,FIN-02-L005,FIN-02,Rosa,Mondial,Invernadero,2025-06-25,107,0.52,63350,105,Goteo,Coco,Vegetativo,3380,85000,0.88,17.4,21.9,10.5,66.9,22.9,0.0,0.63,11.6,39.2,31,10,7.5,4.1,89.9,Medio,0,23.0,7.5,11.1,10,PED-01487,2025-09-26,2025-10-13,CLI-103,Supermercado,Países Bajos,Preventa,4939,2606,0.558,5,Media,14,0,5046,3443,52.8,-1496,Alto,Bajo,872.59,35.7,0.295,0.082
2025-11-27,FIN-01-L025,FIN-01,Clavel,Nelson,Invernadero,2025-08-09,110,1.0,84294,90,Goteo,Coco,Cosecha,6500,105000,0.88,16.2,20.3,9.2,73.9,19.1,0.0,0.47,11.9,33.6,25,19,13.5,8.9,78.3,Medio,0,5.2,11.9,9.5,17,PED-01488,2025-10-28,2025-12-02,CLI-046,Retail,España,Spot,1278,1278,0.268,8,Media,30,1,8832,6614,100.0,5336,Bajo,Alto,169.85,54.5,0.316,-0.06
2025-12-10,FIN-01-L038,FIN-01,Rosa,Vendela,Campo abierto,2025-08-30,102,1.59,43579,105,Microaspersión,Suelo,Vegetativo,10335,85000,0.88,17.7,26.4,11.1,73.7,14.1,0.0,0.51,12.6,48.1,16,41,30.0,20.6,97.0,Medio,0,13.7,5.5,14.3,8,PED-01489,2025-12-03,2025-12-11,CLI-043,Exportador,Países Bajos,Preventa,18916,8416,0.531,2,Alta,7,0,10205,7639,44.5,-11277,Alto,Bajo,2792.05,46.8,0.234,-0.037
2025-03-05,FIN-01-L019,FIN-01,Rosa,Freedom,Invernadero,2024-12-20,75,0.25,67703,105,Microaspersión,Suelo,Vegetativo,1625,85000,0.88,14.4,18.8,8.3,59.5,13.7,0.0,0.64,12.1,37.3,31,4,2.4,1.9,79.0,Medio,1,2.9,24.3,11.7,4,PED-01490,2025-01-19,2025-03-06,CLI-065,Broker,Países Bajos,Contrato,7557,571,0.465,0,Media,45,1,950,622,7.6,-6935,Alto,Bajo,155.35,34.7,0.45,0.204
2025-08-11,FIN-01-L007,FIN-01,Rosa,Explorer,Invernadero,2025-05-09,94,0.67,60612,105,Goteo,Coco,Cosecha,4355,85000,0.88,18.3,26.8,13.2,64.1,12.0,0.0,0.72,12.1,55.9,27,15,7.4,5.9,76.1,Medio,0,13.8,2.6,7.8,7,PED-01491,2025-08-04,2025-08-16,CLI-053,Exportador,Canadá,Marketplace,8191,2641,0.534,0,Media,7,0,3485,2705,32.2,-5486,Alto,Bajo,870.81,59.4,0.24,0.043
2025-01-05,FIN-02-L032,FIN-02,Gypsophila,Xlence,Invernadero,2024-11-09,57,1.0,78687,75,Goteo,Coco,Reposo,6500,78000,0.88,18.9,23.1,13.3,89.7,21.3,1.0,0.25,11.9,15.2,21,19,8.8,7.5,92.8,Medio,1,15.2,4.5,10.1,6,PED-01492,2024-12-06,2025-01-08,CLI-020,Supermercado,Canadá,Contrato,1267,1267,0.166,2,Alta,30,1,6896,5242,100.0,3975,Bajo,Alto,78.31,54.0,0.334,-0.142
2025-08-04,FIN-02-L036,FIN-02,Rosa,Mondial,Invernadero,2025-04-29,97,1.09,72926,105,Microaspersión,Suelo,Botón,7085,85000,0.88,16.6,23.4,12.4,79.2,14.4,0.7,0.38,12.4,60.9,30,23,11.2,13.5,77.6,Medio,1,6.9,8.0,8.2,2,PED-01493,2025-07-14,2025-08-07,CLI-071,Exportador,Canadá,Contrato,6816,5632,0.465,2,Alta,21,1,7756,6006,82.6,-810,Medio,Bajo,1503.71,60.5,0.244,0.064
2025-10-30,FIN-04-L043,FIN-04,Rosa,Mondial,Campo abierto,2025-07-17,105,0.78,59578,105,Goteo,Suelo,Botón,5070,85000,0.88,12.0,17.0,5.3,48.5,13.2,1.7,0.68,11.9,50.1,32,15,8.5,5.8,89.3,Medio,1,12.6,12.5,7.7,5,PED-01494,2025-09-15,2025-11-01,CLI-050,Mayorista,Países Bajos,Spot,5404,2836,0.44,8,Media,45,0,3618,2597,52.5,-2807,Alto,Bajo,642.63,49.8,0.45,0.094
2025-05-29,FIN-02-L007,FIN-02,Rosa,Explorer,Invernadero,2025-02-23,95,1.05,71889,105,Goteo,Suelo,Vegetativo,6825,85000,0.88,17.6,24.2,11.2,77.3,16.7,6.4,0.44,12.5,40.9,34,22,12.1,11.3,76.9,Medio,0,2.8,16.3,7.3,11,PED-01495,2025-05-15,2025-05-30,CLI-047,Exportador,Estados Unidos,Preventa,6856,5087,0.43,12,Alta,14,0,7792,5731,74.2,-1125,Medio,Bajo,1051.37,55.5,0.144,-0.024
2025-03-07,FIN-01-L040,FIN-01,Rosa,Mondial,Invernadero,2024-12-19,78,1.48,53376,105,Goteo,Cascarilla,Vegetativo,9620,85000,0.88,16.5,22.3,11.1,79.2,18.3,0.4,0.38,12.7,46.7,22,27,15.5,15.8,94.3,Bajo,1,7.2,8.3,11.3,12,PED-01496,2025-01-21,2025-03-10,CLI-018,Broker,Estados Unidos,Preventa,8198,6680,0.416,2,Media,45,0,8086,6262,81.5,-1936,Alto,Bajo,1495.26,57.3,0.45,0.126
2025-06-03,FIN-01-L060,FIN-01,Rosa,Explorer,Invernadero,2025-02-13,110,1.33,67076,105,Goteo,Coco,Vegetativo,8645,85000,0.88,17.9,23.0,12.3,57.0,15.0,3.0,0.85,12.2,30.7,24,25,20.1,11.9,94.2,Bajo,0,3.3,1.8,5.3,13,PED-01497,2025-05-04,2025-06-06,CLI-110,Broker,Colombia,Spot,7643,7017,0.413,5,Media,30,0,9087,7940,91.8,297,Bajo,Bajo,1381.82,85.1,0.325,0.082
2025-09-05,FIN-04-L040,FIN-04,Gypsophila,New Love,Invernadero,2025-06-19,78,1.17,92554,75,Microaspersión,Coco,Botón,7604,78000,0.88,15.1,20.0,9.6,63.1,24.4,0.1,0.61,12.5,27.3,27,22,15.7,10.3,71.4,Medio,1,21.4,6.8,10.8,1,PED-01498,2025-07-22,2025-09-10,CLI-114,Mayorista,Chile,Spot,300,300,0.202,12,Alta,45,1,9147,6223,100.0,5923,Bajo,Alto,28.45,35.0,0.45,0.031
2025-04-11,FIN-04-L041,FIN-04,Rosa,Mondial,Invernadero,2025-01-03,98,0.27,56283,105,Goteo,Cascarilla,Vegetativo,1755,85000,0.88,16.0,22.8,9.6,59.8,17.8,10.3,0.71,12.5,32.0,32,4,2.4,2.9,77.3,Medio,0,11.9,30.0,14.2,7,PED-01499,2025-04-04,2025-04-16,CLI-088,Mayorista,Colombia,Preventa,4207,586,0.396,0,Media,7,1,1269,697,13.9,-3510,Alto,Bajo,124.87,7.8,0.24,-0.073
2025-08-27,FIN-01-L041,FIN-01,Gypsophila,Million Star,Invernadero,2025-05-13,106,0.88,103399,75,Goteo,Suelo,Cosecha,5720,78000,0.88,14.3,21.5,9.0,60.6,9.9,0.0,0.62,12.0,73.8,29,16,9.8,8.8,90.0,Alto,1,35.0,8.7,13.9,5,PED-01500,2025-08-20,2025-09-01,CLI-086,Mayorista,Estados Unidos,Preventa,3796,598,0.184,0,Media,7,0,1339,789,15.8,-3007,Alto,Bajo,54.34,11.3,0.24,-0.05
2025-12-25,FIN-02-L013,FIN-02,Rosa,Mondial,Invernadero,2025-09-18,98,1.69,60181,105,Goteo,Suelo,Vegetativo,10985,85000,0.88,18.9,26.0,12.8,64.0,11.4,5.2,0.75,12.5,58.9,23,35,24.7,11.3,69.0,Medio,1,21.5,8.3,15.2,16,PED-01501,2025-12-18,2025-12-28,CLI-003,Mayorista,Países Bajos,Preventa,9518,4143,0.507,0,Media,7,0,5933,3843,43.5,-5675,Alto,Bajo,1385.44,22.8,0.24,0.197
2025-10-12,FIN-01-L044,FIN-01,Rosa,Freedom,Campo abierto,2025-07-18,86,1.28,62790,105,Microaspersión,Coco,Vegetativo,8320,85000,0.88,17.5,22.6,12.7,89.5,8.7,0.0,0.25,12.2,71.1,24,31,10.6,7.9,71.5,Medio,1,19.3,16.5,13.8,14,PED-01502,2025-10-05,2025-10-17,CLI-060,Mayorista,Canadá,Marketplace,2330,1935,0.534,5,Alta,7,1,3185,1922,83.0,-408,Medio,Bajo,662.28,17.1,0.095,0.175
2025-12-09,FIN-02-L005,FIN-02,Rosa,Explorer,Invernadero,2025-08-08,123,1.54,61670,105,Goteo,Suelo,Botón,10010,85000,0.88,15.4,19.6,8.8,72.3,16.3,0.0,0.47,12.0,33.8,33,39,22.2,12.1,70.3,Bajo,1,9.2,7.4,11.0,9,PED-01503,2025-11-25,2025-12-11,CLI-074,Supermercado,Estados Unidos,Marketplace,6756,6111,0.556,5,Media,14,0,9513,7105,90.5,349,Bajo,Bajo,2162.97,50.5,0.165,-0.046
2025-09-08,FIN-01-L033,FIN-01,Clavel,Nelson,Invernadero,2025-06-10,90,1.15,74290,90,Goteo,Suelo,Cosecha,7474,105000,0.88,13.3,17.3,7.5,62.1,15.8,4.7,0.55,12.2,59.1,29,24,15.6,12.8,81.9,Medio,1,15.3,6.6,9.6,15,PED-01504,2025-08-18,2025-09-12,CLI-035,Mayorista,Países Bajos,Preventa,6234,5618,0.311,0,Baja,21,0,8974,6586,90.1,352,Bajo,Bajo,1051.04,49.0,0.29,0.074
2025-11-28,FIN-01-L012,FIN-01,Rosa,Freedom,Invernadero,2025-08-05,115,1.6,52847,105,Microaspersión,Cascarilla,Cosecha,10400,85000,0.88,14.0,18.3,8.3,65.9,15.9,1.1,0.53,11.9,42.9,34,29,19.1,13.2,92.2,Medio,1,6.6,17.5,12.0,3,PED-01505,2025-11-21,2025-12-03,CLI-066,Supermercado,Chile,Preventa,3305,3305,0.411,0,Alta,7,0,7827,5475,100.0,2170,Bajo,Alto,809.08,42.4,0.11,-0.025
2025-05-15,FIN-04-L001,FIN-04,Gypsophila,New Love,Invernadero,2025-02-22,82,1.04,89519,75,Goteo,Suelo,Vegetativo,6760,78000,0.88,16.2,20.5,9.5,88.7,16.2,0.0,0.25,11.6,32.4,20,20,15.3,9.4,74.4,Medio,0,3.3,21.9,10.6,0,PED-01506,2025-05-01,2025-05-19,CLI-099,Mayorista,Canadá,Spot,3070,3060,0.162,5,Media,14,1,5814,3907,99.7,837,Bajo,Medio,173.55,38.9,0.165,0.01
2025-12-12,FIN-02-L009,FIN-02,Rosa,Explorer,Invernadero,2025-09-23,80,0.98,56114,105,Microaspersión,Suelo,Vegetativo,6370,85000,0.88,16.9,24.3,10.1,74.0,20.7,5.5,0.48,11.9,28.8,25,22,13.1,5.1,95.8,Alto,1,23.3,30.0,17.2,6,PED-01507,2025-12-05,2025-12-14,CLI-032,Exportador,España,Contrato,16966,1314,0.61,0,Baja,7,1,3090,1699,7.7,-15267,Alto,Bajo,530.37,0.0,0.28,0.02
2025-01-06,FIN-04-L044,FIN-04,Rosa,Explorer,Invernadero,2024-09-20,108,1.73,60434,105,Microaspersión,Coco,Cosecha,11245,85000,0.88,15.9,20.3,11.0,71.7,25.1,0.9,0.49,11.7,30.2,44,35,23.7,15.6,100.0,Alto,0,15.6,17.4,13.2,5,PED-01508,2024-12-16,2025-01-09,CLI-015,Exportador,Estados Unidos,Spot,9806,9806,0.475,0,Media,21,0,16090,10448,100.0,642,Bajo,Bajo,2935.37,29.3,0.25,0.057
2025-08-02,FIN-01-L031,FIN-01,Rosa,Explorer,Campo abierto,2025-05-08,86,0.33,58654,105,Goteo,Coco,Cosecha,2145,85000,0.88,16.8,20.9,10.1,77.9,10.5,4.1,0.41,11.9,85.4,31,7,3.0,1.6,97.8,Medio,1,19.4,29.8,16.3,6,PED-01509,2025-07-19,2025-08-03,CLI-013,Retail,Canadá,Spot,1558,325,0.476,5,Media,14,0,704,387,20.9,-1171,Alto,Bajo,80.94,0.0,0.295,0.117
2025-01-06,FIN-01-L052,FIN-01,Rosa,Freedom,Invernadero,2024-10-10,88,0.69,57065,105,Goteo,Coco,Cosecha,4485,85000,0.88,16.0,23.2,9.3,80.7,23.2,0.8,0.34,12.2,27.7,41,16,6.2,7.7,74.3,Medio,1,35.0,20.6,17.6,14,PED-01510,2024-12-07,2025-01-11,CLI-084,Broker,Chile,Preventa,5104,1426,0.534,0,Baja,30,0,2440,1342,27.9,-3762,Alto,Bajo,510.58,0.0,0.45,0.243
2025-06-29,FIN-04-L013,FIN-04,Rosa,Mondial,Invernadero,2025-03-30,91,0.83,61033,105,Goteo,Suelo,Botón,5395,85000,0.88,18.7,25.1,12.6,63.9,16.5,1.2,0.74,11.5,48.1,29,15,11.5,8.1,84.0,Alto,0,9.3,5.8,6.8,4,PED-01511,2025-06-15,2025-07-01,CLI-053,Mayorista,España,Preventa,4710,3860,0.551,2,Alta,14,1,5513,4353,82.0,-357,Medio,Bajo,1381.34,65.0,0.174,0.163
2025-11-02,FIN-04-L017,FIN-04,Gypsophila,New Love,Invernadero,2025-08-11,83,1.18,92664,75,Goteo,Coco,Cosecha,7670,78000,0.88,17.3,25.5,13.2,62.6,19.6,0.0,0.71,13.0,30.8,30,23,11.7,11.0,65.1,Bajo,0,17.3,0.4,7.6,15,PED-01512,2025-10-26,2025-11-06,CLI-033,Broker,Estados Unidos,Preventa,3427,3427,0.186,0,Media,7,0,8544,6516,100.0,3089,Bajo,Alto,312.74,55.5,0.11,0.081
2025-12-13,FIN-04-L020,FIN-04,Rosa,Mondial,Invernadero,2025-09-09,95,1.65,75837,105,Microaspersión,Suelo,Botón,10725,85000,0.88,16.4,25.3,11.7,89.4,13.2,1.1,0.25,12.3,65.1,27,35,17.0,14.8,100.0,Medio,0,28.5,2.2,11.4,9,PED-01513,2025-11-29,2025-12-14,CLI-023,Exportador,España,Spot,10164,4816,0.59,10,Baja,14,0,6477,4539,47.4,-5625,Alto,Bajo,1588.81,37.9,0.32,0.094
2025-06-15,FIN-03-L054,FIN-03,Rosa,Vendela,Invernadero,2025-02-24,111,1.42,61027,105,Goteo,Coco,Botón,9230,85000,0.88,17.0,22.7,12.5,74.5,19.6,4.9,0.48,12.8,45.2,19,28,15.9,14.8,82.3,Bajo,1,5.3,11.0,11.5,16,PED-01514,2025-05-25,2025-06-18,CLI-066,Exportador,Países Bajos,Contrato,6966,6966,0.408,0,Alta,21,1,12323,9260,100.0,2294,Bajo,Medio,1501.17,52.5,0.25,0.11
2025-02-20,FIN-03-L051,FIN-03,Rosa,Mondial,Campo abierto,2024-11-28,84,1.04,64458,105,Microaspersión,Cascarilla,Botón,6760,85000,0.88,15.1,21.5,9.1,67.2,19.4,2.0,0.54,12.5,53.2,29,18,9.3,9.6,79.0,Alto,0,11.5,3.1,7.7,9,PED-01515,2025-01-30,2025-02-24,CLI-087,Mayorista,España,Contrato,5462,5462,0.491,5,Alta,21,0,7745,6113,100.0,651,Bajo,Bajo,1442.68,62.8,0.235,-0.028
2025-01-21,FIN-01-L002,FIN-01,Rosa,Explorer,Invernadero,2024-10-24,89,0.54,58423,105,Goteo,Cascarilla,Cosecha,3510,85000,0.88,16.7,21.6,11.0,74.6,16.6,3.3,0.47,11.8,39.5,25,9,5.3,6.5,69.0,Alto,1,9.3,4.9,6.4,13,PED-01516,2025-01-07,2025-01-25,CLI-021,Exportador,Colombia,Spot,8527,2793,0.549,0,Media,14,0,3991,3126,32.8,-5401,Alto,Bajo,990.3,63.4,0.31,0.13
2025-01-18,FIN-03-L037,FIN-03,Rosa,Explorer,Invernadero,2024-10-01,109,0.93,75992,105,Goteo,Suelo,Cosecha,6045,85000,0.88,15.6,21.0,11.3,86.8,16.1,0.9,0.25,12.1,38.5,26,18,15.3,7.0,91.6,Medio,1,13.0,7.7,9.1,0,PED-01517,2024-12-28,2025-01-19,CLI-070,Mayorista,Estados Unidos,Contrato,7053,4165,0.511,0,Media,21,0,5522,4144,59.1,-2909,Alto,Bajo,1407.84,54.0,0.38,0.037
2025-07-28,FIN-04-L015,FIN-04,Clavel,Bizet,Campo abierto,2025-05-21,68,1.46,90049,90,Goteo,Suelo,Cosecha,9490,105000,0.88,14.6,21.5,9.8,65.0,12.7,0.9,0.56,12.1,59.1,28,31,14.9,8.7,84.1,Medio,0,1.7,4.3,7.1,9,PED-01518,2025-07-14,2025-08-01,CLI-010,Exportador,Estados Unidos,Spot,6713,6713,0.29,0,Alta,14,0,9171,7759,100.0,1046,Bajo,Medio,1178.19,77.3,0.18,-0.055
2025-12-30,FIN-03-L021,FIN-03,Clavel,Dover,Invernadero,2025-10-16,75,0.86,84666,90,Goteo,Suelo,Reposo,5590,105000,0.88,16.6,25.0,12.2,62.6,11.4,0.0,0.68,12.0,56.0,34,19,8.5,5.3,83.4,Medio,1,35.0,12.5,16.8,17,PED-01519,2025-11-30,2025-12-31,CLI-082,Exportador,Colombia,Marketplace,11751,1702,0.268,10,Media,30,1,2883,1585,14.5,-10166,Alto,Bajo,197.37,0.0,0.44,-0.02
2025-05-12,FIN-04-L048,FIN-04,Rosa,Freedom,Invernadero,2025-03-03,70,1.07,63048,105,Goteo,Suelo,Botón,6955,85000,0.88,19.6,25.3,14.2,52.8,23.1,5.5,1.02,11.8,41.3,33,23,16.9,11.1,71.9,Medio,0,4.9,10.8,10.4,0,PED-01520,2025-04-28,2025-05-15,CLI-053,Exportador,España,Preventa,22913,5092,0.479,8,Baja,14,0,7334,5496,22.2,-17417,Alto,Bajo,1231.05,53.1,0.326,0.165
2025-08-29,FIN-03-L044,FIN-03,Gypsophila,Xlence,Invernadero,2025-06-21,69,0.76,95115,75,Goteo,Suelo,Cosecha,4940,78000,0.88,18.4,26.3,13.7,90.1,9.0,7.5,0.25,12.7,57.7,28,11,10.2,5.7,82.5,Alto,0,5.5,12.1,7.7,12,PED-01521,2025-07-30,2025-08-31,CLI-116,Mayorista,Colombia,Preventa,919,919,0.221,12,Alta,30,0,3053,2310,100.0,1391,Bajo,Alto,86.27,58.6,0.304,-0.019
2025-04-04,FIN-02-L049,FIN-02,Rosa,Vendela,Invernadero,2025-01-29,65,0.86,63413,105,Microaspersión,Coco,Cosecha,5590,85000,0.88,20.1,26.1,15.6,63.4,15.1,1.3,0.81,12.0,37.9,37,16,11.3,6.6,85.5,Alto,1,2.7,8.9,8.4,8,PED-01522,2025-03-21,2025-04-09,CLI-093,Supermercado,Estados Unidos,Spot,4330,3227,0.556,0,Media,14,0,4128,3300,74.5,-1030,Alto,Bajo,1139.26,66.6,0.31,0.074
2025-02-14,FIN-02-L024,FIN-02,Rosa,Vendela,Invernadero,2024-11-01,105,1.31,70941,105,Goteo,Cascarilla,Cosecha,8515,85000,0.88,16.2,22.9,9.9,92.9,10.9,0.0,0.25,12.3,68.4,26,29,12.4,12.7,89.3,Alto,1,4.4,6.2,8.2,2,PED-01523,2025-01-15,2025-02-15,CLI-083,Supermercado,Estados Unidos,Contrato,7001,6834,0.488,0,Alta,30,0,8582,6998,97.6,-3,Medio,Bajo,2091.29,69.6,0.34,-0.046
2025-01-31,FIN-03-L047,FIN-03,Rosa,Mondial,Invernadero,2024-10-17,106,1.2,64553,105,Goteo,Suelo,Cosecha,7800,85000,0.88,19.6,24.4,14.5,70.5,12.8,0.6,0.64,12.4,59.2,26,22,14.9,10.7,81.9,Medio,1,25.5,7.3,11.5,15,PED-01524,2025-01-10,2025-02-05,CLI-099,Mayorista,España,Preventa,5580,3077,0.391,12,Media,21,0,5464,3603,55.1,-1977,Alto,Bajo,489.79,29.7,0.344,-0.039
2025-12-11,FIN-01-L049,FIN-01,Gypsophila,New Love,Invernadero,2025-10-27,45,1.79,89991,75,Microaspersión,Coco,Cosecha,11635,78000,0.88,16.6,25.6,11.6,74.5,14.1,0.0,0.47,12.1,74.1,34,35,21.9,20.7,97.8,Medio,1,13.0,7.0,10.7,2,PED-01525,2025-12-04,2025-12-14,CLI-050,Exportador,Países Bajos,Contrato,10195,4896,0.177,12,Media,7,0,5939,4489,48.0,-5706,Alto,Bajo,344.79,53.3,0.204,0.153
2025-06-22,FIN-04-L011,FIN-04,Rosa,Explorer,Invernadero,2025-04-10,73,1.14,81623,105,Goteo,Suelo,Botón,7409,85000,0.88,13.4,19.9,7.4,66.8,22.5,1.2,0.49,12.0,21.8,35,21,14.6,11.0,69.6,Alto,0,8.1,2.9,8.9,8,PED-01526,2025-06-01,2025-06-24,CLI-005,Exportador,Estados Unidos,Contrato,7162,4457,0.441,2,Alta,21,0,7442,5932,62.2,-1230,Medio,Bajo,1199.2,63.0,0.244,0.028
2025-03-16,FIN-01-L031,FIN-01,Rosa,Vendela,Invernadero,2024-12-17,89,1.62,72189,105,Microaspersión,Suelo,Botón,10530,85000,0.88,17.9,22.3,13.1,68.0,13.2,5.3,0.63,11.8,44.1,37,34,18.5,17.2,85.7,Medio,1,35.0,6.5,13.1,1,PED-01527,2025-01-30,2025-03-18,CLI-008,Mayorista,Canadá,Preventa,5202,3629,0.498,5,Alta,45,1,6652,4033,69.8,-1169,Alto,Bajo,1093.97,15.2,0.45,0.061
2025-10-14,FIN-02-L004,FIN-02,Rosa,Mondial,Invernadero,2025-09-04,40,0.51,56641,105,Goteo,Suelo,Cosecha,3315,85000,0.88,15.4,23.2,10.8,66.3,14.2,0.0,0.57,12.4,41.3,34,9,5.1,4.2,82.4,Medio,1,2.6,7.6,6.4,17,PED-01528,2025-08-30,2025-10-16,CLI-061,Exportador,Estados Unidos,Spot,10111,1000,0.404,2,Alta,45,0,1220,994,9.9,-9117,Alto,Bajo,205.12,72.1,0.45,-0.152
2025-06-21,FIN-02-L034,FIN-02,Rosa,Vendela,Invernadero,2025-03-05,108,0.82,76758,105,Goteo,Suelo,Cosecha,5330,85000,0.88,19.5,24.5,12.6,66.3,12.4,0.6,0.72,12.2,65.5,32,16,11.9,8.2,100.0,Alto,1,8.0,3.0,4.4,14,PED-01529,2025-06-07,2025-06-22,CLI-083,Exportador,Chile,Contrato,9564,4671,0.405,0,Media,14,0,5596,4730,48.8,-4834,Alto,Bajo,982.88,80.1,0.31,0.164
2025-04-30,FIN-04-L005,FIN-04,Rosa,Freedom,Invernadero,2024-12-17,134,0.61,67389,105,Goteo,Suelo,Cosecha,3965,85000,0.88,17.5,22.0,12.2,74.8,16.7,1.7,0.49,13.0,40.1,38,13,6.8,4.3,80.4,Medio,0,5.0,5.5,6.4,17,PED-01530,2025-04-09,2025-05-03,CLI-022,Mayorista,Canadá,Preventa,4384,2814,0.405,0,Alta,21,0,3595,2932,64.2,-1452,Alto,Bajo,633.6,71.4,0.38,0.109
2025-10-27,FIN-01-L027,FIN-01,Rosa,Vendela,Invernadero,2025-07-28,91,1.79,71902,105,Microaspersión,Cascarilla,Vegetativo,11635,85000,0.88,16.3,21.4,10.8,53.4,13.8,0.6,0.84,12.1,48.7,20,36,20.0,12.6,100.0,Medio,0,7.6,0.9,10.9,9,PED-01531,2025-09-27,2025-10-30,CLI-106,Retail,Países Bajos,Preventa,2375,2375,0.398,5,Media,30,1,10718,8988,100.0,6613,Bajo,Alto,432.95,70.1,0.325,-0.035
2025-09-27,FIN-04-L037,FIN-04,Rosa,Explorer,Invernadero,2025-06-17,102,0.92,59451,105,Microaspersión,Suelo,Cosecha,5980,85000,0.88,21.1,29.0,14.5,66.8,13.5,3.8,0.77,12.1,53.0,22,18,9.5,7.8,86.0,Alto,0,10.0,4.7,6.9,8,PED-01532,2025-08-28,2025-09-30,CLI-099,Mayorista,Estados Unidos,Spot,3264,3264,0.438,12,Alta,30,0,5779,4598,100.0,1334,Bajo,Alto,608.85,66.0,0.304,0.087
2025-10-19,FIN-04-L052,FIN-04,Rosa,Freedom,Invernadero,2025-06-04,137,0.25,64307,105,Microaspersión,Cascarilla,Botón,1625,85000,0.88,18.3,27.3,12.5,84.2,12.2,5.2,0.32,11.9,34.4,28,5,4.0,2.5,76.8,Bajo,1,10.1,24.4,12.9,5,PED-01533,2025-09-04,2025-10-23,CLI-005,Supermercado,Canadá,Marketplace,5181,397,0.368,0,Alta,45,1,633,382,7.7,-4799,Alto,Bajo,65.4,21.4,0.45,-0.092
2025-07-20,FIN-04-L026,FIN-04,Rosa,Explorer,Invernadero,2025-03-15,127,0.91,61137,105,Goteo,Coco,Cosecha,5915,85000,0.88,18.0,26.3,12.5,82.9,10.0,0.1,0.34,12.1,74.8,36,17,12.0,8.5,92.0,Medio,1,5.0,8.6,7.9,2,PED-01534,2025-06-20,2025-07-21,CLI-001,Supermercado,Colombia,Preventa,4875,2716,0.441,5,Alta,30,0,3853,3069,55.7,-1806,Alto,Bajo,608.09,66.5,0.45,0.039
2025-11-15,FIN-02-L005,FIN-02,Rosa,Freedom,Campo abierto,2025-07-05,133,0.26,63228,105,Goteo,Cascarilla,Vegetativo,1690,85000,0.88,16.8,24.6,12.4,58.5,11.6,0.0,0.77,12.2,58.3,26,5,2.6,2.3,72.3,Alto,1,12.4,18.9,11.8,4,PED-01535,2025-11-01,2025-11-16,CLI-060,Retail,Colombia,Contrato,1291,639,0.357,2,Media,14,1,951,603,49.5,-688,Alto,Bajo,118.87,27.6,0.304,0.097
2025-01-21,FIN-02-L052,FIN-02,Clavel,Dover,Campo abierto,2024-10-30,83,0.22,73513,90,Goteo,Coco,Cosecha,1430,105000,0.88,15.7,20.0,11.0,73.1,21.4,0.0,0.46,12.2,34.2,32,4,2.6,2.3,89.0,Medio,0,11.8,0.0,8.0,10,PED-01536,2024-12-07,2025-01-22,CLI-004,Broker,España,Preventa,4666,2534,0.311,0,Alta,45,0,3152,2588,54.3,-2078,Alto,Bajo,526.36,68.9,0.45,-0.025
2025-12-04,FIN-01-L006,FIN-01,Gypsophila,Xlence,Invernadero,2025-09-05,90,1.54,94011,75,Microaspersión,Suelo,Cosecha,10010,78000,0.88,16.4,23.1,11.9,78.5,16.1,2.8,0.39,12.6,52.7,24,28,14.5,13.0,84.1,Medio,0,15.4,4.5,11.4,15,PED-01537,2025-11-20,2025-12-07,CLI-092,Supermercado,Estados Unidos,Preventa,2840,2840,0.261,5,Media,14,1,9198,6853,100.0,4013,Bajo,Alto,449.12,48.8,0.165,0.083
2025-06-21,FIN-02-L016,FIN-02,Clavel,Bizet,Invernadero,2025-03-22,91,0.41,74974,90,Microaspersión,Suelo,Cosecha,2665,105000,0.88,15.8,21.1,10.6,89.0,17.7,6.3,0.25,11.9,52.9,20,7,4.8,3.9,81.6,Bajo,1,3.6,15.6,8.2,11,PED-01538,2025-05-22,2025-06-23,CLI-016,Mayorista,España,Spot,6641,2545,0.214,5,Baja,30,0,3918,2889,38.3,-3752,Alto,Bajo,225.3,54.7,0.45,0.134
2025-03-01,FIN-01-L003,FIN-01,Rosa,Mondial,Invernadero,2024-11-22,99,0.95,73337,105,Microaspersión,Coco,Reposo,6175,85000,0.88,14.8,19.3,8.5,83.4,10.2,0.5,0.27,12.3,54.7,19,17,11.2,9.9,90.1,Medio,1,14.0,2.6,8.6,7,PED-01539,2025-02-22,2025-03-04,CLI-050,Supermercado,Estados Unidos,Preventa,4667,3564,0.422,2,Media,7,0,4230,3324,76.4,-1343,Alto,Bajo,852.97,61.0,0.234,-0.111
2025-04-28,FIN-04-L048,FIN-04,Rosa,Vendela,Invernadero,2025-01-18,100,0.97,66046,105,Microaspersión,Cascarilla,Cosecha,6305,85000,0.88,19.2,24.9,13.7,71.3,9.3,0.0,0.61,12.1,70.1,31,20,12.8,9.4,83.0,Bajo,1,8.1,4.3,8.7,12,PED-01540,2025-04-21,2025-05-02,CLI-094,Retail,Estados Unidos,Spot,2048,2048,0.527,0,Baja,7,0,3809,3047,100.0,999,Bajo,Alto,714.12,64.7,0.15,0.074
2025-06-18,FIN-03-L050,FIN-03,Gypsophila,Million Star,Invernadero,2025-03-22,88,0.22,85750,75,Microaspersión,Suelo,Botón,1430,78000,0.88,15.9,21.1,10.8,63.6,24.1,2.9,0.64,12.5,34.2,27,4,3.0,1.8,84.2,Medio,0,4.7,1.5,3.9,1,PED-01541,2025-06-04,2025-06-23,CLI-029,Broker,España,Contrato,2434,2247,0.208,0,Media,14,0,2343,2022,92.3,-412,Medio,Bajo,246.54,84.0,0.18,-0.044
2025-04-18,FIN-03-L032,FIN-03,Clavel,Bizet,Invernadero,2025-01-01,107,1.06,81460,90,Goteo,Coco,Cosecha,6890,105000,0.88,18.4,24.8,11.8,63.3,8.6,0.0,0.74,12.1,60.9,22,15,14.4,9.0,95.7,Medio,1,5.0,12.9,10.0,0,PED-01542,2025-03-19,2025-04-21,CLI-019,Mayorista,Estados Unidos,Contrato,4113,2735,0.215,10,Baja,30,0,3794,2873,66.5,-1240,Alto,Bajo,190.04,56.6,0.45,0.056
2025-11-18,FIN-04-L060,FIN-04,Rosa,Mondial,Invernadero,2025-08-07,103,1.54,67741,105,Microaspersión,Coco,Vegetativo,10010,85000,0.88,17.8,25.8,13.2,58.7,17.2,1.2,0.81,12.0,53.5,26,30,20.7,9.5,82.0,Medio,0,35.0,4.4,12.4,17,PED-01543,2025-10-28,2025-11-21,CLI-019,Broker,España,Preventa,5874,4794,0.429,0,Media,21,1,9390,5842,81.6,-32,Medio,Bajo,1108.46,18.9,0.25,0.03
2025-02-16,FIN-02-L047,FIN-02,Rosa,Freedom,Invernadero,2024-10-07,132,1.64,61827,105,Goteo,Coco,Cosecha,10660,85000,0.88,18.6,26.6,11.9,74.4,12.0,1.2,0.52,12.2,57.8,32,26,18.5,12.5,89.5,Medio,0,7.1,10.6,7.6,5,PED-01544,2025-02-02,2025-02-20,CLI-059,Mayorista,Estados Unidos,Preventa,5560,5560,0.358,2,Media,14,0,7056,5409,100.0,-151,Medio,Bajo,892.64,60.6,0.174,0.04
2025-06-26,FIN-03-L057,FIN-03,Rosa,Freedom,Invernadero,2025-03-05,113,0.43,68011,105,Microaspersión,Coco,Reposo,2795,85000,0.88,17.1,24.8,12.9,66.5,22.8,4.6,0.63,11.7,35.2,30,8,4.4,5.3,96.5,Medio,1,12.9,16.1,11.9,10,PED-01545,2025-06-05,2025-06-28,CLI-096,Mayorista,Estados Unidos,Contrato,3865,2271,0.373,0,Baja,21,1,3739,2533,58.8,-1332,Alto,Bajo,449.31,36.9,0.42,-0.07
2025-12-12,FIN-03-L020,FIN-03,Gypsophila,Million Star,Invernadero,2025-09-13,90,1.71,94586,75,Goteo,Suelo,Cosecha,11115,78000,0.88,15.9,20.4,11.3,69.7,14.1,0.0,0.53,11.9,54.4,25,33,21.9,16.4,97.7,Bajo,1,9.7,7.3,10.5,1,PED-01546,2025-11-28,2025-12-14,CLI-065,Retail,España,Preventa,1220,1220,0.27,5,Media,14,0,7104,5499,100.0,4279,Bajo,Alto,191.83,57.8,0.165,-0.119
2025-12-06,FIN-04-L019,FIN-04,Rosa,Explorer,Invernadero,2025-10-18,49,0.4,61522,105,Goteo,Coco,Botón,2600,85000,0.88,16.5,21.4,12.0,78.4,18.5,0.3,0.39,12.3,40.7,25,6,5.0,3.6,66.8,Medio,1,32.1,5.8,12.9,12,PED-01547,2025-11-22,2025-12-11,CLI-084,Exportador,Estados Unidos,Preventa,19063,570,0.589,2,Media,14,0,1113,680,3.0,-18383,Alto,Bajo,218.11,16.0,0.304,0.048
2025-02-23,FIN-04-L029,FIN-04,Rosa,Vendela,Invernadero,2024-11-25,90,0.98,59502,105,Microaspersión,Coco,Cosecha,6370,85000,0.88,15.0,19.3,10.5,73.8,16.1,0.0,0.43,12.4,39.3,29,21,11.8,7.9,93.2,Medio,1,9.0,3.8,7.0,16,PED-01548,2025-01-09,2025-02-28,CLI-070,Mayorista,Países Bajos,Spot,6037,5016,0.474,12,Baja,45,0,6267,5112,83.1,-925,Medio,Bajo,1069.04,70.3,0.45,-0.09
2025-01-08,FIN-03-L059,FIN-03,Rosa,Mondial,Invernadero,2024-09-25,105,1.68,60328,105,Microaspersión,Cascarilla,Cosecha,10920,85000,0.88,17.5,25.4,11.6,71.5,14.7,0.1,0.55,11.8,67.0,37,37,22.2,18.7,99.1,Bajo,1,14.3,11.0,9.2,17,PED-01549,2024-12-09,2025-01-10,CLI-078,Exportador,Estados Unidos,Contrato,11973,6515,0.427,5,Alta,30,1,10981,7944,54.4,-4029,Alto,Bajo,1362.06,48.9,0.45,0.113
2025-05-08,FIN-04-L005,FIN-04,Rosa,Mondial,Invernadero,2025-01-21,107,0.74,50787,105,Goteo,Cascarilla,Cosecha,4810,85000,0.88,15.8,20.8,10.4,68.4,11.5,1.3,0.55,12.4,70.5,31,15,7.8,9.9,95.3,Alto,0,5.2,12.2,9.2,5,PED-01550,2025-04-08,2025-05-10,CLI-003,Exportador,Canadá,Spot,22668,3575,0.477,0,Baja,30,1,4460,3410,15.8,-19258,Alto,Bajo,1044.58,58.9,0.45,0.183
2025-10-01,FIN-04-L039,FIN-04,Rosa,Freedom,Invernadero,2025-06-29,94,1.57,62836,105,Goteo,Coco,Vegetativo,10205,85000,0.88,15.8,21.5,10.5,96.0,16.1,0.8,0.25,11.8,42.5,36,19,20.8,15.3,78.8,Medio,1,35.0,15.6,15.6,10,PED-01551,2025-09-10,2025-10-02,CLI-004,Supermercado,España,Spot,3765,3235,0.535,2,Media,21,0,5686,3127,85.9,-638,Medio,Bajo,1092.03,0.0,0.244,0.059
2025-07-21,FIN-04-L033,FIN-04,Rosa,Freedom,Invernadero,2025-03-11,132,1.08,71762,105,Microaspersión,Cascarilla,Vegetativo,7020,85000,0.88,14.6,21.5,9.2,72.6,15.0,0.0,0.44,12.3,53.3,35,23,12.7,14.5,83.4,Medio,0,21.6,25.3,14.0,15,PED-01552,2025-07-07,2025-07-22,CLI-058,Retail,Países Bajos,Contrato,2220,1570,0.422,2,Alta,14,0,2618,1439,70.7,-781,Alto,Bajo,335.93,3.3,0.304,0.001
2025-08-25,FIN-03-L046,FIN-03,Rosa,Vendela,Invernadero,2025-05-13,104,0.27,61953,105,Microaspersión,Suelo,Cosecha,1755,85000,0.88,18.5,24.4,13.1,92.5,19.3,4.5,0.25,11.7,31.9,32,5,3.2,2.7,69.2,Alto,0,6.1,12.0,10.4,9,PED-01553,2025-07-11,2025-08-30,CLI-089,Supermercado,Países Bajos,Contrato,3315,1781,0.425,0,Media,45,0,2643,1929,53.7,-1386,Alto,Bajo,397.4,48.9,0.45,-0.079
2025-02-06,FIN-04-L034,FIN-04,Gypsophila,Xlence,Invernadero,2024-11-02,96,1.33,94828,75,Microaspersión,Coco,Reposo,8645,78000,0.88,17.7,23.4,13.0,67.8,15.4,0.0,0.63,11.8,46.6,38,31,17.8,15.6,75.4,Alto,1,18.6,7.4,10.1,9,PED-01554,2025-01-23,2025-02-11,CLI-117,Mayorista,Estados Unidos,Contrato,4199,4199,0.185,8,Media,14,1,6533,4567,100.0,368,Bajo,Bajo,288.68,40.5,0.156,0.079
2025-08-01,FIN-03-L021,FIN-03,Rosa,Mondial,Campo abierto,2025-04-28,95,0.82,61826,105,Microaspersión,Cascarilla,Cosecha,5330,85000,0.88,15.6,20.0,8.7,74.1,11.8,2.0,0.44,12.6,66.2,25,16,12.8,6.4,80.0,Medio,1,14.1,5.6,9.4,7,PED-01555,2025-07-25,2025-08-04,CLI-105,Exportador,Países Bajos,Preventa,8030,2604,0.558,0,Media,7,0,4297,3214,32.4,-4816,Alto,Bajo,940.97,52.1,0.24,0.078
2025-09-27,FIN-02-L010,FIN-02,Rosa,Vendela,Campo abierto,2025-06-24,95,0.69,62841,105,Microaspersión,Cascarilla,Botón,4485,85000,0.88,14.1,22.8,8.1,84.8,14.3,0.0,0.25,12.7,56.1,32,9,5.7,5.3,90.9,Medio,0,14.8,0.2,7.6,8,PED-01556,2025-08-28,2025-09-30,CLI-025,Mayorista,Estados Unidos,Spot,5962,3922,0.526,8,Alta,30,0,4410,3550,65.8,-2412,Alto,Bajo,1118.4,65.7,0.446,0.035
2025-08-17,FIN-03-L012,FIN-03,Rosa,Vendela,Invernadero,2025-04-09,130,1.12,61632,105,Goteo,Suelo,Cosecha,7280,85000,0.88,18.2,24.3,12.5,74.1,13.3,2.6,0.52,11.7,72.1,32,21,14.7,9.8,83.3,Medio,0,4.4,8.6,7.4,0,PED-01557,2025-08-10,2025-08-19,CLI-020,Mayorista,Canadá,Preventa,6071,3242,0.384,5,Media,7,0,5271,4182,53.4,-1889,Alto,Bajo,515.2,66.2,0.225,-0.063
2025-02-20,FIN-04-L059,FIN-04,Rosa,Mondial,Invernadero,2024-11-22,90,1.03,68722,105,Goteo,Cascarilla,Cosecha,6695,85000,0.88,16.1,23.3,9.6,65.3,16.2,0.0,0.61,11.9,40.7,27,25,11.4,6.9,74.0,Medio,0,4.8,10.1,6.3,0,PED-01558,2025-01-06,2025-02-21,CLI-004,Exportador,Colombia,Spot,11421,5593,0.563,0,Baja,45,0,7148,5533,49.0,-5888,Alto,Bajo,2217.83,63.4,0.45,0.158
2025-01-09,FIN-02-L021,FIN-02,Gypsophila,New Love,Campo abierto,2024-11-05,65,1.27,83790,75,Goteo,Suelo,Cosecha,8255,78000,0.88,17.3,25.5,12.1,75.4,18.6,0.0,0.47,12.3,28.9,26,17,18.5,17.5,88.3,Medio,1,5.7,24.2,11.8,12,PED-01559,2024-12-10,2025-01-14,CLI-077,Retail,Colombia,Contrato,300,300,0.178,2,Media,30,0,8342,5408,100.0,5108,Bajo,Alto,22.24,33.0,0.334,0.059
2025-07-03,FIN-01-L041,FIN-01,Clavel,Nelson,Invernadero,2025-04-07,87,1.55,70016,90,Microaspersión,Cascarilla,Vegetativo,10075,105000,0.88,16.3,24.5,11.9,60.0,20.1,2.5,0.72,11.7,43.3,28,31,19.0,17.3,76.5,Alto,1,25.7,26.3,16.4,3,PED-01560,2025-06-19,2025-07-05,CLI-075,Mayorista,España,Marketplace,3227,3227,0.298,8,Media,14,0,8725,4798,100.0,1571,Bajo,Alto,553.79,0.0,0.156,0.128
2025-03-15,FIN-03-L027,FIN-03,Rosa,Explorer,Invernadero,2024-12-18,87,1.67,60809,105,Goteo,Coco,Cosecha,10855,85000,0.88,15.6,21.6,10.5,69.5,10.9,0.0,0.52,11.9,56.1,34,27,20.1,19.0,87.2,Medio,1,32.4,3.5,11.1,3,PED-01561,2025-02-22,2025-03-16,CLI-042,Broker,Estados Unidos,Preventa,5839,3983,0.4,0,Media,21,0,6406,4198,68.2,-1641,Alto,Bajo,781.61,27.9,0.38,0.108
2025-06-25,FIN-01-L006,FIN-01,Rosa,Vendela,Invernadero,2025-04-10,76,1.21,64938,105,Microaspersión,Cascarilla,Vegetativo,7865,85000,0.88,17.7,25.0,13.3,75.4,17.9,1.3,0.48,12.0,49.3,27,18,19.6,9.9,79.6,Medio,0,2.6,21.0,8.8,6,PED-01562,2025-06-18,2025-06-30,CLI-112,Exportador,España,Spot,8739,3365,0.524,8,Media,7,1,5767,4012,38.5,-4727,Alto,Bajo,1001.4,46.3,0.216,0.01
2025-03-02,FIN-04-L052,FIN-04,Rosa,Freedom,Invernadero,2024-11-07,115,1.03,84667,105,Microaspersión,Coco,Vegetativo,6695,85000,0.88,19.2,27.6,14.8,77.0,10.8,2.1,0.49,12.3,60.7,34,21,11.6,7.2,99.3,Bajo,1,9.8,5.5,7.6,2,PED-01563,2025-02-16,2025-03-04,CLI-026,Retail,Estados Unidos,Preventa,2105,2105,0.428,0,Media,14,0,4074,3263,100.0,1158,Bajo,Alto,557.94,66.9,0.18,-0.003
2025-10-31,FIN-03-L020,FIN-03,Rosa,Vendela,Invernadero,2025-08-09,83,1.33,70925,105,Goteo,Cascarilla,Cosecha,8645,85000,0.88,18.9,26.4,14.2,81.8,13.6,2.8,0.38,12.4,52.4,22,26,13.4,6.3,89.9,Medio,0,2.2,0.6,5.9,2,PED-01564,2025-10-24,2025-11-02,CLI-053,Broker,Países Bajos,Spot,7186,5744,0.44,2,Alta,7,0,6749,5961,79.9,-1225,Medio,Bajo,1343.69,86.1,0.104,-0.058
2025-02-06,FIN-03-L051,FIN-03,Rosa,Mondial,Invernadero,2024-10-10,119,1.26,70865,105,Microaspersión,Cascarilla,Cosecha,8190,85000,0.88,14.0,19.6,7.7,72.7,13.3,0.9,0.42,11.8,68.9,34,24,13.1,9.3,78.3,Medio,0,11.7,14.8,8.5,4,PED-01565,2025-01-30,2025-02-11,CLI-012,Retail,Países Bajos,Preventa,2920,2920,0.48,0,Media,7,0,5293,3655,100.0,735,Bajo,Medio,895.97,43.1,0.11,-0.004
2025-08-20,FIN-04-L010,FIN-04,Rosa,Mondial,Invernadero,2025-05-13,99,1.29,67608,105,Microaspersión,Cascarilla,Cosecha,8385,85000,0.88,22.0,30.1,15.7,73.1,8.6,0.0,0.65,12.4,71.8,45,27,13.7,11.1,78.6,Medio,1,14.7,22.6,14.6,5,PED-01566,2025-07-30,2025-08-25,CLI-020,Exportador,Colombia,Marketplace,10666,1740,0.499,0,Baja,21,0,2669,1564,16.3,-9102,Alto,Bajo,523.81,14.5,0.42,0.036
2025-11-27,FIN-02-L051,FIN-02,Gypsophila,Xlence,Invernadero,2025-09-21,67,0.32,98847,75,Goteo,Cascarilla,Vegetativo,2080,78000,0.88,15.6,24.6,8.8,74.0,19.0,0.9,0.45,11.7,49.4,28,7,3.5,1.6,92.0,Alto,0,9.2,6.5,8.1,3,PED-01567,2025-11-20,2025-11-30,CLI-099,Exportador,Canadá,Preventa,7882,2104,0.241,0,Media,7,0,2622,2064,26.7,-5818,Alto,Bajo,305.52,63.4,0.24,-0.004
2025-07-07,FIN-03-L016,FIN-03,Rosa,Explorer,Campo abierto,2025-03-03,126,1.61,71767,105,Microaspersión,Suelo,Vegetativo,10465,85000,0.88,19.3,27.8,14.4,68.8,13.4,0.0,0.66,11.8,60.8,27,26,18.5,13.3,91.7,Bajo,1,6.0,24.2,11.9,6,PED-01568,2025-06-23,2025-07-11,CLI-081,Mayorista,Países Bajos,Contrato,3967,3141,0.558,0,Alta,14,1,4851,3150,79.2,-817,Alto,Bajo,1204.46,33.2,0.31,-0.003
2025-07-01,FIN-03-L007,FIN-03,Rosa,Freedom,Invernadero,2025-04-04,88,1.21,63502,105,Microaspersión,Suelo,Cosecha,7865,85000,0.88,18.5,25.0,12.5,56.3,13.3,0.0,0.89,12.1,63.4,25,22,10.3,7.9,91.3,Medio,1,6.8,17.3,10.0,3,PED-01569,2025-06-10,2025-07-06,CLI-099,Supermercado,Países Bajos,Spot,4122,3558,0.47,10,Media,21,0,4864,3439,86.3,-683,Medio,Bajo,859.9,46.4,0.22,-0.049
2025-03-10,FIN-01-L031,FIN-01,Gypsophila,Million Star,Invernadero,2024-12-13,87,0.33,101020,75,Goteo,Cascarilla,Botón,2145,78000,0.88,17.2,23.5,13.0,71.2,18.6,0.4,0.54,12.0,57.2,25,6,4.0,3.0,90.3,Medio,1,4.3,2.1,6.8,11,PED-01570,2025-02-08,2025-03-11,CLI-044,Mayorista,Estados Unidos,Spot,2074,2074,0.188,0,Media,30,0,2789,2385,100.0,311,Bajo,Bajo,182.44,79.1,0.34,0.002
2025-03-25,FIN-03-L037,FIN-03,Rosa,Freedom,Invernadero,2024-12-15,100,0.24,67928,105,Goteo,Coco,Cosecha,1560,85000,0.88,13.2,22.1,7.2,74.4,19.0,0.8,0.37,12.0,39.3,37,4,2.8,2.1,93.6,Alto,0,8.9,5.6,8.6,3,PED-01571,2025-03-04,2025-03-29,CLI-085,Mayorista,Colombia,Contrato,2248,1438,0.396,5,Baja,21,0,1939,1543,64.0,-705,Alto,Bajo,294.35,64.5,0.405,0.093
2025-11-21,FIN-02-L041,FIN-02,Rosa,Freedom,Invernadero,2025-08-21,92,0.55,69642,105,Microaspersión,Coco,Botón,3575,85000,0.88,16.2,22.9,12.0,76.4,18.3,1.3,0.42,12.1,26.5,41,9,5.9,4.6,93.7,Medio,1,11.9,17.6,11.8,17,PED-01572,2025-11-14,2025-11-25,CLI-078,Exportador,España,Spot,5359,2404,0.392,2,Baja,7,1,3321,2222,44.9,-3137,Alto,Bajo,429.98,35.6,0.274,0.249
2025-01-31,FIN-02-L055,FIN-02,Rosa,Freedom,Invernadero,2024-11-20,72,0.25,64329,105,Microaspersión,Suelo,Botón,1625,85000,0.88,16.2,25.1,11.9,60.0,15.8,10.0,0.71,12.1,49.9,23,5,3.0,2.2,80.1,Bajo,1,11.5,7.8,10.3,16,PED-01573,2025-01-24,2025-02-05,CLI-028,Exportador,España,Preventa,11175,849,0.563,5,Baja,7,1,1077,799,7.6,-10376,Alto,Bajo,308.83,50.6,0.265,0.193
2025-08-16,FIN-04-L052,FIN-04,Rosa,Explorer,Campo abierto,2025-06-01,76,1.29,56414,105,Goteo,Coco,Vegetativo,8385,85000,0.88,15.1,22.6,9.8,73.7,20.7,0.6,0.44,12.2,47.3,34,21,16.0,11.1,96.3,Bajo,1,13.8,2.5,7.3,15,PED-01574,2025-08-09,2025-08-18,CLI-119,Mayorista,Estados Unidos,Preventa,6274,5957,0.462,2,Media,7,0,8559,6841,94.9,567,Bajo,Bajo,1726.26,65.7,0.104,0.073
2025-08-17,FIN-02-L041,FIN-02,Rosa,Vendela,Invernadero,2025-05-17,92,0.65,71077,105,Goteo,Cascarilla,Vegetativo,4225,85000,0.88,15.9,20.9,10.2,76.3,10.1,1.5,0.41,12.1,83.9,25,10,11.2,6.1,100.0,Alto,1,10.5,22.2,13.6,10,PED-01575,2025-07-18,2025-08-20,CLI-003,Exportador,Estados Unidos,Marketplace,6470,1552,0.425,2,Media,30,0,2240,1433,24.0,-5037,Alto,Bajo,338.46,28.4,0.45,0.153
2025-07-16,FIN-01-L044,FIN-01,Clavel,Bizet,Invernadero,2025-04-20,87,1.69,75717,90,Goteo,Coco,Cosecha,10985,105000,0.88,17.3,23.9,11.2,80.9,12.8,0.7,0.36,12.7,55.4,28,29,13.0,4.7,91.4,Medio,0,15.2,18.8,11.6,10,PED-01576,2025-07-09,2025-07-20,CLI-063,Supermercado,Países Bajos,Marketplace,3635,3635,0.315,10,Baja,7,0,10323,6590,100.0,2955,Bajo,Alto,657.24,29.0,0.12,0.011
2025-10-23,FIN-02-L006,FIN-02,Clavel,Bizet,Invernadero,2025-06-26,119,1.62,93280,90,Goteo,Cascarilla,Cosecha,10530,105000,0.88,14.9,19.4,8.1,69.5,15.6,0.0,0.5,12.1,31.7,37,28,14.4,17.5,95.9,Bajo,1,23.3,2.8,9.8,0,PED-01577,2025-10-09,2025-10-26,CLI-080,Supermercado,Estados Unidos,Contrato,3721,3721,0.235,0,Alta,14,0,7482,5458,100.0,1737,Bajo,Alto,416.67,46.6,0.18,-0.111
2025-05-02,FIN-04-L037,FIN-04,Rosa,Mondial,Invernadero,2024-12-27,126,1.01,77107,105,Microaspersión,Coco,Cosecha,6565,85000,0.88,16.4,23.5,10.7,72.6,15.9,0.0,0.49,12.4,59.2,20,22,10.7,8.5,78.4,Medio,1,1.6,13.9,6.7,3,PED-01578,2025-04-25,2025-05-07,CLI-067,Broker,Estados Unidos,Spot,12894,4435,0.506,0,Baja,7,1,5945,4552,34.4,-8342,Alto,Bajo,1430.31,62.4,0.28,0.086
2025-05-10,FIN-02-L024,FIN-02,Clavel,Nelson,Invernadero,2025-03-02,69,0.57,71727,90,Microaspersión,Suelo,Botón,3704,105000,0.88,14.3,20.7,10.2,67.4,12.4,1.5,0.51,12.3,69.5,30,12,6.9,6.4,93.3,Medio,0,1.5,20.4,10.6,13,PED-01579,2025-04-10,2025-05-14,CLI-016,Retail,Estados Unidos,Contrato,1810,1682,0.317,0,Alta,30,1,2710,1934,92.9,124,Bajo,Bajo,331.28,48.4,0.34,-0.029
2025-02-24,FIN-04-L029,FIN-04,Rosa,Mondial,Invernadero,2024-11-01,115,1.77,71258,105,Goteo,Coco,Botón,11505,85000,0.88,15.0,23.3,9.2,85.7,10.8,3.9,0.25,12.1,65.9,32,31,16.2,16.5,87.0,Alto,0,14.8,30.0,17.3,5,PED-01580,2025-02-10,2025-02-25,CLI-036,Retail,Chile,Preventa,913,913,0.413,0,Media,14,0,4489,2468,100.0,1555,Bajo,Alto,201.41,0.0,0.18,0.154
2025-07-03,FIN-02-L015,FIN-02,Clavel,Nelson,Invernadero,2025-03-21,104,1.1,83564,90,Microaspersión,Cascarilla,Botón,7150,105000,0.88,18.4,22.5,12.0,64.5,19.3,1.1,0.72,11.7,47.5,27,23,10.1,12.1,83.8,Bajo,0,10.8,16.4,9.8,3,PED-01581,2025-06-19,2025-07-07,CLI-096,Retail,Chile,Marketplace,844,844,0.272,10,Media,14,0,8048,5501,100.0,4657,Bajo,Alto,122.02,40.7,0.15,-0.041
2025-04-09,FIN-02-L053,FIN-02,Rosa,Freedom,Campo abierto,2024-12-16,114,1.15,68326,105,Microaspersión,Suelo,Cosecha,7474,85000,0.88,15.0,21.9,10.3,73.6,20.2,1.6,0.44,11.9,30.4,37,23,12.3,11.2,84.6,Alto,1,13.0,3.0,7.7,1,PED-01582,2025-03-10,2025-04-13,CLI-067,Exportador,Países Bajos,Preventa,9104,8156,0.421,2,Alta,30,0,10193,8019,89.6,-1085,Medio,Bajo,2046.38,62.3,0.334,0.093
2025-09-20,FIN-03-L016,FIN-03,Clavel,Nelson,Invernadero,2025-06-27,85,1.41,83042,90,Microaspersión,Suelo,Reposo,9165,105000,0.88,15.2,21.0,9.6,82.5,17.2,0.0,0.29,12.5,30.9,26,26,16.7,13.8,79.1,Alto,0,31.1,25.7,18.2,10,PED-01583,2025-08-30,2025-09-25,CLI-059,Retail,Estados Unidos,Preventa,519,519,0.303,0,Alta,21,1,4691,2580,100.0,2061,Bajo,Alto,96.61,0.0,0.25,-0.023
2025-06-22,FIN-04-L031,FIN-04,Gypsophila,New Love,Invernadero,2025-03-19,95,1.03,99148,75,Microaspersión,Suelo,Vegetativo,6695,78000,0.88,17.8,25.8,11.6,69.4,11.8,6.8,0.6,12.2,41.6,38,19,12.8,10.9,90.5,Bajo,1,12.4,6.3,8.1,11,PED-01584,2025-06-01,2025-06-25,CLI-049,Retail,Estados Unidos,Spot,591,591,0.166,0,Baja,21,0,3025,2324,100.0,1733,Bajo,Alto,39.44,58.8,0.29,-0.066
2025-04-10,FIN-02-L028,FIN-02,Rosa,Explorer,Invernadero,2025-01-25,75,1.14,58779,105,Microaspersión,Coco,Cosecha,7409,85000,0.88,16.3,21.1,10.9,71.3,11.0,1.2,0.51,12.5,60.8,26,19,11.7,13.5,73.6,Medio,0,2.8,4.2,4.6,1,PED-01585,2025-03-11,2025-04-11,CLI-029,Retail,Estados Unidos,Contrato,1835,1835,0.453,0,Media,30,0,4482,3763,100.0,1928,Bajo,Alto,476.75,78.5,0.34,-0.005
2025-01-05,FIN-03-L041,FIN-03,Rosa,Explorer,Invernadero,2024-09-29,98,0.19,67651,105,Microaspersión,Coco,Cosecha,1235,85000,0.88,17.2,25.5,11.3,58.8,18.8,0.0,0.78,11.8,34.9,29,5,2.7,2.2,85.7,Alto,0,11.4,17.9,12.3,6,PED-01586,2024-12-22,2025-01-07,CLI-052,Mayorista,Estados Unidos,Contrato,4379,1001,0.409,0,Baja,14,0,1500,989,22.9,-3390,Alto,Bajo,204.01,32.8,0.35,-0.009
2025-11-29,FIN-03-L024,FIN-03,Clavel,Dover,Invernadero,2025-08-12,109,0.81,73165,90,Microaspersión,Suelo,Cosecha,5265,105000,0.88,14.4,18.6,7.4,48.5,17.5,0.6,0.82,12.1,48.9,30,14,10.9,9.3,98.0,Medio,1,11.3,14.2,10.7,7,PED-01587,2025-11-15,2025-12-01,CLI-074,Retail,España,Contrato,1066,1066,0.238,8,Alta,14,0,5332,3779,100.0,2713,Bajo,Alto,109.2,44.9,0.156,0.032
2025-04-25,FIN-02-L040,FIN-02,Clavel,Dover,Invernadero,2025-02-02,82,0.19,88416,90,Goteo,Suelo,Cosecha,1235,105000,0.88,16.7,22.9,11.2,59.5,18.8,0.8,0.74,12.5,27.1,22,4,2.4,2.1,95.7,Medio,0,6.9,5.1,6.6,4,PED-01588,2025-04-11,2025-04-26,CLI-109,Retail,Chile,Contrato,1389,1389,0.25,5,Media,14,1,2436,2002,100.0,613,Bajo,Alto,178.19,72.8,0.165,0.064
2025-05-24,FIN-02-L032,FIN-02,Gypsophila,Xlence,Invernadero,2025-03-07,78,0.4,94680,75,Goteo,Suelo,Reposo,2600,78000,0.88,17.2,22.1,13.0,72.7,12.9,1.3,0.52,12.3,63.8,18,10,5.0,3.1,80.2,Medio,0,19.7,14.3,14.8,5,PED-01589,2025-05-10,2025-05-29,CLI-091,Mayorista,Canadá,Contrato,5973,947,0.179,8,Alta,14,1,1695,1056,15.9,-4917,Alto,Bajo,67.57,19.9,0.286,0.07
2025-01-08,FIN-02-L057,FIN-02,Clavel,Nelson,Invernadero,2024-10-24,76,1.48,81748,90,Microaspersión,Cascarilla,Cosecha,9620,105000,0.88,16.4,23.6,12.1,85.0,20.5,0.0,0.27,11.8,39.4,32,38,24.2,13.9,86.4,Bajo,1,23.5,24.3,14.7,6,PED-01590,2024-12-25,2025-01-13,CLI-020,Broker,Países Bajos,Preventa,7748,3730,0.292,5,Media,14,0,6493,3571,48.1,-4177,Alto,Bajo,583.73,1.4,0.295,-0.14
2025-01-13,FIN-03-L058,FIN-03,Rosa,Freedom,Invernadero,2024-10-04,101,0.35,64481,105,Microaspersión,Coco,Cosecha,2275,85000,0.88,13.7,19.0,7.4,70.4,17.0,3.8,0.45,12.0,50.6,36,7,5.1,3.3,73.2,Medio,1,21.9,27.6,15.6,15,PED-01591,2024-12-23,2025-01-15,CLI-084,Supermercado,España,Preventa,4128,491,0.47,8,Alta,21,0,967,531,11.9,-3597,Alto,Bajo,111.64,0.0,0.356,-0.028
2025-12-21,FIN-01-L009,FIN-01,Rosa,Vendela,Invernadero,2025-08-13,130,1.23,75233,105,Goteo,Coco,Botón,7995,85000,0.88,16.4,25.2,11.3,61.8,16.2,0.5,0.69,12.4,47.2,24,23,14.8,13.5,90.1,Bajo,1,6.7,8.6,7.9,17,PED-01592,2025-12-07,2025-12-26,CLI-094,Mayorista,Estados Unidos,Spot,9885,3921,0.56,5,Media,14,1,6114,4796,39.7,-5089,Alto,Bajo,1292.59,63.7,0.295,0.015
2025-11-12,FIN-03-L033,FIN-03,Rosa,Freedom,Invernadero,2025-07-02,133,0.92,70882,105,Goteo,Suelo,Botón,5980,85000,0.88,12.9,17.7,8.4,73.3,12.4,0.1,0.38,12.7,37.3,19,19,9.7,8.2,85.7,Bajo,1,16.8,13.8,11.9,10,PED-01593,2025-10-22,2025-11-16,CLI-090,Mayorista,Canadá,Preventa,5002,1113,0.43,0,Media,21,1,1987,1315,22.3,-3687,Alto,Bajo,272.58,32.2,0.38,0.071
2025-08-26,FIN-02-L026,FIN-02,Rosa,Explorer,Invernadero,2025-04-08,140,0.49,60321,105,Goteo,Suelo,Cosecha,3185,85000,0.88,16.9,24.6,12.8,74.3,15.3,7.1,0.48,12.3,42.4,35,10,6.3,5.6,91.6,Medio,0,24.8,5.8,11.0,12,PED-01594,2025-08-12,2025-08-28,CLI-057,Exportador,Estados Unidos,Preventa,7782,1221,0.412,2,Media,14,1,1764,1212,15.7,-6570,Alto,Bajo,247.85,36.4,0.304,0.102
2025-11-11,FIN-02-L051,FIN-02,Clavel,Dover,Invernadero,2025-10-12,30,1.24,89780,90,Microaspersión,Cascarilla,Cosecha,8060,105000,0.88,19.2,23.2,14.1,75.1,12.0,0.0,0.53,11.7,58.1,29,19,14.5,10.9,84.2,Alto,0,20.0,19.0,13.4,13,PED-01595,2025-10-12,2025-11-12,CLI-067,Broker,Colombia,Preventa,4798,886,0.304,0,Media,30,0,1566,929,18.5,-3869,Alto,Bajo,166.17,16.4,0.45,0.109
2025-07-08,FIN-02-L011,FIN-02,Rosa,Freedom,Invernadero,2025-03-15,115,1.2,50963,105,Microaspersión,Cascarilla,Cosecha,7800,85000,0.88,15.9,23.9,11.3,75.8,14.4,3.7,0.42,12.2,61.9,31,18,16.7,11.8,100.0,Alto,1,16.4,20.3,12.8,0,PED-01596,2025-06-17,2025-07-13,CLI-038,Exportador,España,Spot,8665,3732,0.381,0,Media,21,0,5578,3475,43.1,-5190,Alto,Bajo,703.51,24.7,0.38,0.09
2025-04-13,FIN-01-L015,FIN-01,Rosa,Vendela,Invernadero,2025-01-02,101,1.69,63676,105,Microaspersión,Cascarilla,Vegetativo,10985,85000,0.88,16.4,24.8,9.8,81.9,14.4,1.9,0.33,12.0,58.7,19,41,22.9,13.2,85.8,Medio,1,9.9,5.6,12.7,9,PED-01597,2025-03-23,2025-04-14,CLI-003,Exportador,Estados Unidos,Spot,6970,6970,0.483,5,Media,21,1,11818,9050,100.0,2080,Bajo,Medio,1990.42,52.5,0.235,0.011
2025-06-22,FIN-03-L017,FIN-03,Clavel,Nelson,Invernadero,2025-03-03,111,1.49,89479,90,Microaspersión,Coco,Cosecha,9685,105000,0.88,16.0,23.9,11.1,66.3,16.5,1.6,0.59,11.8,43.8,34,31,15.9,14.2,77.0,Medio,0,14.3,16.7,10.3,8,PED-01598,2025-05-08,2025-06-26,CLI-096,Exportador,Estados Unidos,Contrato,10627,6294,0.305,12,Alta,45,0,8969,5842,59.2,-4785,Alto,Bajo,1064.69,32.6,0.45,0.005
2025-02-06,FIN-01-L050,FIN-01,Rosa,Mondial,Invernadero,2024-11-22,76,0.76,65541,105,Goteo,Coco,Vegetativo,4940,85000,0.88,11.2,16.1,6.8,84.1,15.8,0.0,0.25,11.8,36.4,23,17,8.3,6.0,86.2,Medio,0,14.9,18.5,12.9,6,PED-01599,2025-01-30,2025-02-10,CLI-047,Retail,Colombia,Preventa,3458,1184,0.616,5,Media,7,0,1933,1222,34.2,-2236,Alto,Bajo,495.43,25.8,0.225,0.075
2025-04-16,FIN-03-L041,FIN-03,Rosa,Freedom,Invernadero,2024-12-11,126,1.37,74928,105,Goteo,Coco,Vegetativo,8905,85000,0.88,16.3,24.0,11.9,70.4,10.5,0.0,0.53,12.3,76.8,26,27,15.8,12.3,76.0,Medio,1,1.8,8.4,8.5,10,PED-01600,2025-04-02,2025-04-17,CLI-053,Retail,España,Preventa,1636,1636,0.371,2,Media,14,1,5213,4165,100.0,2529,Bajo,Alto,306.04,66.0,0.174,0.075
2025-03-31,FIN-01-L037,FIN-01,Clavel,Bizet,Invernadero,2025-01-03,87,0.93,71200,90,Goteo,Coco,Botón,6045,105000,0.88,20.3,26.7,13.6,77.2,16.1,1.2,0.51,12.2,70.1,14,18,13.9,8.9,96.8,Medio,1,3.5,15.0,9.5,12,PED-01601,2025-03-01,2025-04-02,CLI-040,Supermercado,Estados Unidos,Preventa,3238,3238,0.222,0,Alta,30,1,6601,4969,100.0,1731,Bajo,Alto,347.75,56.8,0.34,-0.07
2025-11-21,FIN-02-L017,FIN-02,Rosa,Explorer,Invernadero,2025-08-11,102,0.46,66806,105,Goteo,Coco,Vegetativo,2990,85000,0.88,18.2,24.8,13.1,63.5,16.2,7.9,0.73,11.9,59.4,25,12,6.4,4.0,69.0,Bajo,1,6.2,9.3,9.7,8,PED-01602,2025-11-14,2025-11-23,CLI-014,Retail,Países Bajos,Preventa,1668,1668,0.539,5,Alta,7,0,3182,2397,100.0,729,Bajo,Alto,526.65,54.2,0.095,0.069
2025-08-29,FIN-01-L012,FIN-01,Rosa,Vendela,Invernadero,2025-05-11,110,0.29,57076,105,Microaspersión,Coco,Vegetativo,1884,85000,0.88,17.5,21.8,11.4,65.7,17.6,0.4,0.66,12.3,39.4,33,6,3.8,1.7,67.2,Medio,1,1.2,26.4,11.4,1,PED-01603,2025-07-30,2025-09-01,CLI-066,Mayorista,Estados Unidos,Preventa,4203,1010,0.388,0,Alta,30,1,1856,1184,24.0,-3019,Alto,Bajo,217.7,31.6,0.45,0.175
2025-08-25,FIN-04-L041,FIN-04,Gypsophila,Million Star,Invernadero,2025-07-07,49,1.11,92456,75,Goteo,Cascarilla,Cosecha,7215,78000,0.88,16.3,21.5,9.9,72.9,11.3,0.6,0.49,11.6,75.1,24,25,9.6,8.6,75.0,Medio,1,6.2,9.3,9.4,7,PED-01604,2025-08-11,2025-08-26,CLI-087,Supermercado,Estados Unidos,Spot,2406,2406,0.233,5,Media,14,0,3313,2520,100.0,114,Bajo,Bajo,318.46,56.4,0.165,-0.142
2025-07-02,FIN-03-L028,FIN-03,Clavel,Bizet,Invernadero,2025-04-01,92,1.24,79397,90,Microaspersión,Cascarilla,Botón,8060,105000,0.88,14.4,20.2,9.0,70.0,11.8,0.8,0.48,12.1,85.8,39,22,14.4,9.1,84.6,Medio,1,22.5,12.3,12.5,11,PED-01605,2025-06-25,2025-07-06,CLI-102,Mayorista,Estados Unidos,Preventa,2756,2756,0.247,2,Media,7,0,7018,4464,100.0,1708,Bajo,Alto,383.42,24.9,0.104,-0.15
2025-07-13,FIN-03-L013,FIN-03,Gypsophila,New Love,Invernadero,2025-03-24,111,0.8,109108,75,Goteo,Coco,Vegetativo,5200,78000,0.88,19.4,26.8,14.3,80.3,15.3,0.0,0.42,12.1,52.8,38,16,8.6,6.8,75.6,Medio,0,14.3,14.8,13.1,15,PED-01606,2025-06-22,2025-07-17,CLI-061,Mayorista,Canadá,Preventa,1242,1242,0.156,10,Media,21,0,1745,1141,100.0,-101,Medio,Bajo,48.07,29.2,0.22,0.072
2025-12-09,FIN-02-L036,FIN-02,Clavel,Nelson,Invernadero,2025-09-27,73,1.71,79037,90,Microaspersión,Suelo,Botón,11115,105000,0.88,15.2,22.1,9.7,86.6,11.4,1.5,0.25,12.0,57.0,21,32,14.7,22.0,83.6,Alto,1,21.7,11.4,13.0,7,PED-01607,2025-11-25,2025-12-13,CLI-012,Retail,Chile,Marketplace,1854,1854,0.348,5,Media,14,0,7599,4902,100.0,3048,Bajo,Alto,385.87,26.1,0.165,0.242
2025-02-18,FIN-01-L060,FIN-01,Rosa,Mondial,Campo abierto,2024-10-30,111,0.5,62148,105,Goteo,Coco,Botón,3250,85000,0.88,18.3,23.5,13.8,64.6,18.2,0.3,0.71,12.0,30.8,41,10,4.7,3.2,92.6,Medio,0,3.1,6.8,6.6,8,PED-01608,2025-01-19,2025-02-20,CLI-106,Retail,Chile,Preventa,1786,1786,0.462,10,Baja,30,0,4124,3415,100.0,1629,Bajo,Alto,383.79,74.8,0.35,0.017
2025-10-05,FIN-01-L001,FIN-01,Rosa,Vendela,Invernadero,2025-07-29,68,0.53,59825,105,Microaspersión,Suelo,Cosecha,3445,85000,0.88,15.1,20.9,10.4,70.1,17.2,3.4,0.5,11.9,43.3,27,10,6.7,4.3,83.9,Medio,1,11.0,6.0,8.9,9,PED-01609,2025-09-14,2025-10-10,CLI-118,Broker,Canadá,Contrato,5272,1431,0.49,5,Media,21,0,2383,1833,27.1,-3439,Alto,Bajo,385.11,57.9,0.365,0.135
2025-04-06,FIN-01-L008,FIN-01,Rosa,Explorer,Invernadero,2025-02-27,38,1.09,75634,105,Microaspersión,Cascarilla,Cosecha,7085,85000,0.88,18.2,23.0,13.5,75.7,13.5,2.5,0.49,12.6,64.5,24,23,14.2,8.3,85.6,Bajo,1,12.3,6.0,8.6,1,PED-01610,2025-03-23,2025-04-11,CLI-069,Exportador,Países Bajos,Preventa,12479,1363,0.545,5,Baja,14,1,1935,1479,10.9,-11000,Alto,Bajo,426.91,57.1,0.335,0.119
2025-04-07,FIN-02-L001,FIN-02,Rosa,Mondial,Invernadero,2024-11-24,134,0.69,75801,105,Microaspersión,Cascarilla,Cosecha,4485,85000,0.88,18.4,23.4,13.2,63.8,15.1,2.8,0.73,12.0,47.9,26,13,8.0,9.7,77.9,Bajo,0,22.2,18.8,13.5,0,PED-01611,2025-03-08,2025-04-09,CLI-060,Exportador,Canadá,Marketplace,10878,1314,0.479,2,Media,30,0,2111,1214,12.1,-9664,Alto,Bajo,383.4,11.8,0.45,0.141
2025-01-23,FIN-02-L013,FIN-02,Rosa,Freedom,Invernadero,2024-10-16,99,0.96,55168,105,Goteo,Suelo,Botón,6240,85000,0.88,12.6,19.0,7.5,76.7,12.8,2.1,0.32,11.7,47.5,31,15,15.1,8.7,78.3,Alto,1,31.9,7.1,15.0,12,PED-01612,2025-01-02,2025-01-27,CLI-029,Retail,Países Bajos,Spot,1831,1831,0.536,0,Alta,21,0,3558,2152,100.0,321,Bajo,Medio,645.89,12.8,0.25,0.213
2025-10-10,FIN-03-L032,FIN-03,Rosa,Mondial,Campo abierto,2025-05-23,140,0.43,60458,105,Goteo,Coco,Cosecha,2795,85000,0.88,21.2,28.8,15.3,77.6,19.1,0.0,0.52,12.2,26.5,36,6,4.7,2.5,87.9,Medio,1,8.0,1.4,6.1,4,PED-01613,2025-10-03,2025-10-15,CLI-112,Exportador,España,Contrato,10775,1637,0.452,0,Baja,7,0,2401,2015,15.2,-8760,Alto,Bajo,458.05,75.9,0.28,-0.067
2025-12-12,FIN-04-L019,FIN-04,Rosa,Vendela,Invernadero,2025-09-09,94,1.67,70315,105,Goteo,Cascarilla,Botón,10855,85000,0.88,16.7,23.0,10.5,60.2,18.1,3.0,0.73,11.6,59.3,29,30,21.9,16.7,90.0,Alto,1,8.5,5.8,6.4,17,PED-01614,2025-12-05,2025-12-17,CLI-059,Mayorista,Estados Unidos,Spot,8660,8660,0.568,0,Media,7,0,13795,11063,100.0,2403,Bajo,Medio,3166.99,68.5,0.11,-0.005
2025-01-22,FIN-04-L033,FIN-04,Rosa,Freedom,Campo abierto,2024-10-25,89,1.37,71259,105,Microaspersión,Coco,Vegetativo,8905,85000,0.88,14.1,19.1,7.1,74.0,18.3,2.0,0.4,12.4,46.3,28,22,15.4,11.7,72.1,Medio,0,35.0,11.4,16.0,12,PED-01615,2025-01-01,2025-01-23,CLI-016,Exportador,Chile,Preventa,8159,2924,0.53,0,Media,21,1,5231,2877,35.8,-5282,Alto,Bajo,1031.97,0.0,0.38,0.046
2025-10-27,FIN-02-L005,FIN-02,Gypsophila,Xlence,Invernadero,2025-08-28,60,0.87,80232,75,Microaspersión,Cascarilla,Cosecha,5655,78000,0.88,17.5,21.7,10.6,72.1,17.5,1.7,0.54,12.2,37.2,26,19,10.9,6.2,86.6,Medio,0,7.8,5.7,7.2,12,PED-01616,2025-10-20,2025-10-29,CLI-004,Retail,Estados Unidos,Contrato,1220,1220,0.226,8,Media,7,0,5737,4591,100.0,3371,Bajo,Alto,151.4,67.1,0.086,0.075
2025-01-06,FIN-01-L059,FIN-01,Rosa,Mondial,Invernadero,2024-09-27,101,1.2,59952,105,Microaspersión,Cascarilla,Cosecha,7800,85000,0.88,19.7,25.0,13.0,62.8,11.5,0.0,0.81,12.4,60.0,36,25,12.7,11.2,87.7,Medio,1,23.8,30.0,16.2,17,PED-01617,2024-12-23,2025-01-11,CLI-101,Mayorista,España,Spot,5296,1264,0.456,12,Media,14,0,2205,1212,23.9,-4084,Alto,Bajo,288.94,0.0,0.274,0.237
2025-03-08,FIN-03-L040,FIN-03,Rosa,Explorer,Invernadero,2024-11-19,109,1.79,60628,105,Microaspersión,Cascarilla,Cosecha,11635,85000,0.88,16.0,23.7,10.7,74.1,15.9,0.5,0.46,12.1,49.2,40,39,23.6,16.5,82.1,Medio,1,16.7,30.0,15.3,2,PED-01618,2025-02-06,2025-03-09,CLI-008,Exportador,Estados Unidos,Spot,7961,3565,0.487,12,Media,30,1,5919,3255,44.8,-4706,Alto,Bajo,793.0,0.0,0.434,0.144
2025-01-26,FIN-01-L031,FIN-01,Clavel,Bizet,Campo abierto,2024-10-13,105,0.68,93390,90,Goteo,Cascarilla,Vegetativo,4420,105000,0.88,16.0,20.9,11.3,74.2,16.5,0.8,0.45,11.8,44.3,32,13,8.0,5.0,99.2,Medio,0,1.5,10.8,8.0,17,PED-01619,2025-01-05,2025-01-29,CLI-091,Exportador,Países Bajos,Marketplace,10543,3721,0.31,10,Media,21,1,5286,4264,35.3,-6279,Alto,Bajo,650.66,69.7,0.35,0.031
2025-01-23,FIN-04-L057,FIN-04,Clavel,Nelson,Invernadero,2024-12-21,33,0.57,90437,90,Microaspersión,Cascarilla,Vegetativo,3704,105000,0.88,15.7,21.4,10.5,73.3,14.2,0.0,0.46,12.3,64.3,26,12,9.2,4.2,71.3,Medio,0,35.0,11.2,14.9,1,PED-01620,2025-01-09,2025-01-27,CLI-116,Exportador,Estados Unidos,Preventa,11137,419,0.32,0,Alta,14,1,797,438,3.8,-10699,Alto,Bajo,81.16,0.7,0.31,0.068
2025-08-31,FIN-02-L005,FIN-02,Clavel,Nelson,Invernadero,2025-04-30,123,1.45,68233,90,Goteo,Coco,Vegetativo,9425,105000,0.88,13.6,18.6,9.4,64.8,15.5,2.4,0.53,12.4,31.9,29,24,17.8,12.7,89.9,Medio,1,5.5,10.7,9.2,1,PED-01621,2025-07-17,2025-09-02,CLI-072,Broker,Países Bajos,Spot,3917,3917,0.298,0,Media,45,0,6313,4857,100.0,940,Bajo,Medio,768.99,59.4,0.45,0.027
2025-08-11,FIN-01-L038,FIN-01,Rosa,Explorer,Invernadero,2025-03-15,149,0.97,64090,105,Microaspersión,Suelo,Botón,6305,85000,0.88,13.6,18.8,8.2,80.1,16.0,0.0,0.3,12.3,57.7,26,14,10.0,9.8,69.4,Alto,1,13.2,13.3,10.2,11,PED-01622,2025-07-21,2025-08-14,CLI-040,Exportador,España,Contrato,7347,1825,0.432,5,Media,21,0,3491,2366,24.8,-4981,Alto,Bajo,401.72,37.5,0.365,-0.009
2025-02-10,FIN-03-L051,FIN-03,Clavel,Bizet,Invernadero,2024-10-12,121,1.15,93273,90,Microaspersión,Suelo,Cosecha,7474,105000,0.88,19.3,26.4,12.4,61.9,20.6,0.3,0.81,12.6,21.9,38,22,15.1,13.3,94.6,Medio,1,14.0,1.5,8.8,5,PED-01623,2025-02-03,2025-02-13,CLI-100,Supermercado,Países Bajos,Marketplace,5506,5506,0.246,0,Baja,7,1,8937,7135,100.0,1629,Bajo,Medio,735.94,63.3,0.15,-0.07
2025-03-31,FIN-03-L025,FIN-03,Gypsophila,Million Star,Invernadero,2024-11-30,121,0.23,90950,75,Microaspersión,Coco,Reposo,1495,78000,0.88,15.6,20.6,11.2,66.1,8.1,0.0,0.58,12.0,58.2,43,5,3.1,1.7,78.4,Medio,1,1.7,1.1,4.9,3,PED-01624,2025-03-17,2025-04-02,CLI-035,Exportador,España,Contrato,6241,256,0.159,0,Media,14,0,352,307,4.1,-5934,Alto,Bajo,18.28,85.3,0.31,-0.066
2025-10-05,FIN-01-L006,FIN-01,Rosa,Explorer,Invernadero,2025-07-06,91,1.36,65298,105,Microaspersión,Suelo,Vegetativo,8840,85000,0.88,14.3,19.5,7.3,58.9,20.3,0.0,0.65,11.4,37.8,26,27,16.6,17.8,88.7,Medio,1,8.5,21.8,10.8,8,PED-01625,2025-09-28,2025-10-08,CLI-037,Supermercado,Países Bajos,Contrato,2847,2847,0.526,5,Media,7,0,7217,4727,100.0,1880,Bajo,Alto,865.08,34.9,0.095,-0.083
2025-11-10,FIN-02-L020,FIN-02,Rosa,Mondial,Invernadero,2025-08-13,89,1.2,58998,105,Microaspersión,Cascarilla,Cosecha,7800,85000,0.88,18.3,22.4,13.5,68.1,14.8,0.0,0.64,12.0,46.1,26,26,15.7,14.3,83.1,Bajo,0,17.7,25.2,14.4,6,PED-01626,2025-11-03,2025-11-14,CLI-003,Retail,Estados Unidos,Contrato,1812,1674,0.549,0,Baja,7,0,3992,2206,92.4,394,Bajo,Medio,597.89,8.0,0.15,-0.116
2025-01-12,FIN-03-L056,FIN-03,Clavel,Dover,Invernadero,2024-11-19,54,0.67,85433,90,Goteo,Cascarilla,Cosecha,4355,105000,0.88,15.9,20.7,10.4,76.2,20.2,0.0,0.42,12.3,32.1,23,16,6.8,5.8,84.4,Medio,1,12.0,5.5,7.5,9,PED-01627,2024-12-29,2025-01-14,CLI-093,Exportador,España,Spot,7128,2738,0.268,5,Media,14,1,4358,3370,38.4,-3758,Alto,Bajo,366.98,60.3,0.295,0.138
2025-05-25,FIN-04-L058,FIN-04,Rosa,Vendela,Invernadero,2025-02-21,93,0.73,74403,105,Microaspersión,Coco,Cosecha,4745,85000,0.88,16.8,25.5,12.3,79.4,19.3,0.0,0.38,12.1,48.2,24,15,8.0,5.6,94.3,Medio,1,35.0,8.0,13.9,17,PED-01628,2025-04-25,2025-05-28,CLI-021,Exportador,Países Bajos,Contrato,10851,2937,0.434,8,Media,30,0,4394,2635,27.1,-8216,Alto,Bajo,644.37,13.4,0.446,-0.07
2025-10-03,FIN-01-L053,FIN-01,Rosa,Explorer,Invernadero,2025-08-25,39,1.52,72565,105,Goteo,Coco,Cosecha,9880,85000,0.88,14.8,23.0,8.7,77.0,23.6,0.3,0.37,12.2,47.8,30,30,19.8,14.5,100.0,Alto,1,17.1,13.3,10.6,0,PED-01629,2025-09-03,2025-10-06,CLI-120,Mayorista,Estados Unidos,Preventa,3737,3363,0.515,10,Alta,30,0,4573,3126,90.0,-611,Medio,Bajo,950.6,38.8,0.31,0.005
2025-01-13,FIN-02-L017,FIN-02,Clavel,Nelson,Invernadero,2024-10-04,101,0.24,78207,90,Microaspersión,Cascarilla,Cosecha,1560,105000,0.88,13.7,18.2,7.3,82.3,16.9,0.9,0.27,11.9,60.9,29,4,3.1,1.5,82.4,Medio,0,6.4,2.6,4.9,14,PED-01630,2024-12-30,2025-01-14,CLI-078,Retail,Canadá,Preventa,1770,1216,0.26,5,Alta,14,0,1828,1532,68.7,-238,Medio,Bajo,160.24,77.4,0.165,-0.119
2025-01-05,FIN-01-L001,FIN-01,Rosa,Explorer,Invernadero,2024-09-20,107,0.73,65383,105,Microaspersión,Suelo,Botón,4745,85000,0.88,17.0,21.1,10.9,75.9,13.4,1.7,0.45,12.1,58.1,32,12,8.2,8.5,92.7,Bajo,0,24.9,28.6,16.9,0,PED-01631,2024-12-22,2025-01-08,CLI-086,Mayorista,Países Bajos,Spot,5124,963,0.397,12,Media,14,0,1855,1020,18.8,-4104,Alto,Bajo,173.05,0.0,0.274,0.001
2025-07-15,FIN-01-L011,FIN-01,Rosa,Explorer,Invernadero,2025-04-16,90,1.56,64448,105,Microaspersión,Coco,Botón,10140,85000,0.88,16.6,24.1,11.9,72.2,17.6,3.1,0.51,11.7,56.9,30,27,15.5,10.4,86.2,Alto,1,16.8,4.9,6.7,5,PED-01632,2025-06-24,2025-07-18,CLI-005,Exportador,Estados Unidos,Contrato,6897,6897,0.528,0,Baja,21,1,12729,9602,100.0,2705,Bajo,Alto,2456.6,56.6,0.29,0.096
2025-09-20,FIN-03-L015,FIN-03,Rosa,Mondial,Invernadero,2025-05-25,118,1.32,67464,105,Microaspersión,Coco,Vegetativo,8580,85000,0.88,15.5,23.2,10.5,72.1,11.8,1.8,0.48,12.4,85.1,25,28,16.4,10.9,93.3,Bajo,0,22.8,17.6,15.4,1,PED-01633,2025-08-30,2025-09-21,CLI-003,Supermercado,Estados Unidos,Contrato,2755,2248,0.551,5,Media,21,0,4442,2616,81.6,-139,Medio,Bajo,791.7,12.7,0.235,-0.033
2025-08-30,FIN-01-L020,FIN-01,Clavel,Dover,Invernadero,2025-06-15,76,1.26,86496,90,Microaspersión,Cascarilla,Reposo,8190,105000,0.88,19.4,24.1,12.8,50.8,24.9,0.3,1.05,12.4,13.7,28,30,13.8,11.1,64.5,Medio,0,5.3,30.0,14.1,13,PED-01634,2025-08-09,2025-09-02,CLI-023,Retail,Colombia,Marketplace,1152,1152,0.266,2,Alta,21,0,9679,5529,100.0,4377,Bajo,Alto,162.35,14.1,0.244,0.044
2025-08-11,FIN-04-L001,FIN-04,Rosa,Vendela,Campo abierto,2025-04-19,114,1.08,75867,105,Goteo,Cascarilla,Botón,7020,85000,0.88,14.4,22.1,8.5,70.5,18.5,2.0,0.47,12.1,40.0,26,21,15.4,9.5,78.4,Medio,1,22.5,13.3,11.8,2,PED-01635,2025-07-21,2025-08-12,CLI-009,Mayorista,Estados Unidos,Spot,5369,3632,0.421,5,Media,21,1,5828,3641,67.6,-1728,Alto,Bajo,766.38,23.4,0.365,0.017
2025-01-29,FIN-04-L018,FIN-04,Clavel,Bizet,Invernadero,2024-10-27,94,1.67,76763,90,Goteo,Coco,Reposo,10855,105000,0.88,17.8,24.3,11.5,63.6,16.8,0.4,0.71,11.7,46.8,18,26,19.7,14.2,80.2,Bajo,1,2.9,2.1,6.7,4,PED-01636,2025-01-15,2025-02-01,CLI-086,Retail,Estados Unidos,Preventa,870,870,0.245,0,Media,14,0,22205,18967,100.0,18097,Bajo,Alto,103.4,78.8,0.18,0.18
2025-07-07,FIN-03-L052,FIN-03,Rosa,Mondial,Invernadero,2025-03-16,113,1.6,57469,105,Microaspersión,Suelo,Cosecha,10400,85000,0.88,17.6,25.7,11.8,68.1,14.0,0.6,0.62,11.1,49.8,30,28,25.7,12.5,94.2,Alto,0,3.1,2.8,6.5,12,PED-01637,2025-06-16,2025-07-08,CLI-041,Retail,Estados Unidos,Preventa,2625,2625,0.407,10,Media,21,0,13249,11423,100.0,8798,Bajo,Alto,519.05,81.4,0.22,-0.021
2025-02-19,FIN-01-L018,FIN-01,Rosa,Mondial,Invernadero,2024-11-02,109,0.37,80325,105,Microaspersión,Cascarilla,Vegetativo,2405,85000,0.88,17.0,25.3,11.4,79.4,18.0,1.2,0.39,13.0,37.7,20,7,4.1,4.4,88.5,Medio,0,10.9,13.6,11.3,3,PED-01638,2025-02-05,2025-02-20,CLI-099,Supermercado,Estados Unidos,Contrato,5660,2242,0.393,5,Media,14,0,3318,2336,39.6,-3324,Alto,Bajo,405.57,42.7,0.295,0.001
2025-10-24,FIN-01-L030,FIN-01,Gypsophila,Xlence,Invernadero,2025-08-20,65,1.49,92983,75,Microaspersión,Cascarilla,Cosecha,9685,78000,0.88,16.6,25.6,10.7,68.9,20.8,0.0,0.57,12.3,25.0,21,33,22.4,14.1,84.2,Medio,1,4.9,12.0,12.0,7,PED-01639,2025-10-03,2025-10-25,CLI-095,Exportador,España,Spot,4639,4639,0.239,2,Media,21,0,13168,9820,100.0,5181,Bajo,Alto,670.79,51.0,0.244,0.006
2025-03-23,FIN-01-L033,FIN-01,Rosa,Mondial,Invernadero,2024-11-28,115,1.6,63162,105,Goteo,Cascarilla,Botón,10400,85000,0.88,16.1,24.1,11.8,63.0,15.0,0.1,0.66,12.6,44.6,22,31,18.8,21.8,80.8,Medio,0,12.3,11.3,13.1,5,PED-01640,2025-02-06,2025-03-28,CLI-084,Exportador,Estados Unidos,Preventa,9614,5472,0.445,0,Baja,45,0,9630,6733,56.9,-2881,Alto,Bajo,1380.31,38.5,0.45,0.12
2025-07-07,FIN-02-L029,FIN-02,Rosa,Mondial,Invernadero,2025-03-09,120,0.92,62410,105,Microaspersión,Coco,Cosecha,5980,85000,0.88,16.9,25.6,12.1,89.3,7.0,1.9,0.25,12.1,66.9,28,14,13.1,7.7,88.3,Alto,1,34.6,24.9,19.6,1,PED-01641,2025-06-16,2025-07-11,CLI-043,Supermercado,Estados Unidos,Preventa,2909,497,0.492,2,Alta,21,0,1092,600,17.1,-2309,Alto,Bajo,153.96,0.0,0.374,-0.212
2025-11-07,FIN-02-L059,FIN-02,Rosa,Freedom,Invernadero,2025-07-13,117,0.19,69834,105,Goteo,Suelo,Botón,1235,85000,0.88,18.2,26.2,12.7,66.7,8.7,0.0,0.67,11.5,63.5,30,4,2.5,1.8,81.6,Alto,1,7.5,7.2,6.6,3,PED-01642,2025-09-23,2025-11-12,CLI-007,Supermercado,Canadá,Preventa,3570,629,0.455,0,Alta,45,1,957,753,17.6,-2817,Alto,Bajo,174.89,65.2,0.45,0.106
2025-02-01,FIN-03-L051,FIN-03,Rosa,Explorer,Invernadero,2024-11-13,80,1.34,61908,105,Goteo,Coco,Botón,8710,85000,0.88,19.4,23.9,14.4,80.8,25.1,0.0,0.41,11.8,23.3,35,23,16.1,12.6,75.4,Alto,1,2.9,10.2,7.9,8,PED-01643,2025-01-18,2025-02-05,CLI-032,Exportador,Estados Unidos,Preventa,19068,7713,0.519,5,Alta,14,0,11488,8958,40.4,-10110,Alto,Bajo,2456.76,62.9,0.295,0.089
2025-07-28,FIN-01-L036,FIN-01,Gypsophila,Million Star,Invernadero,2025-06-08,50,0.36,94880,75,Microaspersión,Coco,Cosecha,2340,78000,0.88,19.0,23.4,13.2,49.9,11.6,0.0,1.05,11.9,73.6,20,7,5.4,3.1,76.2,Medio,1,11.9,10.8,10.7,7,PED-01644,2025-07-14,2025-07-29,CLI-058,Mayorista,Colombia,Spot,300,300,0.167,0,Alta,14,0,999,709,100.0,409,Bajo,Alto,24.59,43.7,0.18,-0.067
2025-07-20,FIN-04-L056,FIN-04,Gypsophila,Million Star,Campo abierto,2025-05-12,69,0.42,87512,75,Microaspersión,Suelo,Cosecha,2730,78000,0.88,13.0,19.3,8.5,83.1,22.9,0.4,0.25,11.9,9.7,30,10,5.7,4.4,80.8,Alto,0,19.5,7.1,11.0,11,PED-01645,2025-07-06,2025-07-22,CLI-019,Exportador,Países Bajos,Contrato,4919,1918,0.228,0,Baja,14,0,2957,2063,39.0,-2856,Alto,Bajo,243.21,39.2,0.35,-0.176
2025-12-19,FIN-04-L060,FIN-04,Rosa,Explorer,Invernadero,2025-09-02,108,1.53,69316,105,Goteo,Coco,Botón,9945,85000,0.88,14.7,21.3,8.7,84.9,16.2,2.1,0.25,12.2,45.4,29,27,16.8,15.3,79.7,Bajo,1,2.9,22.8,12.5,8,PED-01646,2025-12-05,2025-12-20,CLI-115,Supermercado,Países Bajos,Marketplace,7188,6104,0.472,8,Media,14,1,8249,5484,84.9,-1704,Alto,Bajo,1453.62,35.4,0.286,0.007
2025-10-11,FIN-01-L038,FIN-01,Rosa,Explorer,Invernadero,2025-07-17,86,0.75,69250,105,Goteo,Suelo,Cosecha,4875,85000,0.88,14.4,21.7,10.2,69.0,16.7,0.0,0.49,12.0,29.4,30,16,6.2,6.1,93.4,Bajo,1,17.6,6.0,8.6,6,PED-01647,2025-09-11,2025-10-12,CLI-119,Broker,Colombia,Contrato,7097,2654,0.437,8,Media,30,1,4102,3037,37.4,-4060,Alto,Bajo,577.15,51.6,0.446,-0.058
2025-10-28,FIN-04-L022,FIN-04,Rosa,Mondial,Invernadero,2025-07-12,108,1.73,64181,105,Goteo,Cascarilla,Vegetativo,11245,85000,0.88,14.5,23.3,10.4,75.2,22.7,1.7,0.4,12.1,18.3,20,32,17.8,17.0,84.9,Medio,1,14.0,8.3,11.8,16,PED-01648,2025-10-21,2025-11-02,CLI-035,Exportador,Países Bajos,Contrato,10437,10437,0.47,2,Media,7,0,13668,9872,100.0,-565,Medio,Bajo,2812.74,44.4,0.104,-0.047
2025-11-03,FIN-04-L033,FIN-04,Clavel,Nelson,Invernadero,2025-09-01,63,1.5,68236,90,Goteo,Cascarilla,Cosecha,9750,105000,0.88,17.7,25.5,11.4,84.3,20.1,1.6,0.31,12.6,40.1,8,27,20.8,12.2,76.6,Medio,1,4.0,18.7,15.2,16,PED-01649,2025-10-04,2025-11-06,CLI-047,Supermercado,Estados Unidos,Preventa,1970,1970,0.252,8,Baja,30,1,9450,6399,100.0,4429,Bajo,Alto,245.8,33.6,0.356,-0.073
2025-05-31,FIN-04-L058,FIN-04,Rosa,Explorer,Invernadero,2025-03-07,85,1.17,59457,105,Microaspersión,Coco,Botón,7604,85000,0.88,13.6,17.7,7.4,81.5,15.7,1.4,0.28,12.1,72.1,24,23,16.0,10.8,83.5,Alto,1,31.3,19.6,17.3,10,PED-01650,2025-05-10,2025-06-05,CLI-077,Broker,Estados Unidos,Spot,7440,2084,0.359,5,Media,21,1,3634,1998,28.0,-5442,Alto,Bajo,295.44,0.0,0.365,0.041
2025-12-02,FIN-01-L027,FIN-01,Rosa,Mondial,Invernadero,2025-09-23,70,0.39,61743,105,Goteo,Cascarilla,Botón,2535,85000,0.88,20.5,27.4,16.2,62.7,16.8,1.1,0.84,11.9,35.6,23,9,6.4,2.6,93.0,Medio,0,35.0,2.8,10.8,12,PED-01651,2025-11-11,2025-12-04,CLI-050,Supermercado,Colombia,Contrato,5523,1018,0.438,5,Alta,21,0,1461,953,18.4,-4570,Alto,Bajo,225.39,27.4,0.365,0.045
2025-03-07,FIN-01-L019,FIN-01,Clavel,Dover,Invernadero,2024-11-28,99,0.72,66091,90,Goteo,Cascarilla,Cosecha,4680,105000,0.88,14.6,20.5,7.7,63.0,11.9,2.6,0.59,12.0,59.9,25,14,9.6,6.7,78.0,Alto,0,4.4,16.3,9.4,8,PED-01652,2025-02-14,2025-03-08,CLI-035,Exportador,Colombia,Spot,3874,2715,0.234,0,Media,21,0,4457,3202,70.1,-672,Medio,Bajo,353.45,49.1,0.25,-0.11
2025-09-10,FIN-02-L020,FIN-02,Rosa,Explorer,Invernadero,2025-06-20,82,1.28,76911,105,Goteo,Coco,Botón,8320,85000,0.88,14.0,20.6,7.8,68.5,14.3,0.0,0.49,11.9,44.0,23,22,13.6,12.1,78.4,Medio,1,9.6,9.6,12.2,17,PED-01653,2025-08-11,2025-09-15,CLI-014,Broker,Estados Unidos,Spot,8524,3517,0.557,5,Media,30,1,5716,4173,41.3,-4351,Alto,Bajo,1168.78,46.1,0.45,0.032
2025-09-14,FIN-01-L038,FIN-01,Clavel,Bizet,Invernadero,2025-06-02,104,1.02,90477,90,Goteo,Suelo,Cosecha,6630,105000,0.88,16.0,20.9,10.8,72.6,7.0,2.9,0.48,12.8,61.5,15,20,9.0,8.1,80.9,Alto,1,11.9,9.2,9.2,14,PED-01654,2025-09-07,2025-09-16,CLI-071,Broker,Estados Unidos,Spot,463,463,0.212,0,Media,7,0,3552,2607,100.0,2144,Bajo,Alto,51.89,50.4,0.11,-0.165
2025-05-11,FIN-04-L049,FIN-04,Rosa,Mondial,Invernadero,2025-02-15,85,0.52,65381,105,Microaspersión,Cascarilla,Botón,3380,85000,0.88,17.8,26.7,11.3,65.6,9.1,0.3,0.67,11.9,80.6,32,8,5.8,4.5,85.7,Medio,1,7.2,5.9,6.6,15,PED-01655,2025-05-04,2025-05-15,CLI-055,Exportador,Países Bajos,Spot,20949,1438,0.56,0,Alta,7,0,2036,1636,6.9,-19313,Alto,Bajo,568.89,68.6,0.24,-0.265
2025-04-07,FIN-02-L032,FIN-02,Clavel,Dover,Invernadero,2025-01-29,68,0.57,77499,90,Microaspersión,Coco,Reposo,3704,105000,0.88,19.0,25.2,12.8,68.3,13.0,0.6,0.66,12.1,68.1,34,12,5.0,4.9,87.9,Alto,1,19.7,7.5,10.4,14,PED-01656,2025-03-17,2025-04-11,CLI-081,Broker,Canadá,Preventa,5022,1627,0.232,2,Media,21,1,2912,2047,32.4,-2975,Alto,Bajo,195.36,41.3,0.374,-0.037
2025-12-20,FIN-03-L023,FIN-03,Gypsophila,Xlence,Invernadero,2025-10-01,80,1.21,95723,75,Goteo,Cascarilla,Vegetativo,7865,78000,0.88,13.7,21.2,9.6,59.4,20.4,1.2,0.61,12.0,47.0,29,24,14.6,12.3,86.4,Bajo,1,5.4,11.3,10.1,12,PED-01657,2025-11-05,2025-12-22,CLI-091,Mayorista,Estados Unidos,Marketplace,6935,6671,0.234,10,Media,45,1,7896,5986,96.2,-949,Medio,Bajo,808.69,55.9,0.45,-0.072
2025-09-06,FIN-04-L033,FIN-04,Rosa,Vendela,Invernadero,2025-05-23,106,1.28,54346,105,Goteo,Cascarilla,Vegetativo,8320,85000,0.88,13.6,17.7,8.5,81.5,16.7,0.5,0.28,11.7,40.2,27,20,15.2,12.0,100.0,Medio,1,8.7,29.6,14.7,1,PED-01658,2025-08-30,2025-09-08,CLI-010,Retail,Países Bajos,Marketplace,1342,1342,0.488,0,Alta,7,0,4759,2794,100.0,1452,Bajo,Alto,404.91,17.5,0.11,0.109
2025-04-21,FIN-03-L046,FIN-03,Clavel,Nelson,Invernadero,2024-12-29,113,1.04,82117,90,Microaspersión,Coco,Botón,6760,105000,0.88,15.6,24.6,10.1,80.0,16.0,4.1,0.34,12.6,73.9,26,22,14.1,7.3,87.1,Alto,1,12.7,22.5,13.9,10,PED-01659,2025-03-22,2025-04-22,CLI-119,Mayorista,Países Bajos,Contrato,4743,2635,0.254,0,Media,30,1,4900,2990,55.6,-1753,Alto,Bajo,363.5,21.1,0.45,-0.009
2025-10-25,FIN-02-L013,FIN-02,Rosa,Explorer,Invernadero,2025-07-18,99,1.77,73859,105,Microaspersión,Suelo,Reposo,11505,85000,0.88,15.3,21.8,9.0,82.2,14.8,0.6,0.3,12.1,73.1,36,36,19.4,13.4,92.1,Alto,1,24.3,2.7,10.2,4,PED-01660,2025-10-11,2025-10-28,CLI-034,Broker,España,Spot,4457,4457,0.419,0,Media,14,0,10905,7839,100.0,3382,Bajo,Alto,978.71,43.5,0.18,0.113
2025-06-01,FIN-02-L056,FIN-02,Rosa,Vendela,Invernadero,2025-02-04,117,1.27,70404,105,Microaspersión,Suelo,Cosecha,8255,85000,0.88,15.7,22.3,9.4,74.9,10.7,0.0,0.43,12.2,76.6,21,24,15.5,10.4,93.0,Medio,0,26.9,2.1,11.4,17,PED-01661,2025-05-18,2025-06-05,CLI-114,Mayorista,Canadá,Preventa,6586,3662,0.387,8,Media,14,0,5195,3658,55.6,-2928,Alto,Bajo,625.71,38.5,0.286,0.014
2025-09-02,FIN-01-L050,FIN-01,Rosa,Explorer,Campo abierto,2025-04-22,133,0.7,60328,105,Microaspersión,Coco,Botón,4550,85000,0.88,19.3,26.1,14.6,80.6,21.1,1.4,0.41,11.8,35.6,18,15,8.1,7.5,95.3,Alto,0,6.4,7.3,8.2,0,PED-01662,2025-07-19,2025-09-03,CLI-105,Exportador,Estados Unidos,Spot,9775,3095,0.431,8,Media,45,1,4811,3852,31.7,-5923,Alto,Bajo,683.7,66.7,0.45,-0.011
2025-03-13,FIN-03-L032,FIN-03,Rosa,Explorer,Invernadero,2024-10-18,146,0.23,64284,105,Microaspersión,Cascarilla,Botón,1495,85000,0.88,14.8,19.7,9.2,64.3,14.6,1.4,0.58,11.8,39.8,29,5,2.5,1.8,89.9,Medio,1,19.1,30.0,16.0,15,PED-01663,2025-03-06,2025-03-17,CLI-111,Supermercado,España,Spot,3121,192,0.402,0,Media,7,1,383,210,6.2,-2911,Alto,Bajo,41.74,0.0,0.24,-0.009
2025-11-23,FIN-03-L005,FIN-03,Rosa,Freedom,Invernadero,2025-08-08,107,0.55,72855,105,Goteo,Suelo,Cosecha,3575,85000,0.88,18.0,22.7,11.8,76.6,8.0,0.2,0.46,12.2,68.2,20,11,5.4,5.1,84.0,Medio,0,7.7,2.7,4.7,8,PED-01664,2025-11-16,2025-11-24,CLI-080,Broker,Chile,Contrato,4297,1844,0.406,5,Baja,7,0,2595,2160,42.9,-2137,Alto,Bajo,353.01,76.3,0.265,0.044
2025-08-12,FIN-02-L033,FIN-02,Rosa,Freedom,Campo abierto,2025-06-03,70,0.39,67877,105,Microaspersión,Coco,Botón,2535,85000,0.88,18.4,24.3,14.2,77.1,21.5,6.7,0.46,12.4,18.1,21,8,4.2,3.5,74.4,Medio,1,23.7,18.7,14.1,7,PED-01665,2025-07-29,2025-08-16,CLI-001,Exportador,España,Marketplace,8039,1083,0.377,10,Baja,14,0,1776,996,13.5,-7043,Alto,Bajo,185.38,7.8,0.32,-0.077
2025-09-24,FIN-01-L021,FIN-01,Gypsophila,Xlence,Campo abierto,2025-06-21,95,0.37,89838,75,Microaspersión,Coco,Cosecha,2405,78000,0.88,16.7,24.4,10.7,61.8,14.8,0.0,0.7,12.5,56.0,27,6,4.7,2.7,68.1,Medio,0,7.1,4.9,9.7,11,PED-01666,2025-09-03,2025-09-28,CLI-071,Broker,Estados Unidos,Spot,3336,1389,0.216,10,Baja,21,1,1766,1381,41.6,-1955,Alto,Bajo,133.23,59.4,0.39,-0.022
2025-12-19,FIN-01-L048,FIN-01,Rosa,Explorer,Campo abierto,2025-09-24,86,1.53,65105,105,Microaspersión,Suelo,Cosecha,9945,85000,0.88,16.2,22.6,12.0,45.0,7.0,1.1,0.98,12.6,94.6,25,30,15.4,16.1,86.1,Alto,0,5.6,6.8,8.4,4,PED-01667,2025-11-28,2025-12-20,CLI-115,Supermercado,Estados Unidos,Preventa,8169,3118,0.435,5,Baja,21,1,5117,4091,38.2,-4078,Alto,Bajo,675.41,65.8,0.405,0.161
2025-01-20,FIN-01-L046,FIN-01,Clavel,Bizet,Invernadero,2024-10-31,81,0.72,75048,90,Goteo,Coco,Cosecha,4680,105000,0.88,16.6,23.5,11.5,75.7,15.4,5.6,0.44,12.2,59.0,36,15,10.6,6.5,84.2,Alto,0,20.1,10.5,12.0,15,PED-01668,2024-12-30,2025-01-23,CLI-060,Broker,Países Bajos,Marketplace,10934,3445,0.276,8,Baja,21,1,4696,3130,31.5,-7804,Alto,Bajo,448.24,32.0,0.396,0.115
2025-10-30,FIN-02-L008,FIN-02,Rosa,Freedom,Campo abierto,2025-08-22,69,1.05,72700,105,Goteo,Cascarilla,Cosecha,6825,85000,0.88,16.1,23.7,11.2,78.4,17.9,1.2,0.38,11.4,59.5,20,19,12.5,11.8,78.9,Medio,1,24.6,2.8,10.2,5,PED-01669,2025-10-23,2025-10-31,CLI-101,Exportador,Estados Unidos,Spot,8493,4156,0.471,0,Alta,7,0,5935,4172,48.9,-4321,Alto,Bajo,1200.81,39.7,0.24,0.004
2025-07-14,FIN-02-L049,FIN-02,Rosa,Vendela,Invernadero,2025-03-09,127,0.39,63906,105,Goteo,Cascarilla,Botón,2535,85000,0.88,14.8,20.0,8.7,68.6,17.4,0.5,0.51,12.6,45.4,32,8,4.8,4.0,85.4,Medio,0,15.2,2.8,6.6,1,PED-01670,2025-07-07,2025-07-19,CLI-104,Mayorista,Países Bajos,Preventa,4834,2043,0.48,2,Alta,7,0,2663,2078,42.3,-2756,Alto,Bajo,593.46,62.0,0.234,0.061
2025-03-15,FIN-03-L048,FIN-03,Clavel,Nelson,Invernadero,2024-12-12,93,0.36,77855,90,Microaspersión,Cascarilla,Botón,2340,105000,0.88,13.9,20.6,8.5,76.4,22.5,2.7,0.36,12.2,24.5,28,7,4.4,2.8,77.9,Medio,1,20.6,4.6,12.7,17,PED-01671,2025-03-08,2025-03-16,CLI-092,Exportador,Estados Unidos,Spot,12028,2470,0.308,5,Media,7,1,3549,2490,20.5,-9538,Alto,Bajo,425.92,37.1,0.225,0.208
2025-02-01,FIN-02-L002,FIN-02,Rosa,Freedom,Invernadero,2024-10-05,119,0.61,54851,105,Goteo,Coco,Cosecha,3965,85000,0.88,17.8,24.8,11.5,71.5,16.6,0.9,0.56,12.3,37.3,31,13,7.9,4.4,91.7,Medio,1,30.6,0.9,11.5,4,PED-01672,2025-01-11,2025-02-02,CLI-067,Exportador,Estados Unidos,Preventa,21076,2228,0.585,5,Baja,21,0,3895,2687,10.6,-18389,Alto,Bajo,793.5,34.6,0.405,0.205
2025-01-08,FIN-04-L053,FIN-04,Clavel,Dover,Invernadero,2024-10-10,90,0.82,76869,90,Microaspersión,Cascarilla,Cosecha,5330,105000,0.88,14.0,18.2,9.0,96.0,24.8,1.8,0.25,12.3,10.3,25,13,11.1,9.3,89.5,Medio,1,9.6,4.4,7.4,0,PED-01673,2025-01-01,2025-01-12,CLI-039,Exportador,Colombia,Preventa,6962,6962,0.247,10,Media,7,0,10605,8506,100.0,1544,Bajo,Medio,735.8,66.8,0.08,-0.186
2025-06-01,FIN-04-L060,FIN-04,Rosa,Explorer,Invernadero,2025-02-14,107,0.93,72476,105,Goteo,Cascarilla,Cosecha,6045,85000,0.88,16.0,22.2,11.6,75.2,19.7,7.2,0.44,12.6,38.0,36,15,13.0,8.1,88.1,Bajo,1,30.7,4.3,11.5,8,PED-01674,2025-05-18,2025-06-06,CLI-089,Broker,Chile,Preventa,9337,4212,0.566,0,Media,14,0,5716,3763,45.1,-5574,Alto,Bajo,1522.09,28.4,0.31,0.018
2025-02-17,FIN-04-L058,FIN-04,Rosa,Mondial,Invernadero,2024-10-29,111,1.29,63886,105,Goteo,Suelo,Cosecha,8385,85000,0.88,15.3,24.0,8.9,64.1,17.0,2.1,0.6,12.5,51.6,35,19,15.0,8.5,86.1,Bajo,0,35.0,13.1,14.4,16,PED-01675,2025-02-03,2025-02-19,CLI-037,Mayorista,Estados Unidos,Contrato,6516,2481,0.488,8,Media,14,0,5130,2821,38.1,-3695,Alto,Bajo,641.7,2.6,0.286,0.118
2025-02-09,FIN-02-L036,FIN-02,Rosa,Freedom,Invernadero,2024-10-23,109,1.51,67540,105,Goteo,Cascarilla,Botón,9815,85000,0.88,14.9,19.1,10.7,85.7,13.7,2.0,0.25,11.7,58.6,33,30,21.0,13.5,91.5,Medio,1,15.7,28.8,15.3,5,PED-01676,2025-02-02,2025-02-12,CLI-033,Mayorista,Estados Unidos,Marketplace,12535,2095,0.543,10,Alta,7,0,4271,2349,16.7,-10186,Alto,Bajo,654.45,5.6,0.21,-0.003
2025-11-27,FIN-03-L015,FIN-03,Clavel,Nelson,Invernadero,2025-08-05,114,0.26,69832,90,Goteo,Coco,Botón,1690,105000,0.88,12.0,17.9,5.9,65.9,23.8,1.1,0.45,11.8,22.9,27,6,3.2,3.1,90.2,Alto,1,22.8,21.2,13.5,1,PED-01677,2025-11-20,2025-11-30,CLI-037,Mayorista,España,Spot,3558,914,0.294,5,Alta,7,0,1503,848,25.7,-2710,Alto,Bajo,157.76,10.5,0.225,0.036
2025-06-30,FIN-03-L039,FIN-03,Rosa,Freedom,Invernadero,2025-03-07,115,1.26,63158,105,Microaspersión,Coco,Reposo,8190,85000,0.88,14.6,19.0,7.8,76.5,16.0,3.8,0.38,12.3,32.6,37,29,13.1,13.0,84.1,Medio,1,5.2,15.4,8.0,6,PED-01678,2025-06-09,2025-07-05,CLI-061,Retail,Colombia,Spot,1909,1909,0.395,0,Media,21,1,7730,5663,100.0,3754,Bajo,Alto,438.66,53.8,0.25,0.056
2025-12-14,FIN-03-L017,FIN-03,Rosa,Freedom,Invernadero,2025-09-17,88,0.76,63680,105,Goteo,Coco,Reposo,4940,85000,0.88,19.5,25.2,13.8,67.9,13.3,0.0,0.69,11.8,42.2,29,13,8.2,6.8,70.5,Bajo,0,10.0,7.9,9.1,13,PED-01679,2025-12-07,2025-12-16,CLI-050,Supermercado,Estados Unidos,Contrato,4543,2488,0.481,2,Media,7,0,3228,2407,54.8,-2136,Alto,Bajo,710.16,52.7,0.234,0.017
2025-12-17,FIN-02-L060,FIN-02,Rosa,Explorer,Invernadero,2025-08-31,108,1.24,59239,105,Goteo,Coco,Cosecha,8060,85000,0.88,14.7,20.9,10.5,91.6,10.2,0.3,0.25,11.9,71.4,19,25,16.0,7.4,87.0,Alto,1,14.0,12.0,12.3,6,PED-01680,2025-11-17,2025-12-19,CLI-022,Supermercado,España,Contrato,6740,2598,0.59,5,Media,30,0,4831,3346,38.5,-3394,Alto,Bajo,961.85,38.3,0.45,0.068
2025-12-19,FIN-03-L008,FIN-03,Clavel,Bizet,Invernadero,2025-10-17,63,0.68,75033,90,Microaspersión,Suelo,Cosecha,4420,105000,0.88,15.8,21.2,10.0,74.2,15.2,3.6,0.45,11.9,49.8,37,14,7.8,6.6,85.1,Medio,0,4.8,2.1,7.1,16,PED-01681,2025-12-12,2025-12-22,CLI-031,Exportador,Estados Unidos,Spot,5276,4083,0.274,0,Media,7,0,5128,4338,77.4,-938,Medio,Bajo,650.48,76.5,0.11,-0.017
2025-08-28,FIN-04-L059,FIN-04,Rosa,Explorer,Invernadero,2025-05-18,102,0.71,56909,105,Goteo,Suelo,Reposo,4615,85000,0.88,13.6,19.4,7.7,53.3,23.1,3.4,0.7,12.1,20.6,38,14,6.9,6.3,90.3,Medio,1,18.0,27.4,13.5,8,PED-01682,2025-08-14,2025-08-30,CLI-058,Supermercado,Estados Unidos,Marketplace,2252,2252,0.551,5,Alta,14,0,4215,2318,100.0,66,Bajo,Bajo,803.63,7.9,0.165,0.162
2025-09-20,FIN-04-L056,FIN-04,Rosa,Vendela,Invernadero,2025-06-10,102,0.75,65579,105,Goteo,Suelo,Vegetativo,4875,85000,0.88,15.0,19.1,9.8,82.8,13.4,0.0,0.28,12.5,67.5,31,16,7.1,7.7,76.4,Medio,1,1.1,4.1,6.0,10,PED-01683,2025-09-06,2025-09-25,CLI-073,Retail,Países Bajos,Contrato,1718,1718,0.408,0,Alta,14,1,5278,4475,100.0,2757,Bajo,Alto,403.6,78.8,0.18,0.007
2025-01-11,FIN-04-L003,FIN-04,Rosa,Vendela,Invernadero,2024-10-21,82,1.78,73248,105,Microaspersión,Coco,Cosecha,11570,85000,0.88,16.8,24.2,12.4,73.9,19.5,1.9,0.48,12.5,54.6,29,34,22.1,10.8,95.1,Medio,0,20.9,5.7,10.8,13,PED-01684,2024-12-21,2025-01-12,CLI-076,Exportador,España,Spot,4355,4355,0.526,2,Alta,21,1,10511,7524,100.0,3169,Bajo,Alto,1499.47,43.3,0.244,0.116
2025-12-14,FIN-03-L043,FIN-03,Gypsophila,Million Star,Invernadero,2025-08-01,135,0.46,85420,75,Microaspersión,Cascarilla,Vegetativo,2990,78000,0.88,17.4,22.3,10.6,76.7,13.8,0.5,0.45,12.4,53.9,27,7,6.4,4.2,91.6,Medio,0,7.8,29.6,15.9,5,PED-01685,2025-11-14,2025-12-17,CLI-064,Mayorista,Estados Unidos,Preventa,6691,243,0.19,10,Alta,30,0,505,292,3.6,-6399,Alto,Bajo,21.68,14.2,0.44,-0.09
2025-01-25,FIN-01-L011,FIN-01,Rosa,Mondial,Invernadero,2024-10-07,110,0.9,58608,105,Goteo,Coco,Vegetativo,5850,85000,0.88,17.1,22.2,10.6,61.5,13.4,1.6,0.72,12.0,65.1,32,21,9.2,8.3,94.1,Medio,1,8.7,12.1,11.5,14,PED-01686,2025-01-11,2025-01-27,CLI-059,Retail,Estados Unidos,Preventa,2469,2469,0.536,2,Alta,14,1,4289,3148,100.0,679,Bajo,Medio,877.58,49.0,0.174,0.063
2025-12-31,FIN-01-L021,FIN-01,Clavel,Bizet,Invernadero,2025-10-13,79,0.7,76350,90,Microaspersión,Cascarilla,Cosecha,4550,105000,0.88,18.7,25.2,12.4,83.2,15.0,4.7,0.35,12.1,49.0,23,13,7.8,5.4,83.3,Bajo,1,4.9,15.2,9.9,11,PED-01687,2025-12-10,2026-01-03,CLI-107,Broker,Estados Unidos,Contrato,8923,3149,0.265,0,Media,21,1,4313,3138,35.3,-5785,Alto,Bajo,482.28,50.4,0.38,0.104
2025-04-17,FIN-04-L036,FIN-04,Clavel,Bizet,Invernadero,2024-12-12,126,1.18,89612,90,Microaspersión,Coco,Botón,7670,105000,0.88,17.9,25.1,12.5,87.1,19.2,1.2,0.25,11.8,42.7,22,26,11.7,11.3,88.3,Bajo,0,17.0,6.1,10.1,14,PED-01688,2025-04-03,2025-04-19,CLI-108,Broker,Estados Unidos,Preventa,6653,4228,0.279,0,Alta,14,1,5926,4338,63.6,-2315,Alto,Bajo,685.05,47.9,0.31,0.026
2025-12-05,FIN-04-L042,FIN-04,Rosa,Explorer,Invernadero,2025-08-08,119,1.03,63860,105,Microaspersión,Suelo,Botón,6695,85000,0.88,14.3,19.8,9.1,70.9,11.9,0.0,0.46,12.7,35.6,27,18,17.2,6.8,100.0,Medio,1,10.9,2.6,6.7,13,PED-01689,2025-11-14,2025-12-10,CLI-040,Retail,Estados Unidos,Preventa,2703,2703,0.594,0,Media,21,0,5529,4544,100.0,1841,Bajo,Alto,1063.55,71.8,0.25,0.087
2025-09-14,FIN-04-L058,FIN-04,Rosa,Freedom,Invernadero,2025-06-12,94,1.36,63468,105,Goteo,Suelo,Vegetativo,8840,85000,0.88,13.9,20.3,8.9,66.1,16.4,0.2,0.52,11.9,49.6,26,31,15.4,8.8,89.7,Alto,0,2.0,4.8,6.3,6,PED-01690,2025-08-15,2025-09-16,CLI-070,Mayorista,Canadá,Preventa,6385,6385,0.56,0,Alta,30,0,9715,8249,100.0,1864,Bajo,Medio,2369.02,79.2,0.34,-0.051
2025-03-18,FIN-03-L032,FIN-03,Gypsophila,New Love,Invernadero,2024-11-28,110,0.38,95622,75,Microaspersión,Coco,Cosecha,2470,78000,0.88,14.3,19.9,8.7,68.0,14.4,0.1,0.5,12.7,51.3,17,6,4.0,4.0,88.2,Bajo,0,8.3,17.0,8.1,7,PED-01691,2025-02-25,2025-03-23,CLI-077,Exportador,Estados Unidos,Spot,5228,473,0.157,2,Media,21,1,869,612,9.0,-4616,Alto,Bajo,29.61,47.9,0.374,0.144
2025-03-17,FIN-03-L040,FIN-03,Gypsophila,Million Star,Invernadero,2025-01-16,60,1.68,93161,75,Microaspersión,Coco,Reposo,10920,78000,0.88,17.6,22.1,10.8,53.3,14.4,1.3,0.9,12.1,42.4,30,37,17.8,15.7,83.6,Alto,1,25.6,8.4,14.5,4,PED-01692,2025-02-15,2025-03-19,CLI-040,Retail,Colombia,Preventa,1109,1109,0.215,2,Baja,30,1,7361,4709,100.0,3600,Bajo,Alto,137.38,22.0,0.374,0.111
2025-03-13,FIN-04-L010,FIN-04,Gypsophila,Million Star,Invernadero,2024-12-24,79,0.59,88795,75,Goteo,Cascarilla,Reposo,3835,78000,0.88,17.7,26.2,12.8,71.8,7.7,0.0,0.55,12.2,79.0,30,9,5.6,7.2,89.2,Alto,0,8.9,5.4,8.6,7,PED-01693,2025-01-27,2025-03-14,CLI-014,Exportador,Chile,Preventa,4452,1601,0.184,0,Media,45,1,2559,2029,36.0,-2423,Alto,Bajo,159.46,63.7,0.45,0.044
2025-12-21,FIN-04-L002,FIN-04,Rosa,Freedom,Invernadero,2025-07-30,144,1.21,45544,105,Microaspersión,Suelo,Botón,7865,85000,0.88,15.6,21.7,9.6,76.4,16.2,1.3,0.4,11.9,48.3,30,24,12.2,13.7,86.5,Medio,1,35.0,8.1,14.7,11,PED-01694,2025-11-06,2025-12-22,CLI-079,Exportador,España,Spot,17457,2056,0.41,0,Media,45,0,3265,1919,11.8,-15538,Alto,Bajo,483.77,9.6,0.45,0.05
2025-03-17,FIN-01-L010,FIN-01,Rosa,Vendela,Invernadero,2024-10-18,150,1.47,61433,105,Goteo,Cascarilla,Botón,9555,85000,0.88,17.4,25.2,12.5,86.3,18.4,0.0,0.26,12.6,34.0,25,29,14.7,9.3,80.7,Medio,1,8.4,0.6,7.2,2,PED-01695,2025-02-24,2025-03-21,CLI-120,Supermercado,España,Preventa,3745,3745,0.505,12,Media,21,1,9249,7692,100.0,3947,Bajo,Alto,918.11,72.4,0.214,0.063
2025-01-14,FIN-04-L048,FIN-04,Rosa,Vendela,Invernadero,2024-08-21,146,1.64,68562,105,Goteo,Cascarilla,Cosecha,10660,85000,0.88,14.8,23.4,9.3,74.5,14.2,0.0,0.42,11.4,39.0,41,32,16.1,8.7,83.7,Medio,1,1.7,12.9,7.7,6,PED-01696,2024-12-24,2025-01-15,CLI-002,Mayorista,Estados Unidos,Spot,6209,3514,0.513,2,Media,21,1,5696,4411,56.6,-1798,Alto,Bajo,1149.86,63.0,0.374,0.12
2025-06-26,FIN-03-L049,FIN-03,Rosa,Freedom,Invernadero,2025-03-24,94,1.69,66663,105,Microaspersión,Suelo,Cosecha,10985,85000,0.88,16.8,22.7,12.4,64.2,20.2,2.2,0.66,12.5,30.1,33,37,17.4,14.7,83.7,Medio,1,0.4,5.2,8.7,10,PED-01697,2025-06-05,2025-06-27,CLI-073,Exportador,Canadá,Contrato,8547,8547,0.45,2,Baja,21,0,17186,14434,100.0,5887,Bajo,Alto,2340.97,74.3,0.284,-0.033
2025-09-23,FIN-01-L011,FIN-01,Rosa,Explorer,Invernadero,2025-06-25,90,0.42,52519,105,Goteo,Cascarilla,Vegetativo,2730,85000,0.88,17.1,24.8,12.4,60.8,10.4,1.2,0.74,12.1,85.9,36,9,4.4,3.3,86.1,Medio,1,14.4,30.0,14.3,5,PED-01698,2025-09-16,2025-09-25,CLI-048,Exportador,Chile,Preventa,8907,436,0.537,5,Media,7,0,981,539,4.9,-8368,Alto,Bajo,132.3,6.3,0.225,0.088
2025-11-11,FIN-03-L020,FIN-03,Rosa,Explorer,Invernadero,2025-08-14,89,0.69,62429,105,Microaspersión,Cascarilla,Botón,4485,85000,0.88,13.0,17.6,6.7,57.8,19.3,0.3,0.6,12.5,36.6,38,13,6.9,9.3,90.7,Medio,0,1.3,13.0,7.9,8,PED-01699,2025-11-04,2025-11-16,CLI-090,Exportador,España,Preventa,4683,2859,0.522,5,Baja,7,1,4775,3735,61.1,-948,Alto,Bajo,845.16,64.8,0.265,-0.125
2025-08-05,FIN-04-L059,FIN-04,Rosa,Explorer,Invernadero,2025-04-05,122,0.59,66451,105,Microaspersión,Suelo,Vegetativo,3835,85000,0.88,15.4,19.7,10.7,68.2,12.7,4.9,0.54,11.8,54.9,27,9,7.8,4.5,80.0,Medio,0,20.3,7.0,8.8,5,PED-01700,2025-07-29,2025-08-09,CLI-029,Broker,Colombia,Preventa,7983,1744,0.494,0,Alta,7,0,2267,1591,21.8,-6392,Alto,Bajo,521.58,42.6,0.24,0.01
2025-11-22,FIN-03-L006,FIN-03,Clavel,Dover,Campo abierto,2025-09-05,78,1.41,91051,90,Goteo,Cascarilla,Botón,9165,105000,0.88,16.1,23.7,9.6,66.3,21.4,0.0,0.6,12.0,37.2,25,28,18.2,10.2,77.8,Medio,1,8.3,4.7,7.3,2,PED-01701,2025-11-15,2025-11-24,CLI-056,Mayorista,Países Bajos,Spot,4786,4786,0.295,0,Media,7,0,15309,12189,100.0,7403,Bajo,Alto,877.09,65.4,0.11,0.009
2025-04-13,FIN-01-L060,FIN-01,Rosa,Vendela,Invernadero,2024-12-06,128,1.64,67921,105,Microaspersión,Cascarilla,Botón,10660,85000,0.88,17.9,24.3,11.5,81.1,15.9,0.0,0.37,11.4,42.5,28,38,17.5,17.9,72.1,Alto,1,4.3,20.8,12.5,11,PED-01702,2025-03-23,2025-04-17,CLI-062,Exportador,España,Preventa,8903,5559,0.434,0,Media,21,1,8318,5530,62.4,-3373,Alto,Bajo,1309.0,34.6,0.38,-0.103
2025-01-24,FIN-03-L036,FIN-03,Rosa,Freedom,Campo abierto,2024-08-28,149,0.81,63502,105,Goteo,Suelo,Reposo,5265,85000,0.88,14.8,19.8,8.2,84.7,11.6,3.3,0.25,11.6,58.4,29,17,6.8,5.7,89.2,Medio,0,17.6,5.7,8.7,6,PED-01703,2025-01-03,2025-01-25,CLI-075,Supermercado,Países Bajos,Preventa,3864,1175,0.361,0,Alta,21,1,2093,1545,30.4,-2319,Alto,Bajo,184.92,50.8,0.38,-0.109
2025-06-10,FIN-04-L056,FIN-04,Gypsophila,Million Star,Invernadero,2025-03-20,82,1.61,96309,75,Goteo,Suelo,Cosecha,10465,78000,0.88,16.4,23.6,10.2,73.1,15.3,0.0,0.49,11.9,58.2,23,31,19.0,12.9,98.0,Medio,1,17.1,1.6,10.3,10,PED-01704,2025-05-11,2025-06-12,CLI-044,Retail,Chile,Preventa,822,822,0.214,2,Alta,30,1,11327,8794,100.0,7972,Bajo,Alto,104.46,56.5,0.334,0.114
2025-03-02,FIN-03-L048,FIN-03,Rosa,Mondial,Invernadero,2024-09-26,157,0.68,63120,105,Goteo,Suelo,Vegetativo,4420,85000,0.88,17.6,25.5,12.0,59.0,20.5,3.3,0.79,11.7,28.5,38,10,7.9,4.9,83.8,Bajo,1,17.3,1.0,9.0,13,PED-01705,2025-02-16,2025-03-06,CLI-028,Mayorista,Estados Unidos,Preventa,6988,2599,0.482,12,Baja,14,0,3291,2537,37.2,-4451,Alto,Bajo,611.77,56.3,0.314,0.029
2025-12-05,FIN-02-L056,FIN-02,Rosa,Freedom,Invernadero,2025-07-22,136,1.59,71026,105,Microaspersión,Suelo,Vegetativo,10335,85000,0.88,14.3,22.2,9.4,75.0,18.9,0.0,0.39,11.4,39.4,25,37,20.7,11.6,84.2,Bajo,0,33.9,4.7,15.1,16,PED-01706,2025-11-21,2025-12-08,CLI-001,Mayorista,Chile,Preventa,7999,2870,0.561,2,Alta,14,0,4555,2814,35.9,-5185,Alto,Bajo,1028.38,14.8,0.304,0.091
2025-09-04,FIN-04-L020,FIN-04,Clavel,Nelson,Campo abierto,2025-06-02,94,1.14,76361,90,Microaspersión,Suelo,Vegetativo,7409,105000,0.88,18.5,25.9,11.6,69.3,17.5,0.1,0.62,12.2,34.6,30,25,13.9,12.3,80.5,Medio,1,28.0,0.3,9.7,8,PED-01707,2025-08-28,2025-09-08,CLI-072,Supermercado,Estados Unidos,Preventa,2429,2429,0.214,5,Alta,7,0,9784,6910,100.0,4481,Bajo,Alto,213.87,40.1,0.095,0.032
2025-02-05,FIN-03-L019,FIN-03,Clavel,Bizet,Invernadero,2024-11-01,96,1.69,85947,90,Microaspersión,Cascarilla,Botón,10985,105000,0.88,11.5,16.9,6.0,68.1,19.9,0.1,0.4,12.4,29.4,25,29,16.0,16.7,74.5,Medio,1,15.3,16.0,13.2,2,PED-01708,2025-01-29,2025-02-07,CLI-003,Mayorista,Países Bajos,Contrato,6556,5091,0.317,8,Media,7,0,9814,6250,77.7,-306,Medio,Bajo,897.21,25.5,0.086,0.017
2025-02-01,FIN-02-L001,FIN-02,Rosa,Mondial,Invernadero,2024-11-01,92,1.65,59742,105,Goteo,Coco,Botón,10725,85000,0.88,12.9,20.1,6.6,76.3,13.5,1.6,0.34,11.9,80.9,14,34,15.8,12.5,87.0,Alto,1,19.0,6.9,15.0,11,PED-01709,2025-01-02,2025-02-04,CLI-092,Supermercado,Colombia,Preventa,8443,4522,0.522,2,Media,30,1,6936,4805,53.6,-3638,Alto,Bajo,1487.91,33.3,0.45,0.144
2025-07-16,FIN-02-L019,FIN-02,Rosa,Vendela,Invernadero,2025-03-16,122,0.59,71701,105,Microaspersión,Coco,Cosecha,3835,85000,0.88,16.4,25.1,11.5,66.9,16.4,0.0,0.6,11.9,40.4,20,13,6.2,5.4,67.0,Medio,1,33.4,11.0,15.0,9,PED-01710,2025-06-25,2025-07-18,CLI-120,Exportador,Estados Unidos,Preventa,11188,1118,0.403,2,Media,21,0,2274,1258,10.0,-9930,Alto,Bajo,252.6,2.0,0.374,0.007
2025-07-24,FIN-02-L010,FIN-02,Clavel,Nelson,Invernadero,2025-04-22,93,0.36,78682,90,Microaspersión,Coco,Cosecha,2340,105000,0.88,18.9,26.4,13.5,64.7,12.6,0.0,0.73,12.2,49.4,30,7,3.5,3.2,82.7,Alto,1,35.0,2.5,12.8,8,PED-01711,2025-06-09,2025-07-26,CLI-100,Exportador,Canadá,Preventa,4359,1336,0.32,0,Alta,45,1,1993,1268,30.6,-3091,Alto,Bajo,265.75,21.0,0.45,0.097
2025-03-02,FIN-01-L015,FIN-01,Rosa,Explorer,Invernadero,2024-10-17,136,1.31,63728,105,Goteo,Suelo,Botón,8515,85000,0.88,18.1,25.5,11.1,78.4,18.3,0.0,0.43,11.6,50.1,33,19,16.4,13.6,95.6,Medio,1,11.0,14.3,11.2,13,PED-01712,2025-02-23,2025-03-04,CLI-034,Retail,Canadá,Preventa,1199,1199,0.383,5,Media,7,0,6550,4620,100.0,3421,Bajo,Alto,219.78,43.5,0.095,0.101
2025-12-06,FIN-02-L045,FIN-02,Clavel,Nelson,Invernadero,2025-10-17,50,0.29,83841,90,Goteo,Cascarilla,Botón,1884,105000,0.88,17.6,24.4,11.8,70.9,13.0,1.4,0.56,12.7,60.8,33,5,3.3,3.2,92.7,Bajo,0,24.6,12.3,14.3,1,PED-01713,2025-11-22,2025-12-09,CLI-058,Retail,Chile,Preventa,2174,497,0.279,5,Media,14,0,835,521,22.9,-1653,Alto,Bajo,74.78,20.3,0.295,0.224
2025-08-02,FIN-04-L043,FIN-04,Rosa,Explorer,Invernadero,2025-04-09,115,0.51,70232,105,Microaspersión,Cascarilla,Botón,3315,85000,0.88,18.3,25.5,13.2,79.9,19.5,0.0,0.4,11.8,33.3,33,11,3.8,4.6,81.3,Bajo,1,17.7,12.2,10.8,8,PED-01714,2025-07-12,2025-08-03,CLI-047,Broker,Estados Unidos,Preventa,5294,1900,0.537,5,Media,21,0,3182,2129,35.9,-3165,Alto,Bajo,640.38,34.6,0.365,0.116
2025-03-30,FIN-03-L060,FIN-03,Rosa,Vendela,Invernadero,2024-11-27,123,0.73,68808,105,Goteo,Suelo,Reposo,4745,85000,0.88,17.4,23.2,11.8,57.4,18.3,8.3,0.82,12.0,44.5,29,15,11.2,4.2,92.0,Alto,1,4.5,15.7,9.0,17,PED-01715,2025-03-23,2025-03-31,CLI-108,Supermercado,Canadá,Spot,6108,2979,0.413,0,Baja,7,0,5104,3768,48.8,-2340,Alto,Bajo,708.17,54.2,0.28,-0.024
2025-10-01,FIN-04-L023,FIN-04,Gypsophila,New Love,Invernadero,2025-06-21,102,1.63,101658,75,Microaspersión,Suelo,Cosecha,10595,78000,0.88,14.9,19.6,9.2,91.8,11.4,5.2,0.25,12.3,74.7,20,36,19.1,11.2,92.9,Medio,0,7.9,22.4,16.2,15,PED-01716,2025-09-24,2025-10-03,CLI-096,Broker,Estados Unidos,Preventa,4969,2366,0.165,0,Alta,7,0,3433,2185,47.6,-2784,Alto,Bajo,154.33,24.5,0.24,-0.045
2025-01-22,FIN-03-L032,FIN-03,Rosa,Explorer,Invernadero,2024-11-10,73,1.2,66800,105,Microaspersión,Suelo,Botón,7800,85000,0.88,18.7,23.2,12.5,73.1,26.0,1.0,0.55,12.1,19.7,31,24,8.8,11.3,85.9,Alto,0,9.2,1.0,5.7,2,PED-01717,2025-01-08,2025-01-26,CLI-076,Supermercado,Canadá,Spot,2239,2239,0.55,8,Media,14,0,10055,8394,100.0,6155,Bajo,Alto,734.29,75.1,0.156,-0.057
2025-02-21,FIN-04-L047,FIN-04,Rosa,Mondial,Invernadero,2024-11-25,88,0.79,51873,105,Microaspersión,Suelo,Cosecha,5135,85000,0.88,14.7,22.4,7.8,60.1,16.3,0.3,0.65,12.2,33.8,25,19,10.1,8.1,91.4,Medio,1,3.3,3.1,4.9,13,PED-01718,2025-02-14,2025-02-22,CLI-102,Mayorista,Chile,Preventa,5295,4975,0.376,2,Media,7,0,5881,5070,94.0,-225,Medio,Bajo,988.46,83.3,0.104,0.014
2025-06-23,FIN-03-L060,FIN-03,Rosa,Freedom,Campo abierto,2025-02-16,127,0.96,72912,105,Microaspersión,Suelo,Botón,6240,85000,0.88,14.4,21.1,10.1,61.8,17.1,4.7,0.61,12.6,55.2,38,18,12.8,12.6,100.0,Medio,1,24.5,3.8,9.4,2,PED-01719,2025-06-16,2025-06-25,CLI-040,Supermercado,Países Bajos,Preventa,2830,2830,0.426,10,Alta,7,0,5375,3870,100.0,1040,Bajo,Alto,596.02,45.3,0.08,0.057
2025-11-30,FIN-04-L017,FIN-04,Clavel,Nelson,Invernadero,2025-09-08,83,1.5,86825,90,Goteo,Suelo,Vegetativo,9750,105000,0.88,19.1,25.1,14.6,58.8,14.8,2.1,0.87,12.5,55.0,20,29,15.3,13.1,83.8,Bajo,1,3.6,2.7,7.8,17,PED-01720,2025-11-16,2025-12-01,CLI-037,Supermercado,Canadá,Contrato,1608,1608,0.248,0,Alta,14,0,12360,10436,100.0,8828,Bajo,Alto,237.48,75.5,0.18,0.028
2025-02-23,FIN-02-L022,FIN-02,Rosa,Explorer,Campo abierto,2024-12-14,71,0.72,66290,105,Microaspersión,Suelo,Cosecha,4680,85000,0.88,19.5,26.0,14.8,66.6,20.5,0.8,0.72,11.6,29.6,35,15,7.7,8.0,90.4,Medio,0,13.3,21.5,10.8,15,PED-01721,2025-02-09,2025-02-28,CLI-014,Broker,Colombia,Contrato,5468,2157,0.45,8,Baja,14,0,3276,2065,39.4,-3403,Alto,Bajo,517.65,29.0,0.326,0.098
2025-10-05,FIN-03-L003,FIN-03,Clavel,Dover,Invernadero,2025-06-22,105,1.73,88403,90,Goteo,Cascarilla,Botón,11245,105000,0.88,16.8,21.8,10.1,57.3,16.8,1.5,0.79,12.1,45.1,31,32,18.4,16.8,77.7,Alto,1,23.8,20.2,14.3,8,PED-01722,2025-08-21,2025-10-07,CLI-077,Exportador,Colombia,Preventa,7197,5541,0.293,0,Alta,45,0,9401,5180,77.0,-2017,Alto,Bajo,973.76,5.8,0.45,0.111
2025-08-07,FIN-02-L027,FIN-02,Rosa,Mondial,Invernadero,2025-04-17,112,0.22,57397,105,Microaspersión,Suelo,Cosecha,1430,85000,0.88,17.0,25.0,12.2,65.7,12.0,0.0,0.64,12.0,59.4,40,4,2.8,2.7,93.3,Medio,0,12.0,23.0,13.2,14,PED-01723,2025-07-17,2025-08-11,CLI-077,Exportador,Estados Unidos,Contrato,11702,641,0.48,0,Alta,21,0,955,591,5.5,-11111,Alto,Bajo,180.35,24.3,0.38,0.03
2025-06-11,FIN-01-L017,FIN-01,Clavel,Dover,Invernadero,2025-03-26,77,1.26,83721,90,Goteo,Coco,Cosecha,8190,105000,0.88,15.0,23.6,11.0,65.2,16.3,0.0,0.57,11.7,46.9,25,30,15.3,8.1,76.2,Bajo,1,22.7,1.1,11.9,9,PED-01724,2025-05-28,2025-06-12,CLI-104,Exportador,Estados Unidos,Preventa,4293,4293,0.278,2,Media,14,0,7404,5320,100.0,1027,Bajo,Medio,657.76,40.6,0.174,-0.006
2025-05-24,FIN-03-L012,FIN-03,Gypsophila,New Love,Campo abierto,2025-03-18,67,0.96,106373,75,Goteo,Cascarilla,Botón,6240,78000,0.88,18.4,25.7,12.3,84.9,18.7,0.5,0.31,11.9,48.4,24,19,6.5,7.7,80.9,Medio,1,0.8,0.6,3.4,16,PED-01725,2025-05-10,2025-05-28,CLI-086,Mayorista,Estados Unidos,Spot,3875,3875,0.161,10,Alta,14,1,8899,7944,100.0,4069,Bajo,Alto,202.84,91.1,0.15,-0.017
2025-07-18,FIN-02-L060,FIN-02,Gypsophila,New Love,Campo abierto,2025-05-10,69,0.77,95664,75,Goteo,Suelo,Cosecha,5005,78000,0.88,17.2,21.5,12.8,64.7,17.7,2.8,0.67,12.2,46.3,29,14,11.1,6.0,88.0,Medio,0,7.9,3.1,5.8,8,PED-01726,2025-06-27,2025-07-23,CLI-031,Exportador,Estados Unidos,Contrato,2000,2000,0.168,2,Media,21,0,7487,6196,100.0,4196,Bajo,Alto,148.7,74.1,0.244,-0.075
2025-05-24,FIN-02-L052,FIN-02,Clavel,Nelson,Invernadero,2025-03-05,80,0.57,76942,90,Goteo,Coco,Botón,3704,105000,0.88,20.1,24.5,13.9,84.2,8.7,1.8,0.35,10.9,63.7,41,8,8.6,4.9,93.4,Medio,0,12.5,6.1,9.8,4,PED-01727,2025-05-17,2025-05-25,CLI-011,Broker,Chile,Preventa,5016,1701,0.292,0,Media,7,0,2276,1742,33.9,-3274,Alto,Bajo,296.4,56.1,0.24,0.052
2025-04-18,FIN-02-L006,FIN-02,Clavel,Bizet,Invernadero,2025-02-08,69,1.09,75489,90,Goteo,Coco,Reposo,7085,105000,0.88,14.7,21.5,9.0,51.7,19.6,0.0,0.78,12.7,47.0,28,24,14.4,14.9,100.0,Alto,0,9.5,30.0,13.2,8,PED-01728,2025-04-11,2025-04-19,CLI-088,Exportador,Estados Unidos,Contrato,11585,3302,0.294,10,Media,7,1,5835,3414,28.5,-8171,Alto,Bajo,494.45,19.0,0.21,0.041
2025-04-17,FIN-03-L026,FIN-03,Rosa,Freedom,Invernadero,2025-01-15,92,1.27,65488,105,Goteo,Coco,Cosecha,8255,85000,0.88,14.2,20.9,10.2,61.7,20.0,0.0,0.6,12.4,34.1,28,24,15.5,12.4,92.8,Medio,1,12.4,20.5,14.1,1,PED-01729,2025-04-03,2025-04-22,CLI-015,Exportador,Estados Unidos,Preventa,10380,4771,0.421,5,Baja,14,0,7257,4593,46.0,-5787,Alto,Bajo,1096.18,25.5,0.335,-0.027
2025-04-25,FIN-02-L047,FIN-02,Rosa,Mondial,Invernadero,2025-01-18,97,0.43,64432,105,Microaspersión,Cascarilla,Cosecha,2795,85000,0.88,18.7,23.1,12.6,66.9,16.8,2.0,0.68,12.3,55.5,35,11,4.2,4.5,100.0,Medio,1,2.6,3.0,5.6,6,PED-01730,2025-04-11,2025-04-30,CLI-049,Mayorista,Países Bajos,Spot,3242,3034,0.379,5,Media,14,0,3479,3037,93.6,-205,Medio,Bajo,598.31,85.1,0.165,0.006
2025-07-04,FIN-01-L002,FIN-01,Rosa,Mondial,Invernadero,2025-04-05,90,1.08,51239,105,Microaspersión,Cascarilla,Cosecha,7020,85000,0.88,18.3,26.2,13.8,72.3,13.8,4.8,0.56,12.0,71.8,27,21,13.4,11.6,82.2,Medio,1,19.1,4.5,7.3,7,PED-01731,2025-06-20,2025-07-08,CLI-027,Exportador,Colombia,Spot,9819,3741,0.458,5,Media,14,1,5909,4357,38.1,-5462,Alto,Bajo,973.66,51.7,0.295,0.062
2025-03-06,FIN-02-L052,FIN-02,Rosa,Vendela,Invernadero,2024-12-30,66,1.77,56636,105,Goteo,Cascarilla,Cosecha,11505,85000,0.88,17.8,22.8,11.7,66.6,23.4,1.7,0.65,12.1,26.7,41,31,20.0,15.2,90.6,Medio,1,11.5,16.6,10.4,4,PED-01732,2025-02-27,2025-03-07,CLI-041,Mayorista,Países Bajos,Contrato,3967,3967,0.49,0,Alta,7,0,9166,6253,100.0,2286,Bajo,Alto,1249.8,39.8,0.11,0.01
2025-02-10,FIN-03-L006,FIN-03,Clavel,Bizet,Invernadero,2024-11-21,81,1.42,79188,90,Microaspersión,Cascarilla,Botón,9230,105000,0.88,13.1,21.8,6.6,61.6,18.9,0.8,0.55,12.0,31.5,17,32,18.0,13.6,91.7,Medio,0,32.6,5.9,17.0,17,PED-01733,2025-01-27,2025-02-13,CLI-105,Broker,Estados Unidos,Preventa,9199,5595,0.305,5,Media,14,0,8449,5203,60.8,-3996,Alto,Bajo,942.92,12.7,0.295,0.027
2025-12-15,FIN-01-L008,FIN-01,Rosa,Explorer,Invernadero,2025-08-28,109,0.84,65724,105,Microaspersión,Coco,Cosecha,5460,85000,0.88,18.9,26.5,14.4,85.3,7.0,0.3,0.31,11.9,81.7,20,20,7.5,5.6,89.8,Alto,1,7.1,2.1,6.4,2,PED-01734,2025-10-31,2025-12-19,CLI-012,Mayorista,Estados Unidos,Spot,9048,2179,0.585,5,Media,45,0,2942,2470,24.1,-6578,Alto,Bajo,782.94,75.9,0.45,0.074
2025-05-04,FIN-04-L016,FIN-04,Rosa,Freedom,Invernadero,2025-02-13,80,1.11,60567,105,Goteo,Coco,Cosecha,7215,85000,0.88,21.2,29.4,15.8,58.2,14.3,1.4,0.97,11.8,42.7,19,24,14.2,7.9,80.6,Alto,0,32.0,13.5,17.7,15,PED-01735,2025-04-27,2025-05-09,CLI-092,Exportador,Colombia,Contrato,21608,1447,0.581,0,Media,7,0,2802,1541,6.7,-20067,Alto,Bajo,557.66,0.0,0.24,-0.021
2025-03-07,FIN-01-L023,FIN-01,Rosa,Freedom,Invernadero,2024-11-09,118,1.44,60226,105,Goteo,Coco,Cosecha,9360,85000,0.88,15.1,20.7,9.4,75.7,11.4,3.7,0.4,12.2,60.7,26,25,19.3,10.4,68.8,Bajo,0,17.2,1.3,9.4,14,PED-01736,2025-02-28,2025-03-12,CLI-110,Retail,Estados Unidos,Contrato,1487,1487,0.475,12,Baja,7,0,6541,4922,100.0,3435,Bajo,Alto,351.19,51.4,0.114,0.034
2025-12-14,FIN-04-L024,FIN-04,Rosa,Freedom,Invernadero,2025-08-15,121,1.3,68204,105,Goteo,Coco,Vegetativo,8450,85000,0.88,15.3,19.5,10.4,77.2,9.3,0.1,0.38,11.7,69.5,26,28,17.9,12.7,83.0,Medio,0,8.2,4.2,8.0,3,PED-01737,2025-12-07,2025-12-17,CLI-028,Retail,Chile,Contrato,3636,3636,0.553,0,Media,7,0,5307,4262,100.0,626,Bajo,Medio,1307.28,66.2,0.11,0.127
2025-01-19,FIN-02-L040,FIN-02,Clavel,Bizet,Invernadero,2024-10-30,81,1.36,85444,90,Goteo,Suelo,Cosecha,8840,105000,0.88,12.6,19.2,7.1,64.3,14.8,1.5,0.49,12.3,63.0,36,27,21.2,11.0,73.4,Medio,1,25.1,30.0,18.7,6,PED-01738,2025-01-12,2025-01-24,CLI-061,Exportador,Canadá,Contrato,8589,1837,0.243,5,Alta,7,0,3129,1720,21.4,-6869,Alto,Bajo,207.62,0.0,0.225,0.077
2025-03-09,FIN-03-L039,FIN-03,Gypsophila,Million Star,Invernadero,2025-01-31,37,0.43,90255,75,Microaspersión,Suelo,Cosecha,2795,78000,0.88,16.6,22.2,11.7,71.7,7.3,0.1,0.52,11.9,68.6,33,8,3.7,3.9,89.3,Alto,1,7.7,7.0,6.9,0,PED-01739,2025-02-07,2025-03-13,CLI-060,Mayorista,Estados Unidos,Preventa,1985,458,0.197,5,Alta,30,0,731,580,23.1,-1405,Alto,Bajo,39.83,66.6,0.45,0.184
2025-10-22,FIN-01-L045,FIN-01,Rosa,Mondial,Invernadero,2025-06-28,116,1.07,74301,105,Goteo,Cascarilla,Cosecha,6955,85000,0.88,18.7,23.8,12.3,75.9,16.7,0.0,0.5,11.7,58.8,29,21,16.0,9.4,89.5,Medio,1,5.0,3.6,6.3,10,PED-01740,2025-10-15,2025-10-25,CLI-018,Exportador,Canadá,Preventa,8946,5002,0.414,5,Baja,7,1,7468,6276,55.9,-2670,Alto,Bajo,1157.43,76.7,0.265,0.038
2025-08-13,FIN-01-L053,FIN-01,Clavel,Bizet,Invernadero,2025-06-24,50,1.72,81128,90,Goteo,Suelo,Botón,11180,105000,0.88,18.5,24.1,11.7,67.0,24.1,0.0,0.67,12.2,5.0,29,34,22.2,12.5,69.9,Medio,1,35.0,13.1,16.3,1,PED-01741,2025-07-14,2025-08-18,CLI-062,Broker,Países Bajos,Contrato,4771,3613,0.247,0,Media,30,0,7002,3851,75.7,-920,Alto,Bajo,462.06,0.0,0.45,-0.146
2025-03-22,FIN-01-L011,FIN-01,Rosa,Vendela,Invernadero,2024-12-05,107,1.73,66940,105,Goteo,Cascarilla,Cosecha,11245,85000,0.88,16.4,20.7,11.6,70.9,8.1,7.0,0.52,12.3,61.4,40,39,23.1,18.5,89.8,Medio,1,18.8,11.7,9.5,12,PED-01742,2025-03-15,2025-03-27,CLI-055,Retail,Canadá,Marketplace,1473,1473,0.552,0,Media,7,0,6136,4174,100.0,2701,Bajo,Alto,539.75,38.6,0.11,0.076
2025-04-17,FIN-04-L032,FIN-04,Rosa,Mondial,Invernadero,2025-01-23,84,1.76,64324,105,Goteo,Suelo,Vegetativo,11440,85000,0.88,15.7,19.9,10.8,66.5,18.8,0.9,0.58,12.1,54.0,39,38,21.5,12.7,67.9,Alto,1,8.8,16.0,12.1,1,PED-01743,2025-04-03,2025-04-21,CLI-011,Mayorista,Países Bajos,Contrato,4438,4438,0.453,5,Media,14,0,12344,8316,100.0,3878,Bajo,Alto,1006.98,35.2,0.165,-0.053
2025-07-09,FIN-04-L001,FIN-04,Rosa,Freedom,Invernadero,2025-03-12,119,1.19,63637,105,Microaspersión,Cascarilla,Cosecha,7735,85000,0.88,13.0,17.6,8.6,86.7,15.4,0.0,0.25,12.1,40.3,26,23,17.1,7.9,86.3,Bajo,1,15.1,2.4,8.2,12,PED-01744,2025-06-18,2025-07-11,CLI-120,Retail,Estados Unidos,Preventa,1935,1935,0.545,12,Baja,21,0,6370,4960,100.0,3025,Bajo,Alto,568.1,59.6,0.254,0.072
2025-08-16,FIN-03-L045,FIN-03,Clavel,Nelson,Invernadero,2025-05-14,94,1.26,78307,90,Goteo,Cascarilla,Cosecha,8190,105000,0.88,14.4,22.7,8.2,75.4,13.0,0.0,0.39,12.5,48.7,36,28,18.4,12.3,68.7,Medio,0,4.2,7.0,8.8,14,PED-01745,2025-08-09,2025-08-19,CLI-092,Exportador,Estados Unidos,Spot,7970,6899,0.278,0,Media,7,0,8286,6523,86.6,-1447,Alto,Bajo,1119.78,62.3,0.24,0.08
2025-05-19,FIN-03-L014,FIN-03,Gypsophila,Xlence,Invernadero,2025-04-19,30,0.39,96998,75,Microaspersión,Suelo,Botón,2535,78000,0.88,17.9,26.8,10.9,90.8,16.2,0.5,0.25,11.6,53.9,19,9,5.6,2.3,95.1,Alto,1,4.9,6.3,6.2,5,PED-01746,2025-04-19,2025-05-22,CLI-024,Retail,Colombia,Contrato,733,723,0.184,5,Media,30,0,1139,940,98.6,207,Bajo,Medio,52.72,74.4,0.325,0.194
2025-01-13,FIN-01-L028,FIN-01,Rosa,Explorer,Campo abierto,2024-09-24,111,0.28,69155,105,Goteo,Coco,Cosecha,1820,85000,0.88,18.7,27.6,12.6,55.6,16.3,0.0,0.91,12.2,59.0,16,5,3.1,2.3,78.5,Alto,1,12.2,0.5,8.5,9,PED-01747,2024-12-14,2025-01-17,CLI-028,Mayorista,Estados Unidos,Preventa,3663,1676,0.502,0,Media,30,0,2146,1721,45.8,-1942,Alto,Bajo,502.63,63.9,0.45,0.049
2025-06-29,FIN-03-L058,FIN-03,Rosa,Freedom,Invernadero,2025-02-25,124,0.89,60753,105,Microaspersión,Suelo,Cosecha,5785,85000,0.88,13.1,18.4,7.6,85.8,10.5,0.0,0.25,11.9,59.9,17,19,11.8,9.0,83.4,Medio,0,12.7,1.7,6.1,0,PED-01748,2025-06-08,2025-07-04,CLI-063,Exportador,Estados Unidos,Preventa,9863,2545,0.494,10,Media,21,1,2889,2323,25.8,-7540,Alto,Bajo,629.96,67.7,0.35,-0.052
2025-03-14,FIN-04-L059,FIN-04,Gypsophila,New Love,Invernadero,2025-01-31,42,0.78,91647,75,Microaspersión,Suelo,Reposo,5070,78000,0.88,16.7,23.0,12.6,60.7,8.2,4.4,0.72,11.6,74.5,32,17,8.9,5.6,85.9,Alto,1,17.3,6.4,10.3,11,PED-01749,2025-02-28,2025-03-16,CLI-065,Exportador,Canadá,Spot,8873,897,0.192,2,Baja,14,1,1435,1039,10.1,-7834,Alto,Bajo,92.56,46.0,0.344,-0.088
2025-05-01,FIN-02-L045,FIN-02,Rosa,Mondial,Invernadero,2025-01-19,102,0.52,63985,105,Goteo,Cascarilla,Cosecha,3380,85000,0.88,20.2,27.7,14.0,74.6,17.3,0.0,0.56,12.5,45.7,27,13,6.6,3.8,77.7,Medio,0,14.0,10.7,9.9,8,PED-01750,2025-04-10,2025-05-06,CLI-034,Retail,Países Bajos,Spot,4048,2353,0.499,0,Baja,21,1,3396,2389,58.1,-1659,Alto,Bajo,757.57,43.0,0.42,0.039
2025-06-22,FIN-02-L016,FIN-02,Clavel,Bizet,Invernadero,2025-03-09,105,1.49,79876,90,Microaspersión,Suelo,Cosecha,9685,105000,0.88,16.1,21.6,9.4,87.2,13.6,1.0,0.25,12.7,47.7,28,32,14.2,14.6,87.1,Medio,0,33.0,30.0,22.1,17,PED-01751,2025-06-15,2025-06-27,CLI-072,Broker,Países Bajos,Contrato,3710,1544,0.267,8,Alta,7,0,2975,1636,41.6,-2074,Alto,Bajo,189.5,0.0,0.216,0.07
2025-10-23,FIN-04-L026,FIN-04,Rosa,Mondial,Invernadero,2025-06-17,128,0.46,61195,105,Microaspersión,Cascarilla,Botón,2990,85000,0.88,17.2,24.6,10.8,81.8,14.3,0.9,0.34,12.0,28.6,26,9,5.8,4.3,100.0,Medio,1,18.6,4.5,9.2,3,PED-01752,2025-10-09,2025-10-24,CLI-110,Broker,Estados Unidos,Marketplace,7832,1923,0.397,2,Media,14,1,2690,2019,24.6,-5813,Alto,Bajo,396.8,52.9,0.304,0.079
2025-10-28,FIN-01-L029,FIN-01,Rosa,Explorer,Campo abierto,2025-07-01,119,0.38,79005,105,Goteo,Cascarilla,Botón,2470,85000,0.88,18.1,24.9,14.0,58.3,16.4,3.4,0.83,12.2,43.3,21,7,4.5,4.9,91.3,Alto,0,6.1,14.1,8.1,2,PED-01753,2025-10-07,2025-10-31,CLI-011,Exportador,Estados Unidos,Preventa,11025,1730,0.559,0,Baja,21,1,2586,1925,15.7,-9100,Alto,Bajo,609.21,56.1,0.42,0.13
2025-08-09,FIN-01-L015,FIN-01,Gypsophila,New Love,Invernadero,2025-06-16,54,1.03,91935,75,Microaspersión,Cascarilla,Cosecha,6695,78000,0.88,19.9,26.3,15.2,79.7,15.4,9.3,0.44,11.9,45.6,20,24,10.4,6.2,88.3,Medio,0,12.7,5.9,9.0,15,PED-01754,2025-07-26,2025-08-14,CLI-072,Supermercado,Estados Unidos,Preventa,2181,2181,0.208,5,Baja,14,0,4395,3357,100.0,1176,Bajo,Alto,211.96,56.5,0.205,0.081
2025-08-01,FIN-01-L031,FIN-01,Rosa,Explorer,Campo abierto,2025-04-27,96,0.22,60411,105,Microaspersión,Coco,Reposo,1430,85000,0.88,13.8,22.0,9.4,77.7,17.3,0.0,0.34,13.0,59.2,23,4,2.0,1.1,79.2,Medio,1,5.4,14.8,10.0,0,PED-01755,2025-07-18,2025-08-06,CLI-095,Mayorista,Estados Unidos,Contrato,5032,787,0.399,2,Media,14,0,1325,958,15.6,-4074,Alto,Bajo,164.81,49.0,0.304,0.081
2025-04-12,FIN-03-L004,FIN-03,Clavel,Bizet,Invernadero,2024-12-28,105,0.74,86913,90,Microaspersión,Suelo,Vegetativo,4810,105000,0.88,15.3,22.1,9.4,57.3,15.2,0.0,0.72,12.0,52.9,33,16,10.0,6.1,86.8,Medio,0,23.2,7.0,10.6,14,PED-01756,2025-03-29,2025-04-16,CLI-017,Exportador,Estados Unidos,Contrato,8530,2792,0.216,0,Media,14,1,3973,2718,32.7,-5812,Alto,Bajo,324.52,36.5,0.31,0.248
2025-03-15,FIN-02-L028,FIN-02,Rosa,Mondial,Invernadero,2024-12-30,75,0.65,63225,105,Microaspersión,Cascarilla,Botón,4225,85000,0.88,20.4,27.7,14.0,66.5,12.4,0.0,0.75,11.9,67.3,15,8,9.4,5.9,89.9,Medio,0,7.2,6.9,9.3,1,PED-01757,2025-02-22,2025-03-20,CLI-085,Broker,Colombia,Preventa,7589,1275,0.551,12,Alta,21,0,1953,1541,16.8,-6048,Alto,Bajo,390.93,62.5,0.344,0.03
2025-01-20,FIN-01-L047,FIN-01,Clavel,Nelson,Invernadero,2024-10-07,105,0.3,81008,90,Microaspersión,Cascarilla,Vegetativo,1950,105000,0.88,14.8,21.0,9.6,64.4,13.5,5.5,0.58,12.1,57.0,18,8,3.1,3.2,78.9,Medio,0,2.3,12.0,6.9,9,PED-01758,2025-01-06,2025-01-22,CLI-078,Mayorista,España,Contrato,2325,1204,0.262,10,Baja,14,0,1813,1407,51.8,-918,Alto,Bajo,134.8,64.0,0.32,0.028
2025-11-21,FIN-03-L057,FIN-03,Rosa,Freedom,Invernadero,2025-08-04,109,0.86,70873,105,Microaspersión,Cascarilla,Botón,5590,85000,0.88,19.4,26.8,14.0,79.7,15.1,0.0,0.43,12.3,46.7,30,19,9.0,11.1,84.6,Bajo,0,3.2,2.5,5.5,0,PED-01759,2025-11-14,2025-11-24,CLI-098,Supermercado,Estados Unidos,Contrato,3068,3068,0.359,2,Alta,7,1,5228,4487,100.0,1419,Bajo,Alto,565.08,81.4,0.104,0.052
2025-08-21,FIN-03-L005,FIN-03,Rosa,Mondial,Campo abierto,2025-05-10,103,0.61,70986,105,Microaspersión,Coco,Botón,3965,85000,0.88,13.9,21.9,8.7,69.9,13.7,1.6,0.46,11.6,65.7,22,12,6.6,6.9,94.5,Medio,1,1.6,16.0,9.6,13,PED-01760,2025-08-14,2025-08-24,CLI-019,Supermercado,Colombia,Contrato,3500,1904,0.473,8,Baja,7,1,3270,2463,54.4,-1037,Alto,Bajo,477.15,57.2,0.256,0.026
2025-01-03,FIN-02-L026,FIN-02,Rosa,Mondial,Invernadero,2024-10-08,87,1.12,69402,105,Goteo,Suelo,Cosecha,7280,85000,0.88,16.7,21.4,12.4,96.0,23.3,0.0,0.25,12.1,30.7,25,20,15.1,9.9,93.8,Medio,1,7.1,3.1,6.8,8,PED-01761,2024-12-20,2025-01-07,CLI-119,Exportador,Estados Unidos,Preventa,6811,6811,0.44,2,Baja,14,1,13769,11486,100.0,4675,Bajo,Alto,1708.87,74.6,0.214,0.103
2025-04-06,FIN-02-L035,FIN-02,Rosa,Freedom,Campo abierto,2024-12-09,118,0.52,57214,105,Goteo,Coco,Botón,3380,85000,0.88,16.4,21.4,11.7,62.3,15.8,0.3,0.68,11.9,40.1,26,10,9.0,5.6,87.8,Medio,0,1.3,3.1,4.5,5,PED-01762,2025-02-20,2025-04-07,CLI-073,Exportador,Estados Unidos,Preventa,8829,3661,0.44,12,Media,45,0,4232,3691,41.5,-5138,Alto,Bajo,730.77,86.0,0.45,-0.034
2025-10-27,FIN-04-L053,FIN-04,Rosa,Vendela,Invernadero,2025-07-16,103,1.05,66023,105,Microaspersión,Coco,Cosecha,6825,85000,0.88,14.9,21.0,10.8,56.0,8.5,0.0,0.72,12.3,81.6,21,18,12.9,12.0,84.1,Medio,1,18.9,22.4,14.7,16,PED-01763,2025-10-06,2025-10-28,CLI-002,Exportador,Colombia,Preventa,9645,1342,0.495,2,Alta,21,1,2333,1324,13.9,-8321,Alto,Bajo,427.05,10.1,0.374,-0.002
2025-10-22,FIN-01-L024,FIN-01,Rosa,Freedom,Invernadero,2025-08-20,63,1.53,65899,105,Goteo,Coco,Reposo,9945,85000,0.88,20.2,25.8,13.8,68.9,16.0,3.7,0.69,12.2,50.3,23,34,21.1,18.7,88.4,Bajo,0,8.5,30.0,16.7,8,PED-01764,2025-10-15,2025-10-24,CLI-093,Supermercado,Estados Unidos,Preventa,4069,1823,0.449,2,Media,7,0,3087,1746,44.8,-2323,Alto,Bajo,455.04,10.1,0.234,0.124
2025-01-12,FIN-02-L005,FIN-02,Rosa,Explorer,Invernadero,2024-10-04,100,1.63,70697,105,Goteo,Cascarilla,Botón,10595,85000,0.88,14.5,19.4,9.8,70.9,14.0,0.4,0.46,12.5,60.2,31,28,19.1,19.2,80.4,Medio,1,11.6,4.8,8.2,0,PED-01765,2025-01-05,2025-01-17,CLI-016,Exportador,Estados Unidos,Preventa,9656,7804,0.444,5,Media,7,0,10870,8419,80.8,-1237,Medio,Bajo,1694.5,59.4,0.095,-0.116
2025-05-01,FIN-03-L052,FIN-03,Rosa,Vendela,Invernadero,2025-01-19,102,0.33,70095,105,Microaspersión,Suelo,Botón,2145,85000,0.88,18.5,27.1,14.2,70.7,18.6,9.0,0.6,12.6,46.2,20,7,3.8,2.8,90.2,Bajo,1,19.2,11.7,11.0,16,PED-01766,2025-04-24,2025-05-04,CLI-098,Mayorista,España,Spot,15874,1121,0.479,0,Media,7,0,1885,1267,7.1,-14607,Alto,Bajo,349.59,35.0,0.24,0.197
2025-07-24,FIN-03-L048,FIN-03,Rosa,Freedom,Invernadero,2025-04-17,98,0.42,63157,105,Microaspersión,Suelo,Cosecha,2730,85000,0.88,16.8,21.9,11.9,74.9,10.9,0.0,0.46,12.7,56.9,11,8,5.9,3.9,73.7,Medio,1,17.8,2.1,8.2,6,PED-01767,2025-06-24,2025-07-28,CLI-075,Mayorista,Chile,Contrato,3592,1425,0.465,0,Alta,30,1,2194,1650,39.7,-1942,Alto,Bajo,417.85,53.1,0.45,0.072
2025-03-30,FIN-04-L041,FIN-04,Gypsophila,New Love,Invernadero,2025-01-11,78,1.73,101730,75,Goteo,Coco,Cosecha,11245,78000,0.88,16.7,24.1,12.7,70.9,13.4,0.0,0.53,11.5,45.5,36,33,25.7,11.2,91.3,Medio,1,5.3,16.0,9.2,15,PED-01768,2025-03-09,2025-03-31,CLI-070,Supermercado,Canadá,Spot,2522,2522,0.21,0,Baja,21,0,8860,6465,100.0,3943,Bajo,Alto,279.98,52.1,0.29,-0.035
2025-05-16,FIN-03-L046,FIN-03,Clavel,Bizet,Invernadero,2025-02-20,85,0.8,75551,90,Goteo,Suelo,Botón,5200,105000,0.88,16.8,24.3,11.2,90.3,12.5,0.0,0.25,12.0,77.2,35,17,8.4,6.9,76.3,Bajo,1,11.5,9.4,10.8,12,PED-01769,2025-05-09,2025-05-18,CLI-046,Exportador,Estados Unidos,Preventa,5552,3108,0.287,0,Media,7,0,5112,3700,56.0,-1852,Alto,Bajo,584.05,46.2,0.24,-0.048
2025-02-20,FIN-04-L055,FIN-04,Rosa,Vendela,Invernadero,2024-10-24,119,1.13,61821,105,Microaspersión,Coco,Reposo,7344,85000,0.88,15.4,22.5,10.2,47.9,13.1,0.0,0.88,11.9,43.7,38,22,10.3,8.1,80.2,Medio,0,13.4,8.8,8.1,2,PED-01770,2025-02-06,2025-02-23,CLI-098,Supermercado,Canadá,Preventa,2703,2703,0.565,0,Media,14,1,6194,4534,100.0,1831,Bajo,Alto,1061.44,51.1,0.18,0.191
2025-05-22,FIN-02-L053,FIN-02,Rosa,Mondial,Invernadero,2025-01-31,111,1.29,58419,105,Goteo,Cascarilla,Reposo,8385,85000,0.88,16.8,22.0,12.5,55.8,17.6,0.9,0.82,12.1,47.2,28,26,13.7,6.7,84.9,Medio,1,2.3,13.7,9.4,12,PED-01771,2025-05-15,2025-05-25,CLI-047,Mayorista,Estados Unidos,Preventa,7552,7552,0.397,12,Alta,7,0,11173,8479,100.0,927,Bajo,Bajo,1267.98,57.7,0.074,0.172
2025-12-29,FIN-02-L044,FIN-02,Clavel,Bizet,Campo abierto,2025-09-28,92,1.3,82506,90,Goteo,Cascarilla,Cosecha,8450,105000,0.88,16.0,21.3,9.3,57.6,21.6,3.7,0.75,12.1,45.5,24,18,17.9,12.0,84.9,Medio,0,19.3,1.8,7.8,15,PED-01772,2025-11-14,2025-12-30,CLI-043,Exportador,España,Preventa,7564,7564,0.315,5,Baja,45,1,19295,14635,100.0,7071,Bajo,Alto,1471.55,55.1,0.45,-0.138
2025-06-01,FIN-03-L034,FIN-03,Rosa,Vendela,Invernadero,2025-01-04,148,0.73,62067,105,Goteo,Cascarilla,Cosecha,4745,85000,0.88,14.1,22.9,8.1,61.2,18.1,2.3,0.6,12.2,27.0,33,14,11.3,6.6,70.5,Medio,0,24.4,4.8,9.8,6,PED-01773,2025-05-18,2025-06-05,CLI-101,Retail,España,Spot,1041,1041,0.394,0,Media,14,0,2700,1840,100.0,799,Bajo,Alto,227.94,35.7,0.18,-0.01
2025-08-20,FIN-03-L010,FIN-03,Gypsophila,Xlence,Invernadero,2025-06-01,80,0.49,96132,75,Microaspersión,Suelo,Vegetativo,3185,78000,0.88,17.6,25.0,11.7,73.4,17.3,1.6,0.51,12.9,44.6,32,7,5.0,5.3,83.6,Medio,1,8.9,16.9,11.3,10,PED-01774,2025-08-06,2025-08-21,CLI-106,Supermercado,Estados Unidos,Marketplace,2198,2198,0.156,12,Baja,14,0,3615,2475,100.0,277,Bajo,Bajo,122.32,39.4,0.184,0.026
2025-10-30,FIN-03-L021,FIN-03,Gypsophila,New Love,Invernadero,2025-09-12,48,0.37,104020,75,Goteo,Cascarilla,Botón,2405,78000,0.88,18.1,26.3,14.0,93.2,16.0,1.7,0.25,12.2,52.7,23,6,4.5,3.5,83.8,Medio,0,13.4,10.5,9.2,13,PED-01775,2025-10-23,2025-10-31,CLI-048,Mayorista,Estados Unidos,Spot,2155,1042,0.237,0,Media,7,0,1451,1041,48.4,-1114,Alto,Bajo,152.07,47.1,0.24,0.108
2025-06-07,FIN-03-L030,FIN-03,Clavel,Dover,Invernadero,2025-02-25,102,1.08,85436,90,Microaspersión,Cascarilla,Botón,7020,105000,0.88,14.7,19.3,8.5,82.9,16.6,0.0,0.28,12.4,26.0,33,21,11.0,8.5,75.2,Bajo,1,30.3,9.5,15.4,6,PED-01776,2025-05-17,2025-06-11,CLI-067,Exportador,España,Preventa,7329,2912,0.282,12,Media,21,1,4847,2863,39.7,-4466,Alto,Bajo,365.16,9.8,0.344,0.003
2025-10-23,FIN-02-L046,FIN-02,Rosa,Freedom,Invernadero,2025-06-24,121,1.77,73450,105,Goteo,Suelo,Cosecha,11505,85000,0.88,16.5,24.8,10.4,66.8,8.9,3.2,0.6,12.5,80.4,33,38,18.4,23.7,79.5,Alto,0,24.0,3.6,13.5,16,PED-01777,2025-10-02,2025-10-24,CLI-029,Exportador,Estados Unidos,Spot,11492,4027,0.475,2,Media,21,1,5513,3791,35.0,-7701,Alto,Bajo,1087.13,32.5,0.374,-0.053
2025-08-01,FIN-03-L042,FIN-03,Rosa,Explorer,Campo abierto,2025-03-28,126,1.2,68676,105,Microaspersión,Coco,Botón,7800,85000,0.88,16.4,25.2,10.6,69.4,7.0,2.4,0.55,12.2,71.8,20,27,17.6,13.5,83.8,Alto,1,3.2,5.6,8.9,0,PED-01778,2025-07-02,2025-08-06,CLI-102,Broker,Estados Unidos,Marketplace,9757,3662,0.529,2,Baja,30,1,4215,3452,37.5,-6305,Alto,Bajo,1201.55,69.4,0.45,0.176
2025-02-18,FIN-01-L057,FIN-01,Rosa,Explorer,Invernadero,2024-12-01,79,0.45,67212,105,Goteo,Coco,Cosecha,2925,85000,0.88,15.3,20.5,9.0,56.4,19.0,0.0,0.73,12.4,32.8,21,6,5.5,3.3,90.1,Medio,1,24.3,13.1,14.3,13,PED-01779,2025-01-28,2025-02-21,CLI-072,Exportador,Países Bajos,Contrato,8405,1457,0.503,0,Alta,21,0,2136,1318,17.3,-7087,Alto,Bajo,477.03,18.8,0.38,0.23
2025-09-07,FIN-03-L021,FIN-03,Clavel,Dover,Invernadero,2025-04-23,137,1.49,76723,90,Microaspersión,Cascarilla,Vegetativo,9685,105000,0.88,14.3,20.3,8.7,79.3,18.0,6.2,0.33,12.3,50.0,19,22,17.2,13.6,95.1,Alto,1,21.1,5.2,11.8,9,PED-01780,2025-08-31,2025-09-09,CLI-012,Exportador,Estados Unidos,Preventa,2181,2181,0.267,10,Alta,7,0,5429,3880,100.0,1699,Bajo,Alto,292.81,41.7,0.08,0.019
2025-12-19,FIN-02-L034,FIN-02,Gypsophila,Million Star,Campo abierto,2025-09-30,80,1.36,96373,75,Goteo,Cascarilla,Botón,8840,78000,0.88,18.7,23.7,13.5,67.8,11.3,2.6,0.66,11.5,64.6,33,30,14.8,14.2,97.8,Medio,0,16.1,16.7,11.4,6,PED-01781,2025-11-19,2025-12-21,CLI-022,Exportador,Países Bajos,Contrato,8928,3646,0.248,8,Media,30,0,5430,3567,40.8,-5361,Alto,Bajo,469.2,32.9,0.446,0.073
2025-01-31,FIN-03-L047,FIN-03,Clavel,Bizet,Invernadero,2024-10-27,96,0.6,81991,90,Goteo,Suelo,Vegetativo,3900,105000,0.88,15.2,20.3,9.5,88.1,11.9,4.9,0.25,12.7,73.1,34,12,5.6,5.4,83.1,Alto,0,12.7,5.2,6.3,8,PED-01782,2024-12-17,2025-02-04,CLI-047,Exportador,España,Spot,6860,2442,0.245,8,Alta,45,1,3986,3089,35.6,-3771,Alto,Bajo,268.6,62.0,0.45,0.018
2025-08-28,FIN-04-L034,FIN-04,Clavel,Nelson,Campo abierto,2025-06-05,84,0.99,85008,90,Goteo,Coco,Botón,6435,105000,0.88,15.1,21.9,10.4,60.5,16.4,0.0,0.66,12.0,38.4,28,13,12.4,11.7,82.9,Medio,1,35.0,15.9,17.4,9,PED-01783,2025-07-14,2025-08-30,CLI-030,Exportador,Estados Unidos,Preventa,7933,2563,0.206,2,Media,45,1,4351,2393,32.3,-5540,Alto,Bajo,214.26,0.0,0.45,0.018
2025-01-10,FIN-02-L016,FIN-02,Rosa,Mondial,Invernadero,2024-09-26,106,1.19,59747,105,Microaspersión,Cascarilla,Vegetativo,7735,85000,0.88,17.5,24.6,10.7,56.7,17.7,0.0,0.83,11.9,38.1,22,21,17.4,15.1,97.8,Medio,1,19.1,16.5,14.4,6,PED-01784,2024-12-11,2025-01-15,CLI-077,Mayorista,España,Preventa,6024,4378,0.526,10,Alta,30,1,7684,4830,72.7,-1194,Alto,Bajo,1212.62,22.7,0.44,-0.064
2025-04-24,FIN-03-L038,FIN-03,Rosa,Mondial,Campo abierto,2025-01-23,91,0.6,76692,105,Goteo,Coco,Cosecha,3900,85000,0.88,19.1,24.4,12.4,74.9,11.0,6.3,0.53,12.0,57.2,42,13,7.5,6.8,86.1,Alto,1,24.9,6.6,13.4,10,PED-01785,2025-04-03,2025-04-27,CLI-026,Broker,Estados Unidos,Preventa,4685,1410,0.509,2,Media,21,0,2096,1394,30.1,-3291,Alto,Bajo,412.52,28.6,0.374,0.169
2025-07-08,FIN-02-L026,FIN-02,Rosa,Freedom,Invernadero,2025-03-10,120,0.98,58156,105,Microaspersión,Suelo,Cosecha,6370,85000,0.88,15.6,20.0,9.0,78.6,16.7,0.4,0.37,12.3,46.9,40,22,13.7,10.4,86.7,Medio,1,27.3,20.5,15.1,9,PED-01786,2025-06-08,2025-07-12,CLI-020,Exportador,Colombia,Marketplace,11258,1994,0.56,5,Baja,30,1,3415,1878,17.7,-9380,Alto,Bajo,736.93,1.0,0.45,0.145
2025-09-02,FIN-01-L023,FIN-01,Gypsophila,New Love,Invernadero,2025-07-27,37,1.31,99527,75,Goteo,Suelo,Vegetativo,8515,78000,0.88,13.7,20.0,9.4,76.5,10.9,5.0,0.35,12.7,73.0,27,26,18.6,12.6,92.0,Medio,1,22.2,13.0,12.2,9,PED-01787,2025-08-19,2025-09-06,CLI-110,Exportador,Países Bajos,Preventa,4831,1049,0.234,0,Baja,14,0,1704,1092,21.7,-3739,Alto,Bajo,146.67,26.8,0.35,0.006
2025-02-27,FIN-02-L044,FIN-02,Rosa,Vendela,Invernadero,2024-11-22,97,0.8,59764,105,Goteo,Coco,Botón,5200,85000,0.88,17.7,23.2,12.1,67.8,13.5,0.0,0.63,12.2,58.1,32,14,10.8,5.9,81.7,Medio,1,16.5,4.8,9.3,12,PED-01788,2025-02-13,2025-03-03,CLI-114,Retail,Estados Unidos,Preventa,483,483,0.461,0,Alta,14,1,4686,3477,100.0,2994,Bajo,Alto,126.72,50.6,0.18,-0.052
2025-05-04,FIN-02-L041,FIN-02,Rosa,Vendela,Invernadero,2024-12-31,124,0.99,67816,105,Microaspersión,Cascarilla,Botón,6435,85000,0.88,17.6,23.4,10.9,68.1,22.0,0.9,0.62,12.4,16.6,14,19,13.1,7.5,90.0,Bajo,1,22.1,15.4,12.9,4,PED-01789,2025-04-20,2025-05-09,CLI-089,Mayorista,Chile,Contrato,11918,3068,0.401,0,Media,14,0,5388,3327,25.7,-8591,Alto,Bajo,631.53,21.4,0.31,-0.041
2025-05-21,FIN-01-L049,FIN-01,Rosa,Freedom,Invernadero,2025-01-16,125,0.58,72250,105,Goteo,Cascarilla,Reposo,3769,85000,0.88,18.5,26.7,13.3,59.1,21.6,0.6,0.83,12.4,30.2,29,11,8.3,5.2,95.7,Medio,1,6.7,24.1,12.3,13,PED-01790,2025-05-07,2025-05-24,CLI-079,Retail,Estados Unidos,Spot,309,309,0.432,0,Alta,14,0,3479,2256,100.0,1947,Bajo,Alto,74.94,32.6,0.18,0.042
2025-12-05,FIN-01-L056,FIN-01,Rosa,Explorer,Invernadero,2025-09-12,84,0.62,70232,105,Microaspersión,Coco,Botón,4030,85000,0.88,12.4,17.1,6.7,72.6,17.7,1.3,0.37,12.3,46.7,21,15,7.7,8.7,97.7,Alto,1,19.3,7.5,10.3,6,PED-01791,2025-11-21,2025-12-08,CLI-055,Retail,Países Bajos,Marketplace,2410,2008,0.497,8,Alta,14,0,3210,2297,83.3,-113,Medio,Bajo,558.24,44.5,0.156,0.193
2025-07-05,FIN-01-L051,FIN-01,Clavel,Dover,Campo abierto,2025-03-27,100,0.95,68763,90,Microaspersión,Coco,Cosecha,6175,105000,0.88,19.4,27.2,12.5,78.2,12.5,2.1,0.47,12.3,64.6,24,15,12.9,5.6,78.5,Alto,1,2.0,9.9,8.6,12,PED-01792,2025-06-05,2025-07-07,CLI-059,Retail,Países Bajos,Spot,1160,1160,0.279,10,Alta,30,0,5704,4494,100.0,3334,Bajo,Alto,148.5,63.9,0.31,-0.122
2025-02-02,FIN-02-L017,FIN-02,Gypsophila,Million Star,Invernadero,2024-12-07,57,0.22,94727,75,Goteo,Suelo,Vegetativo,1430,78000,0.88,17.9,24.5,12.6,80.7,13.3,3.4,0.38,11.5,41.4,23,4,3.0,2.6,73.3,Medio,1,10.8,1.2,7.1,3,PED-01793,2025-01-12,2025-02-06,CLI-068,Retail,Estados Unidos,Spot,1732,771,0.223,0,Media,21,1,1092,879,44.5,-853,Alto,Bajo,100.09,66.5,0.38,0.202
2025-09-02,FIN-02-L020,FIN-02,Rosa,Freedom,Invernadero,2025-05-05,120,0.18,59071,105,Microaspersión,Cascarilla,Cosecha,1170,85000,0.88,13.7,18.7,7.3,74.0,15.6,0.0,0.39,12.1,54.5,22,4,2.1,1.5,77.3,Bajo,1,22.4,10.9,11.4,16,PED-01794,2025-08-19,2025-09-06,CLI-069,Retail,Estados Unidos,Contrato,2075,556,0.44,0,Alta,14,0,795,512,26.8,-1563,Alto,Bajo,148.82,27.7,0.31,0.087
2025-01-10,FIN-04-L031,FIN-04,Rosa,Explorer,Invernadero,2024-09-07,125,1.73,63673,105,Goteo,Coco,Cosecha,11245,85000,0.88,14.4,22.0,9.3,75.6,14.1,0.1,0.39,12.4,55.1,32,38,20.3,11.3,93.5,Medio,1,2.5,7.5,8.1,0,PED-01795,2024-12-27,2025-01-12,CLI-080,Mayorista,Países Bajos,Spot,6534,6534,0.467,0,Media,14,1,9514,7811,100.0,1277,Bajo,Medio,1969.34,71.6,0.18,-0.085
2025-12-08,FIN-01-L043,FIN-01,Rosa,Freedom,Invernadero,2025-07-08,153,1.7,66074,105,Goteo,Coco,Vegetativo,11050,85000,0.88,15.8,21.9,9.0,72.5,21.0,7.1,0.48,11.9,30.6,25,43,14.0,13.3,77.0,Medio,1,2.1,3.6,10.3,5,PED-01796,2025-11-08,2025-12-12,CLI-064,Retail,Países Bajos,Preventa,3109,3109,0.546,8,Media,30,0,8871,7357,100.0,4248,Bajo,Alto,1033.69,69.3,0.316,-0.004
2025-10-10,FIN-03-L022,FIN-03,Rosa,Mondial,Invernadero,2025-07-11,91,0.45,56381,105,Goteo,Suelo,Vegetativo,2925,85000,0.88,14.0,21.7,9.5,73.4,17.8,0.0,0.41,12.2,51.9,27,7,6.0,5.4,77.1,Medio,1,3.0,29.9,12.7,17,PED-01797,2025-09-19,2025-10-12,CLI-040,Exportador,Estados Unidos,Contrato,8349,936,0.441,5,Media,21,0,2031,1226,11.2,-7123,Alto,Bajo,218.27,23.6,0.365,-0.008
2025-04-18,FIN-04-L026,FIN-04,Clavel,Dover,Campo abierto,2025-01-31,77,0.77,69969,90,Microaspersión,Cascarilla,Cosecha,5005,105000,0.88,16.3,24.0,9.3,71.0,17.9,3.8,0.52,12.0,16.3,19,15,9.9,7.6,91.4,Bajo,0,5.0,0.8,6.1,2,PED-01798,2025-04-11,2025-04-21,CLI-059,Broker,Estados Unidos,Preventa,4605,4605,0.251,5,Media,7,0,9278,8031,100.0,3426,Bajo,Alto,536.31,81.8,0.095,-0.061
2025-09-27,FIN-01-L039,FIN-01,Gypsophila,Xlence,Invernadero,2025-08-18,40,1.15,96651,75,Microaspersión,Suelo,Cosecha,7474,78000,0.88,18.6,23.9,14.2,56.9,17.0,5.8,0.88,11.6,54.2,18,17,13.1,6.9,83.8,Bajo,1,0.7,29.3,12.9,15,PED-01799,2025-09-13,2025-09-29,CLI-102,Mayorista,Canadá,Contrato,3493,1592,0.237,8,Media,14,0,2678,1683,45.6,-1810,Alto,Bajo,210.3,28.9,0.286,-0.021
2025-04-04,FIN-04-L011,FIN-04,Rosa,Vendela,Invernadero,2024-11-23,132,1.52,61781,105,Goteo,Cascarilla,Cosecha,9880,85000,0.88,16.1,22.4,10.5,52.6,20.9,4.0,0.84,11.6,45.1,30,40,17.2,14.2,88.4,Medio,0,16.6,2.5,11.7,10,PED-01800,2025-03-21,2025-04-07,CLI-033,Mayorista,Estados Unidos,Spot,5858,5858,0.423,0,Media,14,1,10495,7944,100.0,2086,Bajo,Alto,1381.05,50.5,0.18,-0.087
